[0mGET /Inicio [36m304[0m 11.866 ms - -[0m
[0mGET / [36m304[0m 415.951 ms - -[0m
[0mGET /css/bootstrap/bootstrap.min.css [36m304[0m 5.334 ms - -[0m
[0mGET /css/login/font-awesome.min.css [36m304[0m 4.234 ms - -[0m
[0mGET /css/login/styleLogin.css [36m304[0m 3.932 ms - -[0m
[0mGET /css/login/style.css [36m304[0m 3.640 ms - -[0m
[0mGET /css/login/style2.css [36m304[0m 3.330 ms - -[0m
[0mGET /js/login.js [36m304[0m 3.863 ms - -[0m
[0mGET /logo.png [36m304[0m 1.036 ms - -[0m
[0mGET /manifest.json [36m304[0m 0.899 ms - -[0m
[0mGET /Inicio [36m304[0m 3.321 ms - -[0m
[0mGET / [36m304[0m 59.586 ms - -[0m
[0mGET /css/bootstrap/bootstrap.min.css [36m304[0m 2.317 ms - -[0m
[0mGET /css/login/font-awesome.min.css [36m304[0m 6.978 ms - -[0m
[0mGET /css/login/styleLogin.css [36m304[0m 5.644 ms - -[0m
[0mGET /logo.png [36m304[0m 6.002 ms - -[0m
[0mGET /css/login/style.css [36m304[0m 5.479 ms - -[0m
[0mGET /css/login/style2.css [36m304[0m 4.957 ms - -[0m
[0mGET /js/login.js [36m304[0m 5.515 ms - -[0m
[0mGET /manifest.json [36m304[0m 1.361 ms - -[0m
[0mGET / [32m200[0m 57.456 ms - 2234[0m
[0mGET /css/login/font-awesome.min.css [32m200[0m 19.769 ms - 17783[0m
[0mGET /css/login/style.css [32m200[0m 12.833 ms - 3865[0m
[0mGET /css/login/styleLogin.css [32m200[0m 13.450 ms - 5711[0m
[0mGET /css/login/style2.css [32m200[0m 10.788 ms - 401[0m
[0mGET /logo.png [32m200[0m 11.991 ms - 13613[0m
[0mGET /css/bootstrap/bootstrap.min.css [32m200[0m 21.360 ms - 153182[0m
[0mGET /js/login.js [32m200[0m 6.363 ms - 93[0m
[0mGET /favicon.ico [32m200[0m 17.300 ms - 111439[0m
[ '50191', '12345678' ]
[0mPOST /login [36m302[0m 105.363 ms - 74[0m
[0mGET /inicio?lang=es [32m200[0m 107.854 ms - 3935[0m
[ '50191', '12345678' ]
[0mPOST /login [36m302[0m 30.617 ms - 74[0m
[0mGET /inicio?lang=es [36m304[0m 71.768 ms - -[0m
[0mGET /css/datatables/dataTables.css [32m200[0m 82.607 ms - 22646[0m
[0mGET /css/datatables/responsive.dataTables.min.css [32m200[0m 78.729 ms - 3929[0m
[0mGET /css/inicio.css [32m200[0m 87.563 ms - 7888[0m
[0mGET /css/sidebar/style.css [32m200[0m 93.220 ms - 2990[0m
[0mGET /css/datetime/tempusdominus-bootstrap-4.min.css [32m200[0m 96.528 ms - 9151[0m
[0mGET /css/reports.css [32m200[0m 112.348 ms - 3453[0m
[0mGET /css/keyboard/index.css [32m200[0m 44.268 ms - 2355[0m
[0mGET /css/bootstrap/bootstrap.min.css [36m304[0m 26.265 ms - -[0m
[0mGET /css/production/production.css [32m200[0m 39.935 ms - 3925[0m
[0mGET /logo.png [36m304[0m 32.923 ms - -[0m
[0mGET /js/bootstrap/jquery/popper.min.js [32m200[0m 57.882 ms - 20973[0m
[0mGET /js/calendar/lib/locale/es.js [32m200[0m 59.470 ms - 3753[0m
[0mGET /js/jquery/jquery-3.3.1.min.js [32m200[0m 82.122 ms - 86927[0m
[0mGET /js/calendar/lib/locale/ja.js [32m200[0m 68.108 ms - 2951[0m
[0mGET /js/calendar/lib/moment.min.js [32m200[0m 78.063 ms - 51654[0m
[0mGET /js/bootstrap/bootstrap.min.js [32m200[0m 88.276 ms - 55775[0m
[0mGET /js/datatables/dataTables.responsive.min.js [32m200[0m 22.059 ms - 13031[0m
[0mGET /js/datatables/dataTables.min.js [32m200[0m 105.964 ms - 129610[0m
[0mGET /js/datetime/tempusdominus-bootstrap-4.min.js [32m200[0m 53.674 ms - 55795[0m
[0mGET /js/datatables/buttons/buttons.html5.min.js [32m200[0m 51.313 ms - 24764[0m
[0mGET /js/validation/bootstrap-notify.min.js [32m200[0m 47.812 ms - 8976[0m
[0mGET /js/datatables/pdfmake/vfs_fonts.js [32m200[0m 52.510 ms - 926228[0m
[0mGET /js/datatables/jszip/jszip.min.js [32m200[0m 112.367 ms - 102328[0m
[0mGET /js/production.js [32m200[0m 28.779 ms - 5648[0m
[0mGET /js/production/cropme.js [32m200[0m 52.546 ms - 39360[0m
[ { name: 'Admin' } ]
[0mGET /config/reports?lang=es [32m200[0m 199.885 ms - 12725[0m
[0mGET /css/production/operators.css [32m200[0m 26.562 ms - 226[0m
[0mGET /js/production/reports.js [32m200[0m 46.482 ms - 14278[0m
[0mGET /js/jquery/jquery.form.min.js [32m200[0m 31.906 ms - 14900[0m
[0mGET /js/production/photos.js [32m200[0m 30.858 ms - 1278[0m
[0mGET /images/process/team2.png [32m200[0m 43.210 ms - 27625[0m
[0mGET /images/process/report2.png [32m200[0m 44.095 ms - 39804[0m
[0mGET /js/datatables/languaje/Spanish.json [32m200[0m 23.146 ms - 884[0m
[0mGET /css/datatables/DataTables-1.10.18/images/sort_both.png [32m200[0m 52.769 ms - 201[0m
[0mGET /tables/reports?&_=1701199556282 [32m200[0m 29.696 ms - 2[0m
[0mGET /css/datatables/DataTables-1.10.18/images/sort_asc.png [32m200[0m 37.866 ms - 160[0m
[0mPOST /config/report [32m200[0m 3.708 ms - 163[0m
[0mGET /inicio?lang=es [32m200[0m 2.910 ms - 163[0m
[0mGET /favicon.ico [36m304[0m 1.982 ms - -[0m
[0mGET / [36m304[0m 41.076 ms - -[0m
[0mGET /css/bootstrap/bootstrap.min.css [36m304[0m 9.578 ms - -[0m
[0mGET /css/login/font-awesome.min.css [36m304[0m 4.860 ms - -[0m
[0mGET /css/login/styleLogin.css [36m304[0m 16.183 ms - -[0m
[0mGET /css/login/style.css [36m304[0m 15.827 ms - -[0m
[0mGET /css/login/style2.css [36m304[0m 10.725 ms - -[0m
[0mGET /logo.png [36m304[0m 9.217 ms - -[0m
[0mGET /js/login.js [36m304[0m 12.627 ms - -[0m
[ '50191', '12345678' ]
[0mPOST /login [36m302[0m 13.811 ms - 74[0m
[0mGET /inicio?lang=es [32m200[0m 64.381 ms - 3935[0m
[0mGET /css/datatables/dataTables.css [36m304[0m 75.862 ms - -[0m
[0mGET /css/datatables/responsive.dataTables.min.css [36m304[0m 69.313 ms - -[0m
[0mGET /css/bootstrap/bootstrap.min.css [36m304[0m 68.522 ms - -[0m
[0mGET /css/sidebar/style.css [36m304[0m 67.993 ms - -[0m
[0mGET /css/datetime/tempusdominus-bootstrap-4.min.css [36m304[0m 71.640 ms - -[0m
[0mGET /css/inicio.css [36m304[0m 75.062 ms - -[0m
[0mGET /css/reports.css [36m304[0m 28.674 ms - -[0m
[0mGET /css/keyboard/index.css [36m304[0m 40.965 ms - -[0m
[0mGET /css/production/production.css [36m304[0m 40.777 ms - -[0m
[0mGET /logo.png [36m304[0m 50.245 ms - -[0m
[0mGET /js/jquery/jquery-3.3.1.min.js [36m304[0m 52.745 ms - -[0m
[0mGET /js/bootstrap/jquery/popper.min.js [36m304[0m 51.706 ms - -[0m
[0mGET /js/bootstrap/bootstrap.min.js [36m304[0m 30.547 ms - -[0m
[0mGET /js/calendar/lib/moment.min.js [36m304[0m 47.865 ms - -[0m
[0mGET /js/calendar/lib/locale/es.js [36m304[0m 47.712 ms - -[0m
[0mGET /js/calendar/lib/locale/ja.js [36m304[0m 47.030 ms - -[0m
[0mGET /js/datatables/dataTables.min.js [36m304[0m 45.897 ms - -[0m
[0mGET /js/datatables/dataTables.responsive.min.js [36m304[0m 45.712 ms - -[0m
[0mGET /js/datetime/tempusdominus-bootstrap-4.min.js [36m304[0m 48.763 ms - -[0m
[0mGET /js/datatables/jszip/jszip.min.js [36m304[0m 36.001 ms - -[0m
[0mGET /js/datatables/pdfmake/vfs_fonts.js [36m304[0m 42.111 ms - -[0m
[0mGET /js/datatables/buttons/buttons.html5.min.js [36m304[0m 33.229 ms - -[0m
[0mGET /js/validation/bootstrap-notify.min.js [36m304[0m 32.070 ms - -[0m
[0mGET /js/production/cropme.js [36m304[0m 37.208 ms - -[0m
[0mGET /js/production.js [36m304[0m 24.786 ms - -[0m
[ { name: 'Admin' } ]
[0mGET /config/reports?lang=es [36m304[0m 140.717 ms - -[0m
[0mGET /images/process/report2.png [36m304[0m 33.553 ms - -[0m
[0mGET /images/process/team2.png [36m304[0m 32.856 ms - -[0m
[0mGET /css/production/operators.css [36m304[0m 31.245 ms - -[0m
[0mGET /js/production/reports.js [36m304[0m 28.043 ms - -[0m
[0mGET /js/jquery/jquery.form.min.js [36m304[0m 13.947 ms - -[0m
[0mGET /js/production/photos.js [36m304[0m 29.121 ms - -[0m
[0mGET /js/datatables/languaje/Spanish.json [36m304[0m 10.932 ms - -[0m
[0mGET /css/datatables/DataTables-1.10.18/images/sort_both.png [36m304[0m 9.836 ms - -[0m
[0mGET /css/datatables/DataTables-1.10.18/images/sort_asc.png [36m304[0m 24.584 ms - -[0m
[0mGET /tables/reports?&_=1701199972583 [32m200[0m 27.732 ms - 2[0m
[Object: null prototype] {
  report: 'C10-P1-001-1P22',
  auditoria: 'IATF 16949',
  proceso: 'C10',
  planta: '1',
  titulo: 'Ncm C10 El formato Supplier Selection Sheet',
  hallazgo: 'NCM',
  fecha: '2023-11-28',
  fechaC: '2023-11-30',
  usuario: [ 'aca', 'aca', 'aca' ]
}
[0mPOST /config/report [32m200[0m 25.466 ms - 67[0m
[0mGET /inicio?lang=es [32m200[0m 16.813 ms - 163[0m
[0mGET /favicon.ico [36m304[0m 5.429 ms - -[0m
[0mGET / [36m304[0m 1915.920 ms - -[0m
[0mGET / [0m-[0m - ms - -[0m
[0mGET / [32m200[0m 32.827 ms - 2234[0m
[0mGET /css/bootstrap/bootstrap.min.css [36m304[0m 1.200 ms - -[0m
[0mGET /css/login/font-awesome.min.css [36m304[0m 1.603 ms - -[0m
[0mGET /css/login/styleLogin.css [36m304[0m 5.661 ms - -[0m
[0mGET /css/login/style.css [36m304[0m 4.126 ms - -[0m
[0mGET /css/login/style2.css [36m304[0m 3.161 ms - -[0m
[0mGET /js/login.js [36m304[0m 3.967 ms - -[0m
[0mGET /logo.png [36m304[0m 3.576 ms - -[0m
[ '50191', '12345678' ]
[0mPOST /login [36m302[0m 68.445 ms - 74[0m
[0mGET /inicio?lang=es [32m200[0m 107.612 ms - 3935[0m
[0mGET /css/datatables/dataTables.css [36m304[0m 25.417 ms - -[0m
[0mGET /css/bootstrap/bootstrap.min.css [36m304[0m 58.472 ms - -[0m
[0mGET /css/datatables/responsive.dataTables.min.css [36m304[0m 59.055 ms - -[0m
[0mGET /css/sidebar/style.css [36m304[0m 65.039 ms - -[0m
[0mGET /css/inicio.css [36m304[0m 64.857 ms - -[0m
[0mGET /css/datetime/tempusdominus-bootstrap-4.min.css [36m304[0m 69.315 ms - -[0m
[0mGET /css/reports.css [36m304[0m 57.514 ms - -[0m
[0mGET /css/production/production.css [36m304[0m 40.050 ms - -[0m
[0mGET /css/keyboard/index.css [36m304[0m 39.720 ms - -[0m
[0mGET /js/jquery/jquery-3.3.1.min.js [36m304[0m 55.207 ms - -[0m
[0mGET /logo.png [36m304[0m 54.857 ms - -[0m
[0mGET /js/bootstrap/jquery/popper.min.js [36m304[0m 45.062 ms - -[0m
[0mGET /js/bootstrap/bootstrap.min.js [36m304[0m 40.434 ms - -[0m
[0mGET /js/calendar/lib/moment.min.js [36m304[0m 23.915 ms - -[0m
[0mGET /js/calendar/lib/locale/es.js [36m304[0m 23.676 ms - -[0m
[0mGET /js/datatables/dataTables.responsive.min.js [36m304[0m 28.294 ms - -[0m
[0mGET /js/calendar/lib/locale/ja.js [36m304[0m 28.078 ms - -[0m
[0mGET /js/datatables/dataTables.min.js [36m304[0m 41.504 ms - -[0m
[0mGET /js/datetime/tempusdominus-bootstrap-4.min.js [36m304[0m 48.329 ms - -[0m
[0mGET /js/datatables/jszip/jszip.min.js [36m304[0m 47.828 ms - -[0m
[0mGET /js/datatables/pdfmake/vfs_fonts.js [36m304[0m 47.602 ms - -[0m
[0mGET /js/validation/bootstrap-notify.min.js [36m304[0m 32.316 ms - -[0m
[0mGET /js/datatables/buttons/buttons.html5.min.js [36m304[0m 32.067 ms - -[0m
[0mGET /js/production/cropme.js [36m304[0m 30.919 ms - -[0m
[0mGET /js/production.js [36m304[0m 17.490 ms - -[0m
[ { name: 'Admin' } ]
[0mGET /config/reports?lang=es [36m304[0m 175.582 ms - -[0m
[0mGET /js/production/reports.js [36m304[0m 42.137 ms - -[0m
[0mGET /css/production/operators.css [36m304[0m 35.398 ms - -[0m
[0mGET /images/process/team2.png [36m304[0m 33.407 ms - -[0m
[0mGET /images/process/report2.png [36m304[0m 34.523 ms - -[0m
[0mGET /js/jquery/jquery.form.min.js [36m304[0m 20.019 ms - -[0m
[0mGET /js/production/photos.js [36m304[0m 15.055 ms - -[0m
[0mGET /js/datatables/languaje/Spanish.json [36m304[0m 14.497 ms - -[0m
[0mGET /css/datatables/DataTables-1.10.18/images/sort_both.png [36m304[0m 14.346 ms - -[0m
[0mGET /css/datatables/DataTables-1.10.18/images/sort_asc.png [36m304[0m 18.452 ms - -[0m
[0mGET /tables/reports?&_=1701204015629 [32m200[0m 26.142 ms - 234[0m
[Object: null prototype] {
  report: 'S10-P1-001-1P',
  auditoria: 'IATF 16949',
  proceso: 'S10',
  planta: '3',
  titulo: 'Ncm C10 El formato Supplier Selection Sheet',
  hallazgo: 'NCM',
  fecha: '2023-11-28',
  fechaC: '2023-11-30',
  usuario: [ 'ababa', 'ababa', 'ababa' ]
}
[0mPOST /config/report [32m200[0m 37.044 ms - 67[0m
[0mGET /inicio?lang=es [32m200[0m 11.241 ms - 163[0m
[0mGET /favicon.ico [36m304[0m 5.559 ms - -[0m
[0mGET / [36m304[0m 279.853 ms - -[0m
[0mGET /css/bootstrap/bootstrap.min.css [36m304[0m 2.866 ms - -[0m
[0mGET /css/login/font-awesome.min.css [36m304[0m 9.601 ms - -[0m
[0mGET /css/login/styleLogin.css [36m304[0m 8.152 ms - -[0m
[0mGET /css/login/style.css [36m304[0m 7.821 ms - -[0m
[0mGET /css/login/style2.css [36m304[0m 5.889 ms - -[0m
[0mGET /logo.png [36m304[0m 4.849 ms - -[0m
[0mGET /js/login.js [36m304[0m 3.687 ms - -[0m
[ '50191', '12345678' ]
[0mPOST /login [36m302[0m 30.476 ms - 74[0m
[0mGET /inicio?lang=es [32m200[0m 91.974 ms - 3935[0m
[0mGET /css/datatables/dataTables.css [36m304[0m 22.248 ms - -[0m
[0mGET /css/datatables/responsive.dataTables.min.css [36m304[0m 53.981 ms - -[0m
[0mGET /css/bootstrap/bootstrap.min.css [36m304[0m 50.273 ms - -[0m
[0mGET /css/datetime/tempusdominus-bootstrap-4.min.css [36m304[0m 56.535 ms - -[0m
[0mGET /css/sidebar/style.css [36m304[0m 56.342 ms - -[0m
[0mGET /css/inicio.css [36m304[0m 59.850 ms - -[0m
[0mGET /css/reports.css [36m304[0m 42.295 ms - -[0m
[0mGET /css/production/production.css [36m304[0m 32.352 ms - -[0m
[0mGET /css/keyboard/index.css [36m304[0m 32.970 ms - -[0m
[0mGET /logo.png [36m304[0m 42.965 ms - -[0m
[0mGET /js/jquery/jquery-3.3.1.min.js [36m304[0m 42.392 ms - -[0m
[0mGET /js/bootstrap/jquery/popper.min.js [36m304[0m 38.469 ms - -[0m
[0mGET /js/bootstrap/bootstrap.min.js [36m304[0m 51.021 ms - -[0m
[0mGET /js/calendar/lib/moment.min.js [36m304[0m 30.437 ms - -[0m
[0mGET /js/calendar/lib/locale/es.js [36m304[0m 30.191 ms - -[0m
[0mGET /js/datatables/dataTables.min.js [36m304[0m 37.000 ms - -[0m
[0mGET /js/datatables/dataTables.responsive.min.js [36m304[0m 36.773 ms - -[0m
[0mGET /js/calendar/lib/locale/ja.js [36m304[0m 50.416 ms - -[0m
[0mGET /js/datetime/tempusdominus-bootstrap-4.min.js [36m304[0m 54.702 ms - -[0m
[0mGET /js/datatables/pdfmake/vfs_fonts.js [36m304[0m 46.227 ms - -[0m
[0mGET /js/datatables/jszip/jszip.min.js [36m304[0m 51.009 ms - -[0m
[0mGET /js/validation/bootstrap-notify.min.js [36m304[0m 45.626 ms - -[0m
[0mGET /js/production/cropme.js [36m304[0m 31.861 ms - -[0m
[0mGET /js/datatables/buttons/buttons.html5.min.js [36m304[0m 46.503 ms - -[0m
[0mGET /js/production.js [36m304[0m 25.591 ms - -[0m
[ { name: 'Admin' } ]
[0mGET /config/reports?lang=es [36m304[0m 183.334 ms - -[0m
[0mGET /images/process/team2.png [36m304[0m 28.560 ms - -[0m
[0mGET /images/process/report2.png [36m304[0m 36.817 ms - -[0m
[0mGET /css/production/operators.css [36m304[0m 31.485 ms - -[0m
[0mGET /js/production/reports.js [36m304[0m 32.599 ms - -[0m
[0mGET /js/jquery/jquery.form.min.js [36m304[0m 13.404 ms - -[0m
[0mGET /js/production/photos.js [36m304[0m 14.754 ms - -[0m
[0mGET /js/datatables/languaje/Spanish.json [36m304[0m 15.112 ms - -[0m
[0mGET /css/datatables/DataTables-1.10.18/images/sort_both.png [36m304[0m 15.451 ms - -[0m
[0mGET /css/datatables/DataTables-1.10.18/images/sort_asc.png [36m304[0m 18.744 ms - -[0m
[0mGET /tables/reports?&_=1701204109667 [32m200[0m 26.667 ms - 465[0m
[0mGET /login [0m-[0m - ms - -[0m
[0mGET / [36m304[0m 809.265 ms - -[0m
[0mGET /css/bootstrap/bootstrap.min.css [36m304[0m 5.878 ms - -[0m
[0mGET /css/login/font-awesome.min.css [36m304[0m 3.380 ms - -[0m
[0mGET /css/login/styleLogin.css [36m304[0m 3.532 ms - -[0m
[0mGET /css/login/style2.css [36m304[0m 3.669 ms - -[0m
[0mGET /css/login/style.css [36m304[0m 3.461 ms - -[0m
[0mGET /js/login.js [36m304[0m 3.784 ms - -[0m
[0mGET /logo.png [36m304[0m 0.817 ms - -[0m
[0mGET /favicon.ico [36m304[0m 2.248 ms - -[0m
[ '50191' ]
[0mPOST /login [36m302[0m 61.198 ms - 46[0m
[0mGET / [32m200[0m 69.488 ms - 2360[0m
[0mGET /css/bootstrap/bootstrap.min.css [36m304[0m 2.613 ms - -[0m
[0mGET /css/login/font-awesome.min.css [36m304[0m 2.108 ms - -[0m
[0mGET /css/login/style.css [36m304[0m 4.020 ms - -[0m
[0mGET /css/login/styleLogin.css [36m304[0m 2.966 ms - -[0m
[0mGET /js/login.js [36m304[0m 2.411 ms - -[0m
[0mGET /logo.png [36m304[0m 1.767 ms - -[0m
[0mGET /css/login/style2.css [36m304[0m 2.106 ms - -[0m
[ '50191', '12345678' ]
[0mPOST /login [36m302[0m 20.860 ms - 74[0m
[0mGET /inicio?lang=es [32m200[0m 99.510 ms - 3935[0m
[0mGET /css/datatables/dataTables.css [36m304[0m 39.932 ms - -[0m
[0mGET /css/datatables/responsive.dataTables.min.css [36m304[0m 32.724 ms - -[0m
[0mGET /css/bootstrap/bootstrap.min.css [36m304[0m 57.147 ms - -[0m
[0mGET /css/sidebar/style.css [36m304[0m 68.123 ms - -[0m
[0mGET /css/datetime/tempusdominus-bootstrap-4.min.css [36m304[0m 67.839 ms - -[0m
[0mGET /css/inicio.css [36m304[0m 67.581 ms - -[0m
[0mGET /css/reports.css [36m304[0m 33.510 ms - -[0m
[0mGET /css/keyboard/index.css [36m304[0m 43.279 ms - -[0m
[0mGET /css/production/production.css [36m304[0m 22.485 ms - -[0m
[0mGET /js/jquery/jquery-3.3.1.min.js [36m304[0m 24.876 ms - -[0m
[0mGET /logo.png [36m304[0m 23.492 ms - -[0m
[0mGET /js/bootstrap/jquery/popper.min.js [36m304[0m 23.057 ms - -[0m
[0mGET /js/bootstrap/bootstrap.min.js [36m304[0m 25.966 ms - -[0m
[0mGET /js/calendar/lib/moment.min.js [36m304[0m 15.724 ms - -[0m
[0mGET /js/calendar/lib/locale/es.js [36m304[0m 8.826 ms - -[0m
[0mGET /js/calendar/lib/locale/ja.js [36m304[0m 49.696 ms - -[0m
[0mGET /js/datatables/dataTables.min.js [36m304[0m 51.077 ms - -[0m
[0mGET /js/datatables/dataTables.responsive.min.js [36m304[0m 51.830 ms - -[0m
[0mGET /js/datetime/tempusdominus-bootstrap-4.min.js [36m304[0m 62.498 ms - -[0m
[0mGET /js/datatables/pdfmake/vfs_fonts.js [36m304[0m 62.150 ms - -[0m
[0mGET /js/datatables/jszip/jszip.min.js [36m304[0m 67.154 ms - -[0m
[0mGET /js/datatables/buttons/buttons.html5.min.js [36m304[0m 10.904 ms - -[0m
[0mGET /js/validation/bootstrap-notify.min.js [36m304[0m 16.057 ms - -[0m
[0mGET /js/production.js [36m304[0m 20.874 ms - -[0m
[0mGET /js/production/cropme.js [36m304[0m 21.656 ms - -[0m
[ { name: 'Admin' } ]
[0mGET /config/users?lang=es [36m304[0m 111.026 ms - -[0m
[0mGET /css/production/operators.css [36m304[0m 16.767 ms - -[0m
[0mGET /js/production/users.js [36m304[0m 14.027 ms - -[0m
[0mGET /js/jquery/jquery.form.min.js [36m304[0m 9.555 ms - -[0m
[0mGET /js/production/photos.js [36m304[0m 10.418 ms - -[0m
[0mGET /images/process/team.png [36m304[0m 10.870 ms - -[0m
[0mGET /js/datatables/languaje/Spanish.json [36m304[0m 9.972 ms - -[0m
[0mGET /css/datatables/DataTables-1.10.18/images/sort_both.png [36m304[0m 17.845 ms - -[0m
[0mGET /css/datatables/DataTables-1.10.18/images/sort_asc.png [36m304[0m 14.642 ms - -[0m
[0mGET /tables/users?&_=1701382536753 [32m200[0m 18.873 ms - 372[0m
[ { name: 'Admin' } ]
[0mGET /config/reports?lang=es [32m200[0m 177.327 ms - 13162[0m
[0mGET /css/production/operators.css [36m304[0m 24.519 ms - -[0m
[0mGET /js/production/reports.js [32m200[0m 38.770 ms - 17314[0m
[0mGET /js/jquery/jquery.form.min.js [36m304[0m 19.514 ms - -[0m
[0mGET /js/production/photos.js [36m304[0m 19.098 ms - -[0m
[0mGET /js/datatables/languaje/Spanish.json [36m304[0m 9.862 ms - -[0m
[0mGET /images/process/team2.png [32m200[0m 34.157 ms - 27625[0m
[0mGET /images/process/report2.png [32m200[0m 36.475 ms - 39804[0m
[0mGET /tables/reports?&_=1701382536754 [32m200[0m 19.341 ms - 1895[0m
[0mGET / [36m304[0m 59.725 ms - -[0m
[0mGET /css/bootstrap/bootstrap.min.css [36m304[0m 2.534 ms - -[0m
[0mGET /css/login/font-awesome.min.css [36m304[0m 2.456 ms - -[0m
[0mGET /css/login/style.css [36m304[0m 4.592 ms - -[0m
[0mGET /css/login/styleLogin.css [36m304[0m 3.325 ms - -[0m
[0mGET /css/login/style2.css [36m304[0m 4.032 ms - -[0m
[0mGET /js/login.js [36m304[0m 1.782 ms - -[0m
[0mGET /logo.png [36m304[0m 1.829 ms - -[0m
[0mGET /inicio?lang=es [36m304[0m 94.792 ms - -[0m
[0mGET /css/datatables/dataTables.css [36m304[0m 21.274 ms - -[0m
[0mGET /css/datatables/responsive.dataTables.min.css [36m304[0m 16.994 ms - -[0m
[0mGET /css/bootstrap/bootstrap.min.css [36m304[0m 17.137 ms - -[0m
[0mGET /css/datetime/tempusdominus-bootstrap-4.min.css [36m304[0m 50.794 ms - -[0m
[0mGET /css/inicio.css [36m304[0m 54.053 ms - -[0m
[0mGET /css/sidebar/style.css [36m304[0m 53.854 ms - -[0m
[0mGET /css/reports.css [36m304[0m 56.230 ms - -[0m
[0mGET /css/keyboard/index.css [36m304[0m 41.921 ms - -[0m
[0mGET /css/production/production.css [36m304[0m 29.570 ms - -[0m
[0mGET /js/jquery/jquery-3.3.1.min.js [36m304[0m 9.296 ms - -[0m
[0mGET /logo.png [36m304[0m 42.324 ms - -[0m
[0mGET /js/bootstrap/jquery/popper.min.js [36m304[0m 40.655 ms - -[0m
[0mGET /js/bootstrap/bootstrap.min.js [36m304[0m 45.403 ms - -[0m
[0mGET /js/calendar/lib/moment.min.js [36m304[0m 45.167 ms - -[0m
[0mGET /js/calendar/lib/locale/es.js [36m304[0m 35.777 ms - -[0m
[0mGET /js/calendar/lib/locale/ja.js [36m304[0m 35.403 ms - -[0m
[0mGET /js/datatables/dataTables.min.js [36m304[0m 15.652 ms - -[0m
[0mGET /js/datatables/dataTables.responsive.min.js [36m304[0m 15.873 ms - -[0m
[0mGET /js/datetime/tempusdominus-bootstrap-4.min.js [36m304[0m 32.728 ms - -[0m
[0mGET /js/datatables/jszip/jszip.min.js [36m304[0m 26.371 ms - -[0m
[0mGET /js/datatables/pdfmake/vfs_fonts.js [36m304[0m 48.005 ms - -[0m
[0mGET /js/datatables/buttons/buttons.html5.min.js [36m304[0m 48.161 ms - -[0m
[0mGET /js/validation/bootstrap-notify.min.js [36m304[0m 65.856 ms - -[0m
[0mGET /js/production/cropme.js [36m304[0m 71.245 ms - -[0m
[0mGET /js/production.js [36m304[0m 26.441 ms - -[0m
[0mGET /favicon.ico [36m304[0m 16.358 ms - -[0m
[ { name: 'Admin' } ]
[0mGET /config/reports?lang=es [36m304[0m 194.554 ms - -[0m
[0mGET /images/process/report2.png [36m304[0m 30.538 ms - -[0m
[0mGET /images/process/team2.png [36m304[0m 30.245 ms - -[0m
[0mGET /css/production/operators.css [36m304[0m 24.772 ms - -[0m
[0mGET /js/production/reports.js [36m304[0m 18.246 ms - -[0m
[0mGET /js/jquery/jquery.form.min.js [36m304[0m 7.995 ms - -[0m
[0mGET /js/production/photos.js [36m304[0m 17.255 ms - -[0m
[0mGET /js/datatables/languaje/Spanish.json [36m304[0m 15.912 ms - -[0m
[0mGET /css/datatables/DataTables-1.10.18/images/sort_both.png [36m304[0m 14.579 ms - -[0m
[0mGET /css/datatables/DataTables-1.10.18/images/sort_asc.png [36m304[0m 22.117 ms - -[0m
[0mGET /tables/reports?&_=1701383403946 [32m200[0m 21.665 ms - 1895[0m
[Object: null prototype] {
  report: 'C10-1P1',
  Id: '',
  auditoria: 'IATF 16949',
  proceso: 'C10',
  planta: '1',
  titulo: 'Ncm C10 El formato',
  hallazgo: 'NCM',
  fecha: '2023-11-30',
  fechaC: '2023-12-01',
  usuario: [ 'sfjh', 'fgtr', 'dfgbdf' ]
}
[0mPOST /config/report [32m200[0m 39.617 ms - 67[0m
null
[0mGET /tables/reports?&_=1701383403947 [32m200[0m 12.340 ms - 2103[0m
[0mGET /correo/Doc.html- [32m200[0m 8.040 ms - 15755[0m
Message sent: undefined
correo enviado
[0mGET / [36m304[0m 31.334 ms - -[0m
[0mGET /css/login/font-awesome.min.css [36m304[0m 1.980 ms - -[0m
[0mGET /css/login/styleLogin.css [36m304[0m 1.787 ms - -[0m
[0mGET /css/bootstrap/bootstrap.min.css [36m304[0m 1.483 ms - -[0m
[0mGET /css/login/style.css [36m304[0m 1.255 ms - -[0m
[0mGET /logo.png [36m304[0m 2.418 ms - -[0m
[0mGET /js/login.js [36m304[0m 0.968 ms - -[0m
[0mGET /css/login/style2.css [36m304[0m 0.793 ms - -[0m
[0mGET /inicio?lang=es [36m304[0m 88.999 ms - -[0m
[0mGET /css/datatables/dataTables.css [36m304[0m 44.678 ms - -[0m
[0mGET /css/datatables/responsive.dataTables.min.css [36m304[0m 50.897 ms - -[0m
[0mGET /css/bootstrap/bootstrap.min.css [36m304[0m 81.317 ms - -[0m
[0mGET /css/datetime/tempusdominus-bootstrap-4.min.css [36m304[0m 77.548 ms - -[0m
[0mGET /css/sidebar/style.css [36m304[0m 83.242 ms - -[0m
[0mGET /css/inicio.css [36m304[0m 84.086 ms - -[0m
[0mGET /css/reports.css [36m304[0m 40.684 ms - -[0m
[0mGET /css/keyboard/index.css [36m304[0m 52.415 ms - -[0m
[0mGET /css/production/production.css [36m304[0m 51.440 ms - -[0m
[0mGET /js/jquery/jquery-3.3.1.min.js [36m304[0m 54.349 ms - -[0m
[0mGET /logo.png [36m304[0m 43.628 ms - -[0m
[0mGET /js/bootstrap/jquery/popper.min.js [36m304[0m 37.481 ms - -[0m
[0mGET /js/bootstrap/bootstrap.min.js [36m304[0m 37.879 ms - -[0m
[0mGET /js/calendar/lib/moment.min.js [36m304[0m 33.949 ms - -[0m
[0mGET /js/calendar/lib/locale/es.js [36m304[0m 40.204 ms - -[0m
[0mGET /js/datatables/dataTables.responsive.min.js [36m304[0m 23.899 ms - -[0m
[0mGET /js/datetime/tempusdominus-bootstrap-4.min.js [36m304[0m 24.163 ms - -[0m
[0mGET /js/calendar/lib/locale/ja.js [36m304[0m 26.780 ms - -[0m
[0mGET /js/datatables/dataTables.min.js [36m304[0m 27.537 ms - -[0m
[0mGET /js/datatables/jszip/jszip.min.js [36m304[0m 2.647 ms - -[0m
[0mGET /js/datatables/buttons/buttons.html5.min.js [36m304[0m 10.156 ms - -[0m
[0mGET /js/datatables/pdfmake/vfs_fonts.js [36m304[0m 9.014 ms - -[0m
[0mGET /js/validation/bootstrap-notify.min.js [36m304[0m 11.470 ms - -[0m
[0mGET /js/production/cropme.js [36m304[0m 8.067 ms - -[0m
[0mGET /js/production.js [36m304[0m 8.654 ms - -[0m
[ { name: 'Admin' } ]
[0mGET /config/users?lang=es [36m304[0m 86.621 ms - -[0m
[0mGET /css/production/operators.css [36m304[0m 5.761 ms - -[0m
[0mGET /js/production/users.js [36m304[0m 5.859 ms - -[0m
[0mGET /js/jquery/jquery.form.min.js [36m304[0m 7.574 ms - -[0m
[0mGET /js/production/photos.js [36m304[0m 4.851 ms - -[0m
[0mGET /images/process/team.png [36m304[0m 4.937 ms - -[0m
[0mGET /js/datatables/languaje/Spanish.json [36m304[0m 5.155 ms - -[0m
[0mGET /css/datatables/DataTables-1.10.18/images/sort_both.png [36m304[0m 9.597 ms - -[0m
[0mGET /tables/users?&_=1701385027067 [32m200[0m 11.604 ms - 372[0m
[0mGET /css/datatables/DataTables-1.10.18/images/sort_asc.png [36m304[0m 4.104 ms - -[0m
[0mGET /inicio?lang=es [36m304[0m 53.355 ms - -[0m
[0mGET /css/datatables/dataTables.css [36m304[0m 13.593 ms - -[0m
[0mGET /css/datatables/responsive.dataTables.min.css [36m304[0m 11.176 ms - -[0m
[0mGET /css/bootstrap/bootstrap.min.css [36m304[0m 12.830 ms - -[0m
[0mGET /css/datetime/tempusdominus-bootstrap-4.min.css [36m304[0m 10.309 ms - -[0m
[0mGET /css/sidebar/style.css [36m304[0m 10.063 ms - -[0m
[0mGET /css/inicio.css [36m304[0m 10.476 ms - -[0m
[0mGET /css/reports.css [36m304[0m 2.482 ms - -[0m
[0mGET /css/keyboard/index.css [36m304[0m 3.275 ms - -[0m
[0mGET /css/production/production.css [36m304[0m 5.170 ms - -[0m
[0mGET /js/jquery/jquery-3.3.1.min.js [36m304[0m 5.444 ms - -[0m
[0mGET /js/bootstrap/jquery/popper.min.js [36m304[0m 5.280 ms - -[0m
[0mGET /logo.png [36m304[0m 6.553 ms - -[0m
[0mGET /js/bootstrap/bootstrap.min.js [36m304[0m 7.607 ms - -[0m
[0mGET /js/calendar/lib/moment.min.js [36m304[0m 4.793 ms - -[0m
[0mGET /js/calendar/lib/locale/es.js [36m304[0m 5.183 ms - -[0m
[0mGET /js/calendar/lib/locale/ja.js [36m304[0m 5.551 ms - -[0m
[0mGET /js/datetime/tempusdominus-bootstrap-4.min.js [36m304[0m 6.383 ms - -[0m
[0mGET /js/datatables/dataTables.min.js [36m304[0m 6.188 ms - -[0m
[0mGET /js/datatables/dataTables.responsive.min.js [36m304[0m 6.786 ms - -[0m
[0mGET /js/datatables/jszip/jszip.min.js [36m304[0m 5.151 ms - -[0m
[0mGET /js/datatables/buttons/buttons.html5.min.js [36m304[0m 4.148 ms - -[0m
[0mGET /js/datatables/pdfmake/vfs_fonts.js [36m304[0m 3.629 ms - -[0m
[0mGET /js/production/cropme.js [36m304[0m 13.565 ms - -[0m
[0mGET /js/validation/bootstrap-notify.min.js [36m304[0m 12.795 ms - -[0m
[0mGET /js/production.js [36m304[0m 16.207 ms - -[0m
[0mGET /favicon.ico [36m304[0m 5.085 ms - -[0m
[0mGET / [32m200[0m 28.605 ms - 2234[0m
[0mGET /css/bootstrap/bootstrap.min.css [36m304[0m 11.979 ms - -[0m
[0mGET /css/login/styleLogin.css [36m304[0m 11.106 ms - -[0m
[0mGET /css/login/font-awesome.min.css [36m304[0m 11.377 ms - -[0m
[0mGET /css/login/style.css [36m304[0m 8.668 ms - -[0m
[0mGET /css/login/style2.css [36m304[0m 7.016 ms - -[0m
[0mGET /js/login.js [36m304[0m 6.890 ms - -[0m
[0mGET /logo.png [36m304[0m 6.420 ms - -[0m
[ '1169', 'NPM68f81i' ]
[0mPOST /login [36m302[0m 14.772 ms - 74[0m
[0mGET /inicio?lang=es [32m200[0m 44.101 ms - 3616[0m
[0mGET /css/datatables/dataTables.css [36m304[0m 14.054 ms - -[0m
[0mGET /css/datatables/responsive.dataTables.min.css [36m304[0m 14.549 ms - -[0m
[0mGET /css/bootstrap/bootstrap.min.css [36m304[0m 13.788 ms - -[0m
[0mGET /css/sidebar/style.css [36m304[0m 10.891 ms - -[0m
[0mGET /css/datetime/tempusdominus-bootstrap-4.min.css [36m304[0m 9.101 ms - -[0m
[0mGET /css/inicio.css [36m304[0m 8.867 ms - -[0m
[0mGET /css/reports.css [36m304[0m 3.101 ms - -[0m
[0mGET /js/jquery/jquery-3.3.1.min.js [36m304[0m 14.551 ms - -[0m
[0mGET /css/keyboard/index.css [36m304[0m 13.819 ms - -[0m
[0mGET /css/production/production.css [36m304[0m 20.158 ms - -[0m
[0mGET /logo.png [36m304[0m 16.717 ms - -[0m
[0mGET /js/bootstrap/jquery/popper.min.js [36m304[0m 16.017 ms - -[0m
[0mGET /js/bootstrap/bootstrap.min.js [36m304[0m 16.661 ms - -[0m
[0mGET /js/calendar/lib/moment.min.js [36m304[0m 4.278 ms - -[0m
[0mGET /js/calendar/lib/locale/es.js [36m304[0m 3.935 ms - -[0m
[0mGET /js/calendar/lib/locale/ja.js [36m304[0m 8.800 ms - -[0m
[0mGET /js/datetime/tempusdominus-bootstrap-4.min.js [36m304[0m 8.602 ms - -[0m
[0mGET /js/datatables/dataTables.min.js [36m304[0m 10.154 ms - -[0m
[0mGET /js/datatables/dataTables.responsive.min.js [36m304[0m 10.001 ms - -[0m
[0mGET /js/datatables/pdfmake/vfs_fonts.js [36m304[0m 4.806 ms - -[0m
[0mGET /js/datatables/jszip/jszip.min.js [36m304[0m 4.592 ms - -[0m
[0mGET /js/datatables/buttons/buttons.html5.min.js [36m304[0m 13.979 ms - -[0m
[0mGET /js/production.js [36m304[0m 13.312 ms - -[0m
[0mGET /js/validation/bootstrap-notify.min.js [36m304[0m 11.093 ms - -[0m
[0mGET /js/production/cropme.js [36m304[0m 11.542 ms - -[0m
[ { name: 'Admin' } ]
[0mGET /config/reports?lang=es [36m304[0m 121.582 ms - -[0m
[0mGET /css/production/operators.css [36m304[0m 10.978 ms - -[0m
[0mGET /js/production/reports.js [36m304[0m 8.937 ms - -[0m
[0mGET /js/jquery/jquery.form.min.js [36m304[0m 4.998 ms - -[0m
[0mGET /js/production/photos.js [36m304[0m 4.916 ms - -[0m
[0mGET /images/process/report2.png [36m304[0m 8.991 ms - -[0m
[0mGET /images/process/team2.png [36m304[0m 9.428 ms - -[0m
[0mGET /js/datatables/languaje/Spanish.json [36m304[0m 5.228 ms - -[0m
[0mGET /css/datatables/DataTables-1.10.18/images/sort_both.png [36m304[0m 6.922 ms - -[0m
[0mGET /css/datatables/DataTables-1.10.18/images/sort_asc.png [36m304[0m 7.710 ms - -[0m
[0mGET /tables/reports?&_=1701385087919 [32m200[0m 11.299 ms - 2103[0m
[ { name: 'Admin' } ]
[0mGET /config/reports?lang=es [36m304[0m 126.527 ms - -[0m
[0mGET /css/production/operators.css [36m304[0m 5.427 ms - -[0m
[0mGET /js/production/reports.js [36m304[0m 4.161 ms - -[0m
[0mGET /js/jquery/jquery.form.min.js [36m304[0m 4.942 ms - -[0m
[0mGET /js/production/photos.js [36m304[0m 7.142 ms - -[0m
[0mGET /js/datatables/languaje/Spanish.json [36m304[0m 5.286 ms - -[0m
[0mGET /tables/reports?&_=1701385087920 [32m200[0m 8.794 ms - 2103[0m
[0mGET /Inicio?lang=es [32m200[0m 55.334 ms - 3616[0m
[0mGET /css/datatables/dataTables.css [36m304[0m 10.394 ms - -[0m
[0mGET /css/datatables/responsive.dataTables.min.css [36m304[0m 9.977 ms - -[0m
[0mGET /css/datetime/tempusdominus-bootstrap-4.min.css [36m304[0m 14.013 ms - -[0m
[0mGET /css/bootstrap/bootstrap.min.css [36m304[0m 12.413 ms - -[0m
[0mGET /css/inicio.css [36m304[0m 11.796 ms - -[0m
[0mGET /css/sidebar/style.css [36m304[0m 12.677 ms - -[0m
[0mGET /css/reports.css [36m304[0m 7.383 ms - -[0m
[0mGET /css/keyboard/index.css [36m304[0m 5.952 ms - -[0m
[0mGET /js/jquery/jquery-3.3.1.min.js [36m304[0m 15.860 ms - -[0m
[0mGET /css/production/production.css [36m304[0m 15.167 ms - -[0m
[0mGET /js/bootstrap/jquery/popper.min.js [36m304[0m 13.923 ms - -[0m
[0mGET /logo.png [36m304[0m 14.930 ms - -[0m
[0mGET /js/calendar/lib/moment.min.js [36m304[0m 8.735 ms - -[0m
[0mGET /js/bootstrap/bootstrap.min.js [36m304[0m 8.921 ms - -[0m
[0mGET /js/calendar/lib/locale/es.js [36m304[0m 18.452 ms - -[0m
[0mGET /js/calendar/lib/locale/ja.js [36m304[0m 20.049 ms - -[0m
[0mGET /js/datatables/dataTables.min.js [36m304[0m 19.324 ms - -[0m
[0mGET /js/datetime/tempusdominus-bootstrap-4.min.js [36m304[0m 19.011 ms - -[0m
[0mGET /js/datatables/jszip/jszip.min.js [36m304[0m 12.775 ms - -[0m
[0mGET /js/datatables/dataTables.responsive.min.js [36m304[0m 13.805 ms - -[0m
[0mGET /js/datatables/pdfmake/vfs_fonts.js [36m304[0m 15.345 ms - -[0m
[0mGET /js/datatables/buttons/buttons.html5.min.js [36m304[0m 15.609 ms - -[0m
[0mGET /js/validation/bootstrap-notify.min.js [36m304[0m 9.488 ms - -[0m
[0mGET /js/production/cropme.js [36m304[0m 8.902 ms - -[0m
[0mGET /js/production.js [36m304[0m 9.099 ms - -[0m
[ { name: 'Admin' } ]
[0mGET /config/reports?lang=es [36m304[0m 99.126 ms - -[0m
[0mGET /images/process/report2.png [36m304[0m 12.638 ms - -[0m
[0mGET /images/process/team2.png [36m304[0m 11.871 ms - -[0m
[0mGET /css/production/operators.css [36m304[0m 7.649 ms - -[0m
[0mGET /js/production/reports.js [36m304[0m 4.802 ms - -[0m
[0mGET /js/jquery/jquery.form.min.js [36m304[0m 5.085 ms - -[0m
[0mGET /js/production/photos.js [36m304[0m 5.038 ms - -[0m
[0mGET /js/datatables/languaje/Spanish.json [36m304[0m 4.794 ms - -[0m
[0mGET /tables/reports?&_=1701385101471 [32m200[0m 7.682 ms - 2103[0m
[0mGET /inicio?lang=es [36m304[0m 58.122 ms - -[0m
[0mGET /css/datatables/dataTables.css [36m304[0m 16.165 ms - -[0m
[0mGET /css/datatables/responsive.dataTables.min.css [36m304[0m 15.513 ms - -[0m
[0mGET /css/datetime/tempusdominus-bootstrap-4.min.css [36m304[0m 14.281 ms - -[0m
[0mGET /css/bootstrap/bootstrap.min.css [36m304[0m 13.621 ms - -[0m
[0mGET /css/sidebar/style.css [36m304[0m 15.452 ms - -[0m
[0mGET /css/inicio.css [36m304[0m 12.633 ms - -[0m
[0mGET /css/reports.css [36m304[0m 3.826 ms - -[0m
[0mGET /css/production/production.css [36m304[0m 10.700 ms - -[0m
[0mGET /js/jquery/jquery-3.3.1.min.js [36m304[0m 12.351 ms - -[0m
[0mGET /css/keyboard/index.css [36m304[0m 13.695 ms - -[0m
[0mGET /logo.png [36m304[0m 11.465 ms - -[0m
[0mGET /js/bootstrap/jquery/popper.min.js [36m304[0m 11.174 ms - -[0m
[0mGET /js/bootstrap/bootstrap.min.js [36m304[0m 11.578 ms - -[0m
[0mGET /js/calendar/lib/locale/es.js [36m304[0m 17.643 ms - -[0m
[0mGET /js/calendar/lib/moment.min.js [36m304[0m 16.154 ms - -[0m
[0mGET /js/calendar/lib/locale/ja.js [36m304[0m 19.390 ms - -[0m
[0mGET /js/datatables/dataTables.min.js [36m304[0m 13.717 ms - -[0m
[0mGET /js/datetime/tempusdominus-bootstrap-4.min.js [36m304[0m 14.524 ms - -[0m
[0mGET /js/datatables/dataTables.responsive.min.js [36m304[0m 14.328 ms - -[0m
[0mGET /js/datatables/pdfmake/vfs_fonts.js [36m304[0m 13.167 ms - -[0m
[0mGET /js/datatables/jszip/jszip.min.js [36m304[0m 11.389 ms - -[0m
[0mGET /js/validation/bootstrap-notify.min.js [36m304[0m 10.886 ms - -[0m
[0mGET /js/datatables/buttons/buttons.html5.min.js [36m304[0m 10.448 ms - -[0m
[0mGET /js/production/cropme.js [36m304[0m 10.232 ms - -[0m
[0mGET /js/production.js [36m304[0m 10.888 ms - -[0m
[0mGET /inicio?lang=es [36m304[0m 39.364 ms - -[0m
[0mGET /css/datatables/dataTables.css [36m304[0m 6.629 ms - -[0m
[0mGET /css/datatables/responsive.dataTables.min.css [36m304[0m 10.690 ms - -[0m
[0mGET /css/bootstrap/bootstrap.min.css [36m304[0m 9.862 ms - -[0m
[0mGET /css/inicio.css [36m304[0m 20.346 ms - -[0m
[0mGET /css/sidebar/style.css [36m304[0m 20.085 ms - -[0m
[0mGET /css/datetime/tempusdominus-bootstrap-4.min.css [36m304[0m 16.939 ms - -[0m
[0mGET /css/reports.css [36m304[0m 14.003 ms - -[0m
[0mGET /css/keyboard/index.css [36m304[0m 7.099 ms - -[0m
[0mGET /css/production/production.css [36m304[0m 6.583 ms - -[0m
[0mGET /js/jquery/jquery-3.3.1.min.js [36m304[0m 1.850 ms - -[0m
[0mGET /js/bootstrap/jquery/popper.min.js [36m304[0m 5.208 ms - -[0m
[0mGET /logo.png [36m304[0m 3.887 ms - -[0m
[0mGET /js/bootstrap/bootstrap.min.js [36m304[0m 4.282 ms - -[0m
[0mGET /js/calendar/lib/moment.min.js [36m304[0m 7.869 ms - -[0m
[0mGET /js/calendar/lib/locale/es.js [36m304[0m 6.490 ms - -[0m
[0mGET /js/calendar/lib/locale/ja.js [36m304[0m 6.343 ms - -[0m
[0mGET /js/datatables/dataTables.responsive.min.js [36m304[0m 10.871 ms - -[0m
[0mGET /js/datetime/tempusdominus-bootstrap-4.min.js [36m304[0m 9.999 ms - -[0m
[0mGET /js/datatables/dataTables.min.js [36m304[0m 8.916 ms - -[0m
[0mGET /js/datatables/buttons/buttons.html5.min.js [36m304[0m 7.953 ms - -[0m
[0mGET /js/datatables/jszip/jszip.min.js [36m304[0m 8.471 ms - -[0m
[0mGET /js/datatables/pdfmake/vfs_fonts.js [36m304[0m 8.243 ms - -[0m
[0mGET /js/production/cropme.js [36m304[0m 3.984 ms - -[0m
[0mGET /js/validation/bootstrap-notify.min.js [36m304[0m 3.511 ms - -[0m
[0mGET /js/production.js [36m304[0m 4.188 ms - -[0m
[0mGET /favicon.ico [36m304[0m 4.493 ms - -[0m
[ { name: 'Admin' } ]
[0mGET /config/reports?lang=es [36m304[0m 95.234 ms - -[0m
[0mGET /images/process/report2.png [36m304[0m 7.303 ms - -[0m
[0mGET /images/process/team2.png [36m304[0m 7.321 ms - -[0m
[0mGET /css/production/operators.css [36m304[0m 3.527 ms - -[0m
[0mGET /js/production/reports.js [36m304[0m 2.390 ms - -[0m
[0mGET /js/jquery/jquery.form.min.js [36m304[0m 4.574 ms - -[0m
[0mGET /js/production/photos.js [36m304[0m 4.330 ms - -[0m
[0mGET /js/datatables/languaje/Spanish.json [36m304[0m 5.308 ms - -[0m
[0mGET /tables/reports?&_=1701385125178 [32m200[0m 28.629 ms - 2103[0m
[0mGET / [36m304[0m 86.618 ms - -[0m
[0mGET /css/bootstrap/bootstrap.min.css [36m304[0m 8.460 ms - -[0m
[0mGET /css/login/font-awesome.min.css [36m304[0m 5.628 ms - -[0m
[0mGET /css/login/style.css [36m304[0m 12.441 ms - -[0m
[0mGET /css/login/style2.css [36m304[0m 11.694 ms - -[0m
[0mGET /css/login/styleLogin.css [36m304[0m 12.260 ms - -[0m
[0mGET /logo.png [36m304[0m 13.876 ms - -[0m
[0mGET /js/login.js [36m304[0m 14.649 ms - -[0m
[ '1169', 'NPM68f81i' ]
[0mPOST /login [36m302[0m 26.797 ms - 74[0m
[0mGET /inicio?lang=es [36m304[0m 87.402 ms - -[0m
[0mGET /css/datatables/dataTables.css [36m304[0m 7.685 ms - -[0m
[0mGET /css/datatables/responsive.dataTables.min.css [36m304[0m 12.211 ms - -[0m
[0mGET /css/bootstrap/bootstrap.min.css [36m304[0m 21.315 ms - -[0m
[0mGET /css/sidebar/style.css [36m304[0m 18.924 ms - -[0m
[0mGET /css/inicio.css [36m304[0m 18.771 ms - -[0m
[0mGET /css/datetime/tempusdominus-bootstrap-4.min.css [36m304[0m 21.463 ms - -[0m
[0mGET /css/reports.css [36m304[0m 21.162 ms - -[0m
[0mGET /css/keyboard/index.css [36m304[0m 3.626 ms - -[0m
[0mGET /css/production/production.css [36m304[0m 4.825 ms - -[0m
[0mGET /js/jquery/jquery-3.3.1.min.js [36m304[0m 5.671 ms - -[0m
[0mGET /logo.png [36m304[0m 5.438 ms - -[0m
[0mGET /js/bootstrap/bootstrap.min.js [36m304[0m 15.021 ms - -[0m
[0mGET /js/calendar/lib/moment.min.js [36m304[0m 12.895 ms - -[0m
[0mGET /js/bootstrap/jquery/popper.min.js [36m304[0m 14.381 ms - -[0m
[0mGET /js/calendar/lib/locale/es.js [36m304[0m 7.886 ms - -[0m
[0mGET /js/calendar/lib/locale/ja.js [36m304[0m 7.418 ms - -[0m
[0mGET /js/datatables/dataTables.min.js [36m304[0m 6.297 ms - -[0m
[0mGET /js/datatables/dataTables.responsive.min.js [36m304[0m 15.586 ms - -[0m
[0mGET /js/datetime/tempusdominus-bootstrap-4.min.js [36m304[0m 15.266 ms - -[0m
[0mGET /js/datatables/jszip/jszip.min.js [36m304[0m 14.415 ms - -[0m
[0mGET /js/validation/bootstrap-notify.min.js [36m304[0m 17.958 ms - -[0m
[0mGET /js/datatables/buttons/buttons.html5.min.js [36m304[0m 17.555 ms - -[0m
[0mGET /js/datatables/pdfmake/vfs_fonts.js [36m304[0m 17.218 ms - -[0m
[0mGET /js/production/cropme.js [36m304[0m 3.429 ms - -[0m
[0mGET /js/production.js [36m304[0m 4.787 ms - -[0m
[0mGET /inicio?lang=eshttp://npms16.nipsa.com.mx:91 [32m200[0m 78.097 ms - 3616[0m
[0mGET /css/datatables/dataTables.css [36m304[0m 20.089 ms - -[0m
[0mGET /css/datatables/responsive.dataTables.min.css [36m304[0m 14.467 ms - -[0m
[0mGET /css/sidebar/style.css [36m304[0m 21.184 ms - -[0m
[0mGET /css/datetime/tempusdominus-bootstrap-4.min.css [36m304[0m 20.824 ms - -[0m
[0mGET /css/bootstrap/bootstrap.min.css [36m304[0m 20.555 ms - -[0m
[0mGET /css/inicio.css [36m304[0m 20.318 ms - -[0m
[0mGET /css/keyboard/index.css [36m304[0m 5.577 ms - -[0m
[0mGET /css/reports.css [36m304[0m 5.352 ms - -[0m
[0mGET /js/jquery/jquery-3.3.1.min.js [36m304[0m 14.480 ms - -[0m
[0mGET /css/production/production.css [36m304[0m 13.507 ms - -[0m
[0mGET /js/bootstrap/jquery/popper.min.js [36m304[0m 13.114 ms - -[0m
[0mGET /logo.png [36m304[0m 12.744 ms - -[0m
[0mGET /js/calendar/lib/moment.min.js [36m304[0m 4.444 ms - -[0m
[0mGET /js/bootstrap/bootstrap.min.js [36m304[0m 4.595 ms - -[0m
[0mGET /js/calendar/lib/locale/es.js [36m304[0m 14.765 ms - -[0m
[0mGET /js/datatables/dataTables.min.js [36m304[0m 13.880 ms - -[0m
[0mGET /js/calendar/lib/locale/ja.js [36m304[0m 16.838 ms - -[0m
[0mGET /js/datatables/dataTables.responsive.min.js [36m304[0m 14.259 ms - -[0m
[0mGET /js/datetime/tempusdominus-bootstrap-4.min.js [36m304[0m 13.767 ms - -[0m
[0mGET /js/datatables/jszip/jszip.min.js [36m304[0m 14.253 ms - -[0m
[0mGET /js/datatables/buttons/buttons.html5.min.js [36m304[0m 9.719 ms - -[0m
[0mGET /js/datatables/pdfmake/vfs_fonts.js [36m304[0m 13.200 ms - -[0m
[0mGET /js/validation/bootstrap-notify.min.js [36m304[0m 12.726 ms - -[0m
[0mGET /js/production/cropme.js [36m304[0m 10.621 ms - -[0m
[0mGET /js/production.js [36m304[0m 11.656 ms - -[0m
[0mGET / [36m304[0m 43.483 ms - -[0m
[0mGET /css/bootstrap/bootstrap.min.css [36m304[0m 18.365 ms - -[0m
[0mGET /css/login/font-awesome.min.css [36m304[0m 16.986 ms - -[0m
[0mGET /css/login/style.css [36m304[0m 16.190 ms - -[0m
[0mGET /logo.png [36m304[0m 17.947 ms - -[0m
[0mGET /css/login/styleLogin.css [36m304[0m 15.610 ms - -[0m
[0mGET /css/login/style2.css [36m304[0m 16.226 ms - -[0m
[0mGET /js/login.js [36m304[0m 4.640 ms - -[0m
[0mGET /inicio?lang=es [32m200[0m 2.523 ms - 163[0m
[0mGET / [36m304[0m 44.761 ms - -[0m
[0mGET /css/bootstrap/bootstrap.min.css [36m304[0m 2.095 ms - -[0m
[0mGET /css/login/font-awesome.min.css [36m304[0m 2.219 ms - -[0m
[0mGET /css/login/styleLogin.css [36m304[0m 2.339 ms - -[0m
[0mGET /css/login/style.css [36m304[0m 2.461 ms - -[0m
[0mGET /css/login/style2.css [36m304[0m 3.012 ms - -[0m
[0mGET /logo.png [36m304[0m 2.393 ms - -[0m
[0mGET /js/login.js [36m304[0m 1.197 ms - -[0m
[ '50191', '12345678' ]
[0mPOST /login [36m302[0m 9.020 ms - 74[0m
[0mGET /inicio?lang=es [32m200[0m 69.268 ms - 3935[0m
[0mGET /css/datatables/dataTables.css [36m304[0m 6.341 ms - -[0m
[0mGET /css/inicio.css [36m304[0m 22.992 ms - -[0m
[0mGET /css/bootstrap/bootstrap.min.css [36m304[0m 24.781 ms - -[0m
[0mGET /css/datatables/responsive.dataTables.min.css [36m304[0m 27.268 ms - -[0m
[0mGET /css/sidebar/style.css [36m304[0m 23.920 ms - -[0m
[0mGET /css/datetime/tempusdominus-bootstrap-4.min.css [36m304[0m 23.111 ms - -[0m
[0mGET /css/reports.css [36m304[0m 20.574 ms - -[0m
[0mGET /css/keyboard/index.css [36m304[0m 2.894 ms - -[0m
[0mGET /css/production/production.css [36m304[0m 4.788 ms - -[0m
[0mGET /logo.png [36m304[0m 17.119 ms - -[0m
[0mGET /js/bootstrap/bootstrap.min.js [36m304[0m 15.502 ms - -[0m
[0mGET /js/jquery/jquery-3.3.1.min.js [36m304[0m 14.789 ms - -[0m
[0mGET /js/bootstrap/jquery/popper.min.js [36m304[0m 15.667 ms - -[0m
[0mGET /js/calendar/lib/moment.min.js [36m304[0m 14.105 ms - -[0m
[0mGET /js/calendar/lib/locale/es.js [36m304[0m 10.074 ms - -[0m
[0mGET /js/calendar/lib/locale/ja.js [36m304[0m 4.040 ms - -[0m
[0mGET /js/datatables/dataTables.min.js [36m304[0m 5.947 ms - -[0m
[0mGET /js/datatables/dataTables.responsive.min.js [36m304[0m 5.667 ms - -[0m
[0mGET /js/datetime/tempusdominus-bootstrap-4.min.js [36m304[0m 5.479 ms - -[0m
[0mGET /js/datatables/jszip/jszip.min.js [36m304[0m 4.992 ms - -[0m
[0mGET /js/datatables/pdfmake/vfs_fonts.js [36m304[0m 4.922 ms - -[0m
[0mGET /js/datatables/buttons/buttons.html5.min.js [36m304[0m 10.731 ms - -[0m
[0mGET /js/validation/bootstrap-notify.min.js [36m304[0m 11.643 ms - -[0m
[0mGET /js/production.js [36m304[0m 6.410 ms - -[0m
[0mGET /js/production/cropme.js [36m304[0m 6.213 ms - -[0m
[ { name: 'Admin' } ]
[0mGET /config/users?lang=es [36m304[0m 93.081 ms - -[0m
[0mGET /css/production/operators.css [36m304[0m 3.661 ms - -[0m
[0mGET /js/production/users.js [36m304[0m 3.652 ms - -[0m
[0mGET /js/jquery/jquery.form.min.js [36m304[0m 7.081 ms - -[0m
[0mGET /js/production/photos.js [36m304[0m 5.544 ms - -[0m
[0mGET /images/process/team.png [36m304[0m 10.982 ms - -[0m
[0mGET /js/datatables/languaje/Spanish.json [36m304[0m 5.829 ms - -[0m
[0mGET /css/datatables/DataTables-1.10.18/images/sort_both.png [36m304[0m 5.685 ms - -[0m
[0mGET /css/datatables/DataTables-1.10.18/images/sort_asc.png [36m304[0m 7.799 ms - -[0m
[0mGET /tables/users?&_=1701386851383 [32m200[0m 11.165 ms - 372[0m
[0mGET /inicio?lang=es [36m304[0m 80.249 ms - -[0m
[0mGET /css/datatables/dataTables.css [36m304[0m 14.908 ms - -[0m
[0mGET /css/datatables/responsive.dataTables.min.css [36m304[0m 12.899 ms - -[0m
[0mGET /css/bootstrap/bootstrap.min.css [36m304[0m 14.547 ms - -[0m
[0mGET /css/datetime/tempusdominus-bootstrap-4.min.css [36m304[0m 7.883 ms - -[0m
[0mGET /css/sidebar/style.css [36m304[0m 7.626 ms - -[0m
[0mGET /css/inicio.css [36m304[0m 8.081 ms - -[0m
[0mGET /css/reports.css [36m304[0m 18.776 ms - -[0m
[0mGET /css/keyboard/index.css [36m304[0m 19.021 ms - -[0m
[0mGET /css/production/production.css [36m304[0m 19.067 ms - -[0m
[0mGET /js/jquery/jquery-3.3.1.min.js [36m304[0m 18.303 ms - -[0m
[0mGET /logo.png [36m304[0m 17.583 ms - -[0m
[0mGET /js/bootstrap/jquery/popper.min.js [36m304[0m 18.101 ms - -[0m
[0mGET /js/bootstrap/bootstrap.min.js [36m304[0m 6.103 ms - -[0m
[0mGET /js/calendar/lib/moment.min.js [36m304[0m 5.860 ms - -[0m
[0mGET /js/calendar/lib/locale/es.js [36m304[0m 8.904 ms - -[0m
[0mGET /js/datatables/dataTables.min.js [36m304[0m 7.029 ms - -[0m
[0mGET /js/calendar/lib/locale/ja.js [36m304[0m 7.340 ms - -[0m
[0mGET /js/datatables/dataTables.responsive.min.js [36m304[0m 7.474 ms - -[0m
[0mGET /js/datatables/jszip/jszip.min.js [36m304[0m 6.585 ms - -[0m
[0mGET /js/datetime/tempusdominus-bootstrap-4.min.js [36m304[0m 6.415 ms - -[0m
[0mGET /js/datatables/pdfmake/vfs_fonts.js [36m304[0m 7.675 ms - -[0m
[0mGET /js/datatables/buttons/buttons.html5.min.js [36m304[0m 6.733 ms - -[0m
[0mGET /js/production/cropme.js [36m304[0m 8.694 ms - -[0m
[0mGET /js/validation/bootstrap-notify.min.js [36m304[0m 8.591 ms - -[0m
[0mGET /js/production.js [36m304[0m 2.175 ms - -[0m
[0mGET /favicon.ico [36m304[0m 4.738 ms - -[0m
[0mGET / [36m304[0m 32.432 ms - -[0m
[0mGET /css/bootstrap/bootstrap.min.css [36m304[0m 3.440 ms - -[0m
[0mGET /css/login/style.css [36m304[0m 17.903 ms - -[0m
[0mGET /css/login/style2.css [36m304[0m 17.718 ms - -[0m
[0mGET /css/login/font-awesome.min.css [36m304[0m 15.997 ms - -[0m
[0mGET /logo.png [36m304[0m 19.724 ms - -[0m
[0mGET /css/login/styleLogin.css [36m304[0m 21.298 ms - -[0m
[0mGET /js/login.js [36m304[0m 16.243 ms - -[0m
[0mGET / [36m304[0m 38.226 ms - -[0m
[0mGET /css/bootstrap/bootstrap.min.css [36m304[0m 7.212 ms - -[0m
[0mGET /css/login/font-awesome.min.css [36m304[0m 6.071 ms - -[0m
[0mGET /css/login/style.css [36m304[0m 9.865 ms - -[0m
[0mGET /logo.png [36m304[0m 9.612 ms - -[0m
[0mGET /css/login/style2.css [36m304[0m 9.381 ms - -[0m
[0mGET /css/login/styleLogin.css [36m304[0m 10.222 ms - -[0m
[0mGET /js/login.js [36m304[0m 6.178 ms - -[0m
[0mGET /favicon.ico [36m304[0m 7.562 ms - -[0m
[ '50191', '12345678' ]
[0mPOST /login [36m302[0m 8.675 ms - 74[0m
[0mGET /inicio?lang=es [36m304[0m 51.375 ms - -[0m
[0mGET /css/datatables/dataTables.css [36m304[0m 7.055 ms - -[0m
[0mGET /css/datatables/responsive.dataTables.min.css [36m304[0m 8.014 ms - -[0m
[0mGET /css/bootstrap/bootstrap.min.css [36m304[0m 14.594 ms - -[0m
[0mGET /css/inicio.css [36m304[0m 12.387 ms - -[0m
[0mGET /css/reports.css [36m304[0m 11.729 ms - -[0m
[0mGET /css/sidebar/style.css [36m304[0m 13.274 ms - -[0m
[0mGET /css/datetime/tempusdominus-bootstrap-4.min.css [36m304[0m 13.939 ms - -[0m
[0mGET /css/keyboard/index.css [36m304[0m 4.504 ms - -[0m
[0mGET /css/production/production.css [36m304[0m 2.761 ms - -[0m
[0mGET /logo.png [36m304[0m 12.280 ms - -[0m
[0mGET /js/bootstrap/bootstrap.min.js [36m304[0m 13.804 ms - -[0m
[0mGET /js/bootstrap/jquery/popper.min.js [36m304[0m 13.078 ms - -[0m
[0mGET /js/calendar/lib/moment.min.js [36m304[0m 13.865 ms - -[0m
[0mGET /js/jquery/jquery-3.3.1.min.js [36m304[0m 14.466 ms - -[0m
[0mGET /js/calendar/lib/locale/es.js [36m304[0m 10.000 ms - -[0m
[0mGET /js/calendar/lib/locale/ja.js [36m304[0m 2.597 ms - -[0m
[0mGET /js/datatables/dataTables.min.js [36m304[0m 3.823 ms - -[0m
[0mGET /js/datatables/dataTables.responsive.min.js [36m304[0m 7.712 ms - -[0m
[0mGET /js/datetime/tempusdominus-bootstrap-4.min.js [36m304[0m 9.647 ms - -[0m
[0mGET /js/datatables/jszip/jszip.min.js [36m304[0m 8.482 ms - -[0m
[0mGET /js/datatables/pdfmake/vfs_fonts.js [36m304[0m 9.465 ms - -[0m
[0mGET /js/datatables/buttons/buttons.html5.min.js [36m304[0m 9.640 ms - -[0m
[0mGET /js/validation/bootstrap-notify.min.js [36m304[0m 7.673 ms - -[0m
[0mGET /js/production/cropme.js [36m304[0m 2.182 ms - -[0m
[0mGET /js/production.js [36m304[0m 2.263 ms - -[0m
[ { name: 'Admin' } ]
[0mGET /config/users?lang=es [36m304[0m 73.411 ms - -[0m
[0mGET /css/production/operators.css [36m304[0m 5.238 ms - -[0m
[0mGET /js/production/users.js [36m304[0m 4.197 ms - -[0m
[0mGET /js/jquery/jquery.form.min.js [36m304[0m 5.279 ms - -[0m
[0mGET /js/production/photos.js [36m304[0m 4.934 ms - -[0m
[0mGET /images/process/team.png [36m304[0m 4.987 ms - -[0m
[0mGET /js/datatables/languaje/Spanish.json [36m304[0m 3.870 ms - -[0m
[0mGET /css/datatables/DataTables-1.10.18/images/sort_both.png [36m304[0m 5.381 ms - -[0m
[0mGET /css/datatables/DataTables-1.10.18/images/sort_asc.png [36m304[0m 8.652 ms - -[0m
[0mGET /tables/users?&_=1701386932509 [32m200[0m 12.685 ms - 372[0m
[ { name: 'Admin' } ]
[0mGET /config/reports?lang=es [32m200[0m 120.268 ms - 13063[0m
[0mGET /css/production/operators.css [36m304[0m 5.215 ms - -[0m
[0mGET /js/production/reports.js [36m304[0m 4.036 ms - -[0m
[0mGET /js/jquery/jquery.form.min.js [36m304[0m 4.519 ms - -[0m
[0mGET /js/production/photos.js [36m304[0m 4.601 ms - -[0m
[0mGET /images/process/team2.png [36m304[0m 9.555 ms - -[0m
[0mGET /images/process/report2.png [36m304[0m 8.001 ms - -[0m
[0mGET /js/datatables/languaje/Spanish.json [36m304[0m 5.207 ms - -[0m
[0mGET /tables/reports?&_=1701386932510 [32m200[0m 8.231 ms - 2103[0m
[0mGET / [36m304[0m 37.869 ms - -[0m
[0mGET /css/bootstrap/bootstrap.min.css [36m304[0m 2.621 ms - -[0m
[0mGET /css/login/font-awesome.min.css [36m304[0m 2.201 ms - -[0m
[0mGET /js/login.js [36m304[0m 5.286 ms - -[0m
[0mGET /css/login/styleLogin.css [36m304[0m 4.168 ms - -[0m
[0mGET /css/login/style2.css [36m304[0m 4.881 ms - -[0m
[0mGET /css/login/style.css [36m304[0m 4.952 ms - -[0m
[0mGET /logo.png [36m304[0m 1.205 ms - -[0m
[0mGET / [36m304[0m 32.284 ms - -[0m
[0mGET /css/bootstrap/bootstrap.min.css [36m304[0m 3.276 ms - -[0m
[0mGET /css/login/font-awesome.min.css [36m304[0m 3.521 ms - -[0m
[0mGET /css/login/style.css [36m304[0m 2.297 ms - -[0m
[0mGET /css/login/styleLogin.css [36m304[0m 1.932 ms - -[0m
[0mGET /css/login/style2.css [36m304[0m 1.163 ms - -[0m
[0mGET /logo.png [36m304[0m 0.918 ms - -[0m
[0mGET /js/login.js [36m304[0m 1.663 ms - -[0m
[ '50191', '12345678' ]
[0mPOST /login [36m302[0m 5.838 ms - 74[0m
[0mGET /inicio?lang=es [36m304[0m 50.191 ms - -[0m
[0mGET /css/datatables/responsive.dataTables.min.css [36m304[0m 11.998 ms - -[0m
[0mGET /css/datatables/dataTables.css [36m304[0m 11.748 ms - -[0m
[0mGET /css/bootstrap/bootstrap.min.css [36m304[0m 8.679 ms - -[0m
[0mGET /css/sidebar/style.css [36m304[0m 8.351 ms - -[0m
[0mGET /css/reports.css [36m304[0m 16.741 ms - -[0m
[0mGET /css/datetime/tempusdominus-bootstrap-4.min.css [36m304[0m 15.995 ms - -[0m
[0mGET /css/inicio.css [36m304[0m 15.309 ms - -[0m
[0mGET /css/keyboard/index.css [36m304[0m 17.673 ms - -[0m
[0mGET /css/production/production.css [36m304[0m 11.032 ms - -[0m
[0mGET /js/jquery/jquery-3.3.1.min.js [36m304[0m 9.274 ms - -[0m
[0mGET /logo.png [36m304[0m 22.750 ms - -[0m
[0mGET /js/calendar/lib/moment.min.js [36m304[0m 21.059 ms - -[0m
[0mGET /js/bootstrap/bootstrap.min.js [36m304[0m 25.630 ms - -[0m
[0mGET /js/calendar/lib/locale/es.js [36m304[0m 25.016 ms - -[0m
[0mGET /js/bootstrap/jquery/popper.min.js [36m304[0m 24.370 ms - -[0m
[0mGET /js/calendar/lib/locale/ja.js [36m304[0m 23.727 ms - -[0m
[0mGET /js/datatables/dataTables.min.js [36m304[0m 6.323 ms - -[0m
[0mGET /js/datatables/dataTables.responsive.min.js [36m304[0m 5.554 ms - -[0m
[0mGET /js/datatables/jszip/jszip.min.js [36m304[0m 7.995 ms - -[0m
[0mGET /js/datetime/tempusdominus-bootstrap-4.min.js [36m304[0m 7.696 ms - -[0m
[0mGET /js/datatables/pdfmake/vfs_fonts.js [36m304[0m 7.419 ms - -[0m
[0mGET /js/datatables/buttons/buttons.html5.min.js [36m304[0m 6.808 ms - -[0m
[0mGET /js/validation/bootstrap-notify.min.js [36m304[0m 4.337 ms - -[0m
[0mGET /js/production/cropme.js [36m304[0m 3.160 ms - -[0m
[0mGET /js/production.js [36m304[0m 4.298 ms - -[0m
[ { name: 'Admin' } ]
[0mGET /config/reports?lang=es [32m200[0m 107.696 ms - 13063[0m
[0mGET /css/production/operators.css [36m304[0m 6.581 ms - -[0m
[0mGET /js/production/reports.js [36m304[0m 4.649 ms - -[0m
[0mGET /js/jquery/jquery.form.min.js [36m304[0m 4.906 ms - -[0m
[0mGET /js/production/photos.js [36m304[0m 6.202 ms - -[0m
[0mGET /images/process/report2.png [36m304[0m 8.834 ms - -[0m
[0mGET /images/process/team2.png [36m304[0m 9.066 ms - -[0m
[0mGET /js/datatables/languaje/Spanish.json [36m304[0m 5.047 ms - -[0m
[0mGET /css/datatables/DataTables-1.10.18/images/sort_both.png [36m304[0m 4.945 ms - -[0m
[0mGET /tables/reports?&_=1701387058024 [32m200[0m 9.203 ms - 2103[0m
[0mGET /css/datatables/DataTables-1.10.18/images/sort_asc.png [36m304[0m 6.347 ms - -[0m
[Object: null prototype] {
  report: 'prueba',
  Id: '',
  auditoria: 'prueba',
  proceso: 'prueba',
  planta: '2',
  titulo: 'ahcgvjbklm',
  hallazgo: 'NCM',
  fecha: '2023-11-30',
  fechaC: '2023-12-07',
  usuario: [ 'vbnm', 'cfvghj', 'hvbjnk' ]
}
[0mPOST /config/report [32m200[0m 17.388 ms - 67[0m
null
[0mGET /tables/reports?&_=1701387058025 [32m200[0m 7.913 ms - 2301[0m
[0mGET /correo/Doc.html- [32m200[0m 11.047 ms - 15755[0m
Message sent: undefined
correo enviado
[0mGET /inicio?lang=es [32m200[0m 19.959 ms - 163[0m
[0mGET / [36m304[0m 104.068 ms - -[0m
[0mGET /css/bootstrap/bootstrap.min.css [36m304[0m 7.749 ms - -[0m
[0mGET /css/login/font-awesome.min.css [36m304[0m 7.096 ms - -[0m
[0mGET /css/login/styleLogin.css [36m304[0m 5.554 ms - -[0m
[0mGET /css/login/style.css [36m304[0m 2.578 ms - -[0m
[0mGET /css/login/style2.css [36m304[0m 2.289 ms - -[0m
[0mGET /logo.png [36m304[0m 2.523 ms - -[0m
[0mGET /js/login.js [36m304[0m 2.837 ms - -[0m
[ '50191', '12345678' ]
[0mPOST /login [36m302[0m 31.085 ms - 74[0m
[0mGET /inicio?lang=es [32m200[0m 102.505 ms - 3935[0m
[0mGET /css/datatables/dataTables.css [36m304[0m 8.619 ms - -[0m
[0mGET /css/datatables/responsive.dataTables.min.css [36m304[0m 12.545 ms - -[0m
[0mGET /css/bootstrap/bootstrap.min.css [36m304[0m 13.297 ms - -[0m
[0mGET /css/datetime/tempusdominus-bootstrap-4.min.css [36m304[0m 14.590 ms - -[0m
[0mGET /css/sidebar/style.css [36m304[0m 15.325 ms - -[0m
[0mGET /css/inicio.css [36m304[0m 14.969 ms - -[0m
[0mGET /css/reports.css [36m304[0m 12.945 ms - -[0m
[0mGET /css/keyboard/index.css [36m304[0m 4.842 ms - -[0m
[0mGET /css/production/production.css [36m304[0m 4.594 ms - -[0m
[0mGET /logo.png [36m304[0m 7.677 ms - -[0m
[0mGET /js/jquery/jquery-3.3.1.min.js [36m304[0m 9.284 ms - -[0m
[0mGET /js/bootstrap/jquery/popper.min.js [36m304[0m 10.048 ms - -[0m
[0mGET /js/bootstrap/bootstrap.min.js [36m304[0m 7.783 ms - -[0m
[0mGET /js/calendar/lib/moment.min.js [36m304[0m 8.217 ms - -[0m
[0mGET /js/calendar/lib/locale/es.js [36m304[0m 8.138 ms - -[0m
[0mGET /js/calendar/lib/locale/ja.js [36m304[0m 3.906 ms - -[0m
[0mGET /js/datatables/dataTables.min.js [36m304[0m 3.966 ms - -[0m
[0mGET /js/datatables/dataTables.responsive.min.js [36m304[0m 12.876 ms - -[0m
[0mGET /js/datatables/pdfmake/vfs_fonts.js [36m304[0m 15.909 ms - -[0m
[0mGET /js/datetime/tempusdominus-bootstrap-4.min.js [36m304[0m 13.465 ms - -[0m
[0mGET /js/datatables/buttons/buttons.html5.min.js [36m304[0m 13.143 ms - -[0m
[0mGET /js/datatables/jszip/jszip.min.js [36m304[0m 16.329 ms - -[0m
[0mGET /js/validation/bootstrap-notify.min.js [36m304[0m 14.223 ms - -[0m
[0mGET /js/production.js [36m304[0m 3.476 ms - -[0m
[0mGET /js/production/cropme.js [36m304[0m 11.614 ms - -[0m
[ { name: 'Admin' } ]
[0mGET /config/reports?lang=es [36m304[0m 184.337 ms - -[0m
[0mGET /css/production/operators.css [36m304[0m 7.438 ms - -[0m
[0mGET /js/production/reports.js [36m304[0m 6.619 ms - -[0m
[0mGET /js/jquery/jquery.form.min.js [36m304[0m 4.654 ms - -[0m
[0mGET /js/production/photos.js [36m304[0m 4.926 ms - -[0m
[0mGET /images/process/team2.png [36m304[0m 11.165 ms - -[0m
[0mGET /images/process/report2.png [36m304[0m 11.146 ms - -[0m
[0mGET /js/datatables/languaje/Spanish.json [36m304[0m 3.967 ms - -[0m
[0mGET /css/datatables/DataTables-1.10.18/images/sort_both.png [36m304[0m 14.150 ms - -[0m
[0mGET /css/datatables/DataTables-1.10.18/images/sort_asc.png [36m304[0m 7.996 ms - -[0m
[0mGET /tables/reports?&_=1701701081567 [32m200[0m 35.001 ms - 2301[0m
[0mGET /inicio?lang=es [36m304[0m 88.053 ms - -[0m
[0mGET /css/datatables/dataTables.css [36m304[0m 11.995 ms - -[0m
[0mGET /css/datatables/responsive.dataTables.min.css [36m304[0m 13.354 ms - -[0m
[0mGET /css/bootstrap/bootstrap.min.css [36m304[0m 12.311 ms - -[0m
[0mGET /css/sidebar/style.css [36m304[0m 9.283 ms - -[0m
[0mGET /css/datetime/tempusdominus-bootstrap-4.min.css [36m304[0m 11.613 ms - -[0m
[0mGET /css/inicio.css [36m304[0m 9.461 ms - -[0m
[0mGET /css/keyboard/index.css [36m304[0m 8.839 ms - -[0m
[0mGET /css/reports.css [36m304[0m 8.335 ms - -[0m
[0mGET /css/production/production.css [36m304[0m 8.953 ms - -[0m
[0mGET /js/jquery/jquery-3.3.1.min.js [36m304[0m 5.787 ms - -[0m
[0mGET /logo.png [36m304[0m 6.139 ms - -[0m
[0mGET /js/bootstrap/jquery/popper.min.js [36m304[0m 6.614 ms - -[0m
[0mGET /js/bootstrap/bootstrap.min.js [36m304[0m 11.650 ms - -[0m
[0mGET /js/calendar/lib/moment.min.js [36m304[0m 10.118 ms - -[0m
[0mGET /js/calendar/lib/locale/es.js [36m304[0m 6.839 ms - -[0m
[0mGET /js/datatables/dataTables.min.js [36m304[0m 10.789 ms - -[0m
[0mGET /js/calendar/lib/locale/ja.js [36m304[0m 10.223 ms - -[0m
[0mGET /js/datatables/dataTables.responsive.min.js [36m304[0m 8.813 ms - -[0m
[0mGET /js/datetime/tempusdominus-bootstrap-4.min.js [36m304[0m 11.719 ms - -[0m
[0mGET /js/datatables/jszip/jszip.min.js [36m304[0m 10.968 ms - -[0m
[0mGET /js/datatables/pdfmake/vfs_fonts.js [36m304[0m 7.382 ms - -[0m
[0mGET /js/datatables/buttons/buttons.html5.min.js [36m304[0m 4.182 ms - -[0m
[0mGET /js/validation/bootstrap-notify.min.js [36m304[0m 3.538 ms - -[0m
[0mGET /js/production/cropme.js [36m304[0m 4.135 ms - -[0m
[0mGET /js/production.js [36m304[0m 2.521 ms - -[0m
[ { name: 'Admin' } ]
[0mGET /config/reports?lang=es [36m304[0m 129.121 ms - -[0m
[0mGET /css/production/operators.css [36m304[0m 7.968 ms - -[0m
[0mGET /js/production/reports.js [36m304[0m 7.311 ms - -[0m
[0mGET /js/jquery/jquery.form.min.js [36m304[0m 1.792 ms - -[0m
[0mGET /js/production/photos.js [36m304[0m 3.725 ms - -[0m
[0mGET /images/process/report2.png [36m304[0m 7.051 ms - -[0m
[0mGET /images/process/team2.png [36m304[0m 5.940 ms - -[0m
[0mGET /js/datatables/languaje/Spanish.json [36m304[0m 2.693 ms - -[0m
[0mGET /css/datatables/DataTables-1.10.18/images/sort_both.png [36m304[0m 13.495 ms - -[0m
[0mGET /tables/reports?&_=1701706250098 [32m200[0m 10.129 ms - 2301[0m
[0mGET /css/datatables/DataTables-1.10.18/images/sort_asc.png [36m304[0m 8.817 ms - -[0m
[0mGET /inicio?lang=es [36m304[0m 59.740 ms - -[0m
[0mGET /css/datatables/dataTables.css [36m304[0m 15.411 ms - -[0m
[0mGET /css/datatables/responsive.dataTables.min.css [36m304[0m 10.781 ms - -[0m
[0mGET /css/sidebar/style.css [36m304[0m 10.912 ms - -[0m
[0mGET /css/bootstrap/bootstrap.min.css [36m304[0m 9.997 ms - -[0m
[0mGET /css/inicio.css [36m304[0m 8.663 ms - -[0m
[0mGET /css/datetime/tempusdominus-bootstrap-4.min.css [36m304[0m 8.681 ms - -[0m
[0mGET /css/reports.css [36m304[0m 4.965 ms - -[0m
[0mGET /css/keyboard/index.css [36m304[0m 6.298 ms - -[0m
[0mGET /css/production/production.css [36m304[0m 5.459 ms - -[0m
[0mGET /js/jquery/jquery-3.3.1.min.js [36m304[0m 5.301 ms - -[0m
[0mGET /logo.png [36m304[0m 6.375 ms - -[0m
[0mGET /js/bootstrap/jquery/popper.min.js [36m304[0m 6.526 ms - -[0m
[0mGET /js/bootstrap/bootstrap.min.js [36m304[0m 3.466 ms - -[0m
[0mGET /js/calendar/lib/moment.min.js [36m304[0m 5.889 ms - -[0m
[0mGET /js/calendar/lib/locale/ja.js [36m304[0m 6.135 ms - -[0m
[0mGET /js/calendar/lib/locale/es.js [36m304[0m 5.318 ms - -[0m
[0mGET /js/datatables/dataTables.min.js [36m304[0m 6.625 ms - -[0m
[0mGET /js/datatables/dataTables.responsive.min.js [36m304[0m 5.624 ms - -[0m
[0mGET /js/datetime/tempusdominus-bootstrap-4.min.js [36m304[0m 6.132 ms - -[0m
[0mGET /js/datatables/jszip/jszip.min.js [36m304[0m 3.766 ms - -[0m
[0mGET /js/datatables/pdfmake/vfs_fonts.js [36m304[0m 4.550 ms - -[0m
[0mGET /js/datatables/buttons/buttons.html5.min.js [36m304[0m 4.946 ms - -[0m
[0mGET /js/validation/bootstrap-notify.min.js [36m304[0m 4.116 ms - -[0m
[0mGET /js/production/cropme.js [36m304[0m 4.245 ms - -[0m
[0mGET /js/production.js [36m304[0m 4.346 ms - -[0m
[0mGET /favicon.ico [36m304[0m 4.789 ms - -[0m
[ { name: 'Admin' } ]
[0mGET /config/reports?lang=es [36m304[0m 104.122 ms - -[0m
[0mGET /images/process/team2.png [36m304[0m 6.936 ms - -[0m
[0mGET /images/process/report2.png [36m304[0m 4.932 ms - -[0m
[0mGET /css/production/operators.css [36m304[0m 4.724 ms - -[0m
[0mGET /js/production/reports.js [36m304[0m 5.241 ms - -[0m
[0mGET /js/jquery/jquery.form.min.js [36m304[0m 3.053 ms - -[0m
[0mGET /js/production/photos.js [36m304[0m 2.192 ms - -[0m
[0mGET /js/datatables/languaje/Spanish.json [36m304[0m 2.736 ms - -[0m
[0mGET /css/datatables/DataTables-1.10.18/images/sort_both.png [36m304[0m 4.054 ms - -[0m
[0mGET /css/datatables/DataTables-1.10.18/images/sort_asc.png [36m304[0m 7.651 ms - -[0m
[0mGET /tables/reports?&_=1701706286024 [32m200[0m 12.306 ms - 2301[0m
[0mGET /inicio?lang=es [31m500[0m 9.444 ms - -[0m
[0mGET /inicio?lang=es [31m500[0m 8.238 ms - -[0m
[0mGET /inicio?lang=es [31m500[0m 6.680 ms - -[0m
[0mGET /favicon.ico [36m304[0m 5.311 ms - -[0m
[0mGET /inicio?lang=es [31m500[0m 3.672 ms - -[0m
[0mGET /favicon.ico [36m304[0m 4.951 ms - -[0m
[0mGET /inicio?lang=es [32m200[0m 56.112 ms - 3935[0m
[0mGET /css/datatables/dataTables.css [36m304[0m 2.410 ms - -[0m
[0mGET /css/datatables/responsive.dataTables.min.css [36m304[0m 4.030 ms - -[0m
[0mGET /css/bootstrap/bootstrap.min.css [36m304[0m 4.648 ms - -[0m
[0mGET /css/sidebar/style.css [36m304[0m 12.038 ms - -[0m
[0mGET /css/datetime/tempusdominus-bootstrap-4.min.css [36m304[0m 13.474 ms - -[0m
[0mGET /css/inicio.css [36m304[0m 12.228 ms - -[0m
[0mGET /css/reports.css [36m304[0m 5.889 ms - -[0m
[0mGET /css/production/production.css [36m304[0m 6.547 ms - -[0m
[0mGET /css/keyboard/index.css [36m304[0m 19.424 ms - -[0m
[0mGET /logo.png [36m304[0m 13.146 ms - -[0m
[0mGET /js/bootstrap/jquery/popper.min.js [36m304[0m 12.883 ms - -[0m
[0mGET /js/jquery/jquery-3.3.1.min.js [36m304[0m 17.220 ms - -[0m
[0mGET /js/bootstrap/bootstrap.min.js [36m304[0m 2.753 ms - -[0m
[0mGET /js/calendar/lib/moment.min.js [36m304[0m 2.265 ms - -[0m
[0mGET /js/calendar/lib/locale/es.js [36m304[0m 5.035 ms - -[0m
[0mGET /js/calendar/lib/locale/ja.js [36m304[0m 3.167 ms - -[0m
[0mGET /js/datatables/dataTables.min.js [36m304[0m 3.907 ms - -[0m
[0mGET /js/datatables/dataTables.responsive.min.js [36m304[0m 6.017 ms - -[0m
[0mGET /js/datetime/tempusdominus-bootstrap-4.min.js [36m304[0m 4.645 ms - -[0m
[0mGET /js/datatables/jszip/jszip.min.js [36m304[0m 3.204 ms - -[0m
[0mGET /js/datatables/pdfmake/vfs_fonts.js [36m304[0m 7.461 ms - -[0m
[0mGET /js/datatables/buttons/buttons.html5.min.js [36m304[0m 6.163 ms - -[0m
[0mGET /js/validation/bootstrap-notify.min.js [36m304[0m 3.984 ms - -[0m
[0mGET /js/production/cropme.js [36m304[0m 3.985 ms - -[0m
[0mGET /js/production.js [36m304[0m 3.642 ms - -[0m
[ { name: 'Admin' } ]
[0mGET /config/reports?lang=es [32m200[0m 107.506 ms - 13589[0m
[0mGET /css/production/operators.css [36m304[0m 4.229 ms - -[0m
[0mGET /js/production/reports.js [36m304[0m 3.678 ms - -[0m
[0mGET /js/jquery/jquery.form.min.js [36m304[0m 1.753 ms - -[0m
[0mGET /js/production/photos.js [36m304[0m 1.946 ms - -[0m
[0mGET /images/process/team2.png [36m304[0m 4.251 ms - -[0m
[0mGET /images/process/report2.png [36m304[0m 3.482 ms - -[0m
[0mGET /js/datatables/languaje/Spanish.json [36m304[0m 3.797 ms - -[0m
[0mGET /css/datatables/DataTables-1.10.18/images/sort_both.png [36m304[0m 4.152 ms - -[0m
[0mGET /css/datatables/DataTables-1.10.18/images/sort_asc.png [36m304[0m 6.068 ms - -[0m
[0mGET /tables/reports?&_=1701707214347 [32m200[0m 9.311 ms - 2301[0m
[0mGET /inicio?lang=es [36m304[0m 51.859 ms - -[0m
[0mGET /css/datatables/responsive.dataTables.min.css [36m304[0m 10.488 ms - -[0m
[0mGET /css/sidebar/style.css [36m304[0m 15.777 ms - -[0m
[0mGET /css/bootstrap/bootstrap.min.css [36m304[0m 17.150 ms - -[0m
[0mGET /css/inicio.css [36m304[0m 16.511 ms - -[0m
[0mGET /css/datetime/tempusdominus-bootstrap-4.min.css [36m304[0m 18.102 ms - -[0m
[0mGET /css/reports.css [36m304[0m 5.750 ms - -[0m
[0mGET /css/keyboard/index.css [36m304[0m 6.076 ms - -[0m
[0mGET /js/jquery/jquery-3.3.1.min.js [36m304[0m 10.820 ms - -[0m
[0mGET /css/production/production.css [36m304[0m 10.405 ms - -[0m
[0mGET /logo.png [36m304[0m 10.202 ms - -[0m
[0mGET /js/bootstrap/jquery/popper.min.js [36m304[0m 6.913 ms - -[0m
[0mGET /js/bootstrap/bootstrap.min.js [36m304[0m 2.863 ms - -[0m
[0mGET /js/calendar/lib/locale/es.js [36m304[0m 9.447 ms - -[0m
[0mGET /js/calendar/lib/moment.min.js [36m304[0m 8.907 ms - -[0m
[0mGET /js/datatables/dataTables.min.js [36m304[0m 7.794 ms - -[0m
[0mGET /js/calendar/lib/locale/ja.js [36m304[0m 8.171 ms - -[0m
[0mGET /js/datatables/dataTables.responsive.min.js [36m304[0m 8.854 ms - -[0m
[0mGET /js/datetime/tempusdominus-bootstrap-4.min.js [36m304[0m 3.028 ms - -[0m
[0mGET /js/datatables/jszip/jszip.min.js [36m304[0m 2.289 ms - -[0m
[0mGET /js/datatables/pdfmake/vfs_fonts.js [36m304[0m 11.767 ms - -[0m
[0mGET /js/datatables/buttons/buttons.html5.min.js [36m304[0m 10.542 ms - -[0m
[0mGET /js/validation/bootstrap-notify.min.js [36m304[0m 11.431 ms - -[0m
[0mGET /js/production.js [36m304[0m 7.347 ms - -[0m
[0mGET /js/production/cropme.js [36m304[0m 6.830 ms - -[0m
[0mGET /css/datatables/dataTables.css [36m304[0m 6.551 ms - -[0m
[0mGET /favicon.ico [36m304[0m 5.037 ms - -[0m
[ { name: 'Admin' } ]
[0mGET /config/reports?lang=es [36m304[0m 119.166 ms - -[0m
[0mGET /images/process/team2.png [36m304[0m 10.758 ms - -[0m
[0mGET /images/process/report2.png [36m304[0m 11.538 ms - -[0m
[0mGET /css/production/operators.css [36m304[0m 11.359 ms - -[0m
[0mGET /js/production/reports.js [36m304[0m 10.783 ms - -[0m
[0mGET /js/jquery/jquery.form.min.js [36m304[0m 3.351 ms - -[0m
[0mGET /js/production/photos.js [36m304[0m 4.067 ms - -[0m
[0mGET /js/datatables/languaje/Spanish.json [36m304[0m 4.287 ms - -[0m
[0mGET /css/datatables/DataTables-1.10.18/images/sort_both.png [36m304[0m 3.158 ms - -[0m
[0mGET /css/datatables/DataTables-1.10.18/images/sort_asc.png [36m304[0m 7.383 ms - -[0m
[0mGET /tables/reports?&_=1701707779866 [32m200[0m 11.960 ms - 2301[0m
[0mGET /inicio?lang=es [36m304[0m 59.489 ms - -[0m
[0mGET /css/datatables/dataTables.css [36m304[0m 3.177 ms - -[0m
[0mGET /css/datatables/responsive.dataTables.min.css [36m304[0m 7.681 ms - -[0m
[0mGET /css/bootstrap/bootstrap.min.css [36m304[0m 9.140 ms - -[0m
[0mGET /css/sidebar/style.css [36m304[0m 8.830 ms - -[0m
[0mGET /css/datetime/tempusdominus-bootstrap-4.min.css [36m304[0m 7.735 ms - -[0m
[0mGET /css/inicio.css [36m304[0m 5.660 ms - -[0m
[0mGET /css/reports.css [36m304[0m 5.956 ms - -[0m
[0mGET /css/keyboard/index.css [36m304[0m 4.687 ms - -[0m
[0mGET /js/jquery/jquery-3.3.1.min.js [36m304[0m 4.892 ms - -[0m
[0mGET /css/production/production.css [36m304[0m 5.440 ms - -[0m
[0mGET /logo.png [36m304[0m 3.696 ms - -[0m
[0mGET /js/bootstrap/jquery/popper.min.js [36m304[0m 3.680 ms - -[0m
[0mGET /js/calendar/lib/moment.min.js [36m304[0m 3.340 ms - -[0m
[0mGET /js/bootstrap/bootstrap.min.js [36m304[0m 5.108 ms - -[0m
[0mGET /js/calendar/lib/locale/es.js [36m304[0m 5.980 ms - -[0m
[0mGET /js/calendar/lib/locale/ja.js [36m304[0m 5.668 ms - -[0m
[0mGET /js/datatables/dataTables.min.js [36m304[0m 6.876 ms - -[0m
[0mGET /js/datatables/dataTables.responsive.min.js [36m304[0m 5.932 ms - -[0m
[0mGET /js/datetime/tempusdominus-bootstrap-4.min.js [36m304[0m 4.907 ms - -[0m
[0mGET /js/datatables/jszip/jszip.min.js [36m304[0m 4.729 ms - -[0m
[0mGET /js/datatables/pdfmake/vfs_fonts.js [36m304[0m 2.637 ms - -[0m
[0mGET /js/datatables/buttons/buttons.html5.min.js [36m304[0m 2.883 ms - -[0m
[0mGET /js/production/cropme.js [36m304[0m 3.163 ms - -[0m
[0mGET /js/validation/bootstrap-notify.min.js [36m304[0m 2.994 ms - -[0m
[0mGET /js/production.js [36m304[0m 2.049 ms - -[0m
[0mGET /favicon.ico [36m304[0m 5.293 ms - -[0m
[0mGET /inicio?lang=es [36m304[0m 45.184 ms - -[0m
[0mGET /css/datatables/dataTables.css [36m304[0m 3.320 ms - -[0m
[0mGET /css/datetime/tempusdominus-bootstrap-4.min.css [36m304[0m 10.609 ms - -[0m
[0mGET /css/sidebar/style.css [36m304[0m 10.708 ms - -[0m
[0mGET /css/datatables/responsive.dataTables.min.css [36m304[0m 11.813 ms - -[0m
[0mGET /css/bootstrap/bootstrap.min.css [36m304[0m 11.534 ms - -[0m
[0mGET /css/inicio.css [36m304[0m 11.232 ms - -[0m
[0mGET /css/reports.css [36m304[0m 8.009 ms - -[0m
[0mGET /css/keyboard/index.css [36m304[0m 2.915 ms - -[0m
[0mGET /css/production/production.css [36m304[0m 2.664 ms - -[0m
[0mGET /js/bootstrap/bootstrap.min.js [36m304[0m 5.117 ms - -[0m
[0mGET /logo.png [36m304[0m 8.265 ms - -[0m
[0mGET /js/bootstrap/jquery/popper.min.js [36m304[0m 8.084 ms - -[0m
[0mGET /js/jquery/jquery-3.3.1.min.js [36m304[0m 8.901 ms - -[0m
[0mGET /js/calendar/lib/moment.min.js [36m304[0m 6.760 ms - -[0m
[0mGET /js/calendar/lib/locale/es.js [36m304[0m 6.816 ms - -[0m
[0mGET /js/calendar/lib/locale/ja.js [36m304[0m 2.460 ms - -[0m
[0mGET /js/datatables/dataTables.min.js [36m304[0m 2.803 ms - -[0m
[0mGET /js/datatables/dataTables.responsive.min.js [36m304[0m 3.500 ms - -[0m
[0mGET /js/datetime/tempusdominus-bootstrap-4.min.js [36m304[0m 5.283 ms - -[0m
[0mGET /js/datatables/jszip/jszip.min.js [36m304[0m 5.101 ms - -[0m
[0mGET /js/datatables/pdfmake/vfs_fonts.js [36m304[0m 5.715 ms - -[0m
[0mGET /js/datatables/buttons/buttons.html5.min.js [36m304[0m 4.397 ms - -[0m
[0mGET /js/validation/bootstrap-notify.min.js [36m304[0m 1.779 ms - -[0m
[0mGET /js/production/cropme.js [36m304[0m 1.752 ms - -[0m
[0mGET /js/production.js [36m304[0m 2.498 ms - -[0m
[0mGET /favicon.ico [36m304[0m 3.427 ms - -[0m
[ { name: 'Admin' } ]
[0mGET /config/reports?lang=es [36m304[0m 105.876 ms - -[0m
[0mGET /css/production/operators.css [36m304[0m 9.764 ms - -[0m
[0mGET /js/production/reports.js [36m304[0m 9.026 ms - -[0m
[0mGET /js/jquery/jquery.form.min.js [36m304[0m 1.818 ms - -[0m
[0mGET /js/production/photos.js [36m304[0m 1.811 ms - -[0m
[0mGET /images/process/team2.png [36m304[0m 8.245 ms - -[0m
[0mGET /images/process/report2.png [36m304[0m 9.476 ms - -[0m
[0mGET /js/datatables/languaje/Spanish.json [36m304[0m 5.955 ms - -[0m
[0mGET /tables/reports?&_=1701707810196 [32m200[0m 6.705 ms - 2301[0m
[0mGET /inicio?lang=es [36m304[0m 52.626 ms - -[0m
[0mGET /css/datatables/dataTables.css [36m304[0m 16.577 ms - -[0m
[0mGET /css/datatables/responsive.dataTables.min.css [36m304[0m 14.734 ms - -[0m
[0mGET /css/bootstrap/bootstrap.min.css [36m304[0m 18.237 ms - -[0m
[0mGET /css/sidebar/style.css [36m304[0m 13.782 ms - -[0m
[0mGET /css/datetime/tempusdominus-bootstrap-4.min.css [36m304[0m 13.293 ms - -[0m
[0mGET /css/inicio.css [36m304[0m 12.922 ms - -[0m
[0mGET /css/reports.css [36m304[0m 4.189 ms - -[0m
[0mGET /css/keyboard/index.css [36m304[0m 3.264 ms - -[0m
[0mGET /css/production/production.css [36m304[0m 6.221 ms - -[0m
[0mGET /js/jquery/jquery-3.3.1.min.js [36m304[0m 9.755 ms - -[0m
[0mGET /logo.png [36m304[0m 13.270 ms - -[0m
[0mGET /js/bootstrap/jquery/popper.min.js [36m304[0m 12.813 ms - -[0m
[0mGET /js/bootstrap/bootstrap.min.js [36m304[0m 9.404 ms - -[0m
[0mGET /js/calendar/lib/moment.min.js [36m304[0m 10.619 ms - -[0m
[0mGET /js/calendar/lib/locale/es.js [36m304[0m 5.684 ms - -[0m
[0mGET /js/calendar/lib/locale/ja.js [36m304[0m 3.382 ms - -[0m
[0mGET /js/datatables/dataTables.min.js [36m304[0m 8.182 ms - -[0m
[0mGET /js/datatables/dataTables.responsive.min.js [36m304[0m 7.709 ms - -[0m
[0mGET /js/datetime/tempusdominus-bootstrap-4.min.js [36m304[0m 12.715 ms - -[0m
[0mGET /js/datatables/jszip/jszip.min.js [36m304[0m 15.155 ms - -[0m
[0mGET /js/datatables/pdfmake/vfs_fonts.js [36m304[0m 13.808 ms - -[0m
[0mGET /js/datatables/buttons/buttons.html5.min.js [36m304[0m 12.941 ms - -[0m
[0mGET /js/production/cropme.js [36m304[0m 10.249 ms - -[0m
[0mGET /js/validation/bootstrap-notify.min.js [36m304[0m 10.571 ms - -[0m
[0mGET /js/production.js [36m304[0m 2.860 ms - -[0m
[0mGET /favicon.ico [36m304[0m 4.438 ms - -[0m
[0mGET /inicio?lang=es [36m304[0m 218.871 ms - -[0m
[0mGET /css/datatables/dataTables.css [36m304[0m 13.993 ms - -[0m
[0mGET /css/bootstrap/bootstrap.min.css [36m304[0m 12.019 ms - -[0m
[0mGET /css/datatables/responsive.dataTables.min.css [36m304[0m 13.780 ms - -[0m
[0mGET /css/sidebar/style.css [36m304[0m 10.798 ms - -[0m
[0mGET /css/datetime/tempusdominus-bootstrap-4.min.css [36m304[0m 9.269 ms - -[0m
[0mGET /css/inicio.css [36m304[0m 8.467 ms - -[0m
[0mGET /css/reports.css [36m304[0m 4.208 ms - -[0m
[0mGET /css/keyboard/index.css [36m304[0m 5.029 ms - -[0m
[0mGET /css/production/production.css [36m304[0m 5.197 ms - -[0m
[0mGET /logo.png [36m304[0m 9.556 ms - -[0m
[0mGET /js/jquery/jquery-3.3.1.min.js [36m304[0m 12.496 ms - -[0m
[0mGET /js/bootstrap/jquery/popper.min.js [36m304[0m 9.422 ms - -[0m
[0mGET /js/bootstrap/bootstrap.min.js [36m304[0m 2.259 ms - -[0m
[0mGET /js/calendar/lib/moment.min.js [36m304[0m 11.628 ms - -[0m
[0mGET /js/calendar/lib/locale/es.js [36m304[0m 10.707 ms - -[0m
[0mGET /js/calendar/lib/locale/ja.js [36m304[0m 2.500 ms - -[0m
[0mGET /js/datatables/dataTables.min.js [36m304[0m 10.542 ms - -[0m
[0mGET /js/datatables/dataTables.responsive.min.js [36m304[0m 7.036 ms - -[0m
[0mGET /js/datetime/tempusdominus-bootstrap-4.min.js [36m304[0m 7.275 ms - -[0m
[0mGET /js/datatables/jszip/jszip.min.js [36m304[0m 8.029 ms - -[0m
[0mGET /js/datatables/pdfmake/vfs_fonts.js [36m304[0m 10.193 ms - -[0m
[0mGET /js/datatables/buttons/buttons.html5.min.js [36m304[0m 9.588 ms - -[0m
[0mGET /js/validation/bootstrap-notify.min.js [36m304[0m 4.612 ms - -[0m
[0mGET /js/production/cropme.js [36m304[0m 5.236 ms - -[0m
[0mGET /js/production.js [36m304[0m 4.217 ms - -[0m
[ { name: 'Admin' } ]
[0mGET /config/reports?lang=es [36m304[0m 216.681 ms - -[0m
[0mGET /css/production/operators.css [36m304[0m 8.247 ms - -[0m
[0mGET /js/production/reports.js [36m304[0m 7.685 ms - -[0m
[0mGET /js/jquery/jquery.form.min.js [36m304[0m 4.203 ms - -[0m
[0mGET /js/production/photos.js [36m304[0m 5.044 ms - -[0m
[0mGET /images/process/report2.png [36m304[0m 6.448 ms - -[0m
[0mGET /images/process/team2.png [36m304[0m 8.025 ms - -[0m
[0mGET /js/datatables/languaje/Spanish.json [36m304[0m 4.306 ms - -[0m
[0mGET /css/datatables/DataTables-1.10.18/images/sort_both.png [36m304[0m 9.358 ms - -[0m
[0mGET /css/datatables/DataTables-1.10.18/images/sort_asc.png [36m304[0m 10.260 ms - -[0m
[0mGET /tables/reports?&_=1701784864415 [32m200[0m 30.897 ms - 2301[0m
[0mGET /inicio?lang=es [31m500[0m 25.124 ms - -[0m
[0mGET /favicon.ico [36m304[0m 5.181 ms - -[0m
[0mGET /inicio?lang=es [31m500[0m 17.574 ms - -[0m
[0mGET /inicio?lang=es [31m500[0m 10.415 ms - -[0m
[0mGET /favicon.ico [36m304[0m 9.030 ms - -[0m
[0mGET /inicio?lang=es [31m500[0m 6.702 ms - -[0m
[0mGET /favicon.ico [36m304[0m 3.529 ms - -[0m
[0mGET /inicio?lang=es [31m500[0m 8.559 ms - -[0m
[0mGET /inicio?lang=es [31m500[0m 6.687 ms - -[0m
[0mGET /inicio [31m500[0m 5.631 ms - -[0m
[0mGET /inicio [31m500[0m 8.915 ms - -[0m
[0mGET /favicon.ico [36m304[0m 5.533 ms - -[0m
[0mGET /inicio [31m500[0m 5.466 ms - -[0m
[0mGET /favicon.ico [36m304[0m 2.954 ms - -[0m
[0mGET /inicio [31m500[0m 6.468 ms - -[0m
[0mGET /favicon.ico [36m304[0m 5.380 ms - -[0m
[0mGET /inicio [31m500[0m 9.208 ms - -[0m
[0mGET /favicon.ico [36m304[0m 5.440 ms - -[0m
[0mGET / [31m500[0m 7.645 ms - -[0m
[0mGET / [31m500[0m 8.751 ms - -[0m
[0mGET /favicon.ico [36m304[0m 5.269 ms - -[0m
[0mGET / [31m500[0m 7.917 ms - -[0m
[0mGET /favicon.ico [36m304[0m 7.996 ms - -[0m
[0mGET /inicio?lang=es [31m500[0m 6.266 ms - -[0m
[0mGET /inicio?lang=es [31m500[0m 5.888 ms - -[0m
[0mGET / [31m500[0m 7.772 ms - -[0m
[0mGET / [31m500[0m 5.648 ms - -[0m
[0mGET / [31m500[0m 5.535 ms - -[0m
[0mGET /favicon.ico [36m304[0m 6.461 ms - -[0m
[0mGET / [31m500[0m 6.083 ms - -[0m
[0mGET /favicon.ico [36m304[0m 4.908 ms - -[0m
[0mGET / [32m200[0m 78.666 ms - 2234[0m
[0mGET /css/bootstrap/bootstrap.min.css [36m304[0m 22.654 ms - -[0m
[0mGET /css/login/font-awesome.min.css [36m304[0m 28.000 ms - -[0m
[0mGET /css/login/styleLogin.css [36m304[0m 27.686 ms - -[0m
[0mGET /css/login/style2.css [36m304[0m 28.679 ms - -[0m
[0mGET /css/login/style.css [36m304[0m 28.011 ms - -[0m
[0mGET /logo.png [36m304[0m 21.634 ms - -[0m
[0mGET /js/login.js [36m304[0m 4.324 ms - -[0m
[0mGET /favicon.ico [36m304[0m 4.489 ms - -[0m
[ '50191', '12345678' ]
[0mPOST /login [36m302[0m 27.632 ms - 74[0m
[0mGET /inicio?lang=es [32m200[0m 73.165 ms - 3935[0m
[0mGET /css/datatables/dataTables.css [36m304[0m 6.572 ms - -[0m
[0mGET /css/bootstrap/bootstrap.min.css [36m304[0m 12.119 ms - -[0m
[0mGET /css/datatables/responsive.dataTables.min.css [36m304[0m 13.252 ms - -[0m
[0mGET /css/inicio.css [36m304[0m 12.778 ms - -[0m
[0mGET /css/datetime/tempusdominus-bootstrap-4.min.css [36m304[0m 12.464 ms - -[0m
[0mGET /css/sidebar/style.css [36m304[0m 12.160 ms - -[0m
[0mGET /css/reports.css [36m304[0m 9.134 ms - -[0m
[0mGET /css/keyboard/index.css [36m304[0m 4.743 ms - -[0m
[0mGET /css/production/production.css [36m304[0m 11.511 ms - -[0m
[0mGET /logo.png [36m304[0m 10.476 ms - -[0m
[0mGET /js/bootstrap/bootstrap.min.js [36m304[0m 12.358 ms - -[0m
[0mGET /js/jquery/jquery-3.3.1.min.js [36m304[0m 10.539 ms - -[0m
[0mGET /js/bootstrap/jquery/popper.min.js [36m304[0m 9.851 ms - -[0m
[0mGET /js/calendar/lib/moment.min.js [36m304[0m 9.546 ms - -[0m
[0mGET /js/calendar/lib/locale/es.js [36m304[0m 2.956 ms - -[0m
[0mGET /js/calendar/lib/locale/ja.js [36m304[0m 2.188 ms - -[0m
[0mGET /js/datatables/dataTables.min.js [36m304[0m 8.013 ms - -[0m
[0mGET /js/datatables/dataTables.responsive.min.js [36m304[0m 7.158 ms - -[0m
[0mGET /js/datetime/tempusdominus-bootstrap-4.min.js [36m304[0m 7.768 ms - -[0m
[0mGET /js/datatables/jszip/jszip.min.js [36m304[0m 7.873 ms - -[0m
[0mGET /js/datatables/pdfmake/vfs_fonts.js [36m304[0m 7.681 ms - -[0m
[0mGET /js/datatables/buttons/buttons.html5.min.js [36m304[0m 6.616 ms - -[0m
[0mGET /js/validation/bootstrap-notify.min.js [36m304[0m 10.583 ms - -[0m
[0mGET /js/production.js [36m304[0m 19.076 ms - -[0m
[0mGET /js/production/cropme.js [36m304[0m 21.880 ms - -[0m
[ { name: 'Admin' } ]
[0mGET /config/reports?lang=es [32m200[0m 153.674 ms - 14568[0m
[0mGET /css/production/operators.css [36m304[0m 5.082 ms - -[0m
[0mGET /js/production/reports.js [36m304[0m 4.614 ms - -[0m
[0mGET /js/jquery/jquery.form.min.js [36m304[0m 4.504 ms - -[0m
[0mGET /js/production/photos.js [36m304[0m 4.853 ms - -[0m
[0mGET /images/process/team2.png [36m304[0m 8.596 ms - -[0m
[0mGET /images/process/report2.png [36m304[0m 8.525 ms - -[0m
[0mGET /js/datatables/languaje/Spanish.json [36m304[0m 4.223 ms - -[0m
[0mGET /css/datatables/DataTables-1.10.18/images/sort_both.png [36m304[0m 14.122 ms - -[0m
[0mGET /css/datatables/DataTables-1.10.18/images/sort_asc.png [36m304[0m 7.826 ms - -[0m
[0mGET /tables/reports?&_=1701817076601 [32m200[0m 20.963 ms - 2301[0m
[0mGET /inicio?lang=es [36m304[0m 58.522 ms - -[0m
[0mGET /css/datatables/dataTables.css [36m304[0m 9.899 ms - -[0m
[0mGET /css/datatables/responsive.dataTables.min.css [36m304[0m 12.210 ms - -[0m
[0mGET /css/bootstrap/bootstrap.min.css [36m304[0m 11.686 ms - -[0m
[0mGET /css/sidebar/style.css [36m304[0m 8.918 ms - -[0m
[0mGET /css/inicio.css [36m304[0m 9.260 ms - -[0m
[0mGET /css/datetime/tempusdominus-bootstrap-4.min.css [36m304[0m 8.523 ms - -[0m
[0mGET /css/reports.css [36m304[0m 8.943 ms - -[0m
[0mGET /css/keyboard/index.css [36m304[0m 8.657 ms - -[0m
[0mGET /css/production/production.css [36m304[0m 7.530 ms - -[0m
[0mGET /logo.png [36m304[0m 12.974 ms - -[0m
[0mGET /js/jquery/jquery-3.3.1.min.js [36m304[0m 11.544 ms - -[0m
[0mGET /js/bootstrap/jquery/popper.min.js [36m304[0m 10.526 ms - -[0m
[0mGET /js/bootstrap/bootstrap.min.js [36m304[0m 9.327 ms - -[0m
[0mGET /js/calendar/lib/moment.min.js [36m304[0m 9.579 ms - -[0m
[0mGET /js/calendar/lib/locale/es.js [36m304[0m 4.180 ms - -[0m
[0mGET /js/calendar/lib/locale/ja.js [36m304[0m 3.357 ms - -[0m
[0mGET /js/datatables/dataTables.min.js [36m304[0m 5.732 ms - -[0m
[0mGET /js/datatables/dataTables.responsive.min.js [36m304[0m 4.414 ms - -[0m
[0mGET /js/datetime/tempusdominus-bootstrap-4.min.js [36m304[0m 6.710 ms - -[0m
[0mGET /js/datatables/jszip/jszip.min.js [36m304[0m 7.381 ms - -[0m
[0mGET /js/datatables/pdfmake/vfs_fonts.js [36m304[0m 5.711 ms - -[0m
[0mGET /js/datatables/buttons/buttons.html5.min.js [36m304[0m 4.414 ms - -[0m
[0mGET /js/validation/bootstrap-notify.min.js [36m304[0m 3.249 ms - -[0m
[0mGET /js/production/cropme.js [36m304[0m 8.472 ms - -[0m
[0mGET /js/production.js [36m304[0m 5.029 ms - -[0m
[0mGET /inicio?lang=es [36m304[0m 46.486 ms - -[0m
[0mGET /css/bootstrap/bootstrap.min.css [36m304[0m 6.098 ms - -[0m
[0mGET /css/datatables/dataTables.css [36m304[0m 6.464 ms - -[0m
[0mGET /css/datatables/responsive.dataTables.min.css [36m304[0m 5.944 ms - -[0m
[0mGET /css/sidebar/style.css [36m304[0m 4.314 ms - -[0m
[0mGET /css/datetime/tempusdominus-bootstrap-4.min.css [36m304[0m 10.701 ms - -[0m
[0mGET /css/inicio.css [36m304[0m 10.749 ms - -[0m
[0mGET /css/reports.css [36m304[0m 10.138 ms - -[0m
[0mGET /css/keyboard/index.css [36m304[0m 2.248 ms - -[0m
[0mGET /css/production/production.css [36m304[0m 11.329 ms - -[0m
[0mGET /js/jquery/jquery-3.3.1.min.js [36m304[0m 10.485 ms - -[0m
[0mGET /logo.png [36m304[0m 9.434 ms - -[0m
[0mGET /js/bootstrap/jquery/popper.min.js [36m304[0m 7.716 ms - -[0m
[0mGET /js/bootstrap/bootstrap.min.js [36m304[0m 6.238 ms - -[0m
[0mGET /js/calendar/lib/moment.min.js [36m304[0m 6.471 ms - -[0m
[0mGET /js/calendar/lib/locale/es.js [36m304[0m 4.704 ms - -[0m
[0mGET /js/calendar/lib/locale/ja.js [36m304[0m 4.699 ms - -[0m
[0mGET /js/datatables/dataTables.min.js [36m304[0m 5.443 ms - -[0m
[0mGET /js/datatables/dataTables.responsive.min.js [36m304[0m 4.168 ms - -[0m
[0mGET /js/datetime/tempusdominus-bootstrap-4.min.js [36m304[0m 5.472 ms - -[0m
[0mGET /js/datatables/jszip/jszip.min.js [36m304[0m 7.054 ms - -[0m
[0mGET /js/datatables/pdfmake/vfs_fonts.js [36m304[0m 4.368 ms - -[0m
[0mGET /js/datatables/buttons/buttons.html5.min.js [36m304[0m 2.620 ms - -[0m
[0mGET /js/validation/bootstrap-notify.min.js [36m304[0m 3.384 ms - -[0m
[0mGET /js/production/cropme.js [36m304[0m 5.075 ms - -[0m
[0mGET /js/production.js [36m304[0m 4.909 ms - -[0m
[0mGET /inicio?lang=es [36m304[0m 44.364 ms - -[0m
[0mGET /css/datatables/dataTables.css [36m304[0m 12.021 ms - -[0m
[0mGET /css/datatables/responsive.dataTables.min.css [36m304[0m 11.080 ms - -[0m
[0mGET /css/bootstrap/bootstrap.min.css [36m304[0m 13.114 ms - -[0m
[0mGET /css/datetime/tempusdominus-bootstrap-4.min.css [36m304[0m 8.818 ms - -[0m
[0mGET /css/sidebar/style.css [36m304[0m 9.308 ms - -[0m
[0mGET /css/inicio.css [36m304[0m 5.713 ms - -[0m
[0mGET /css/reports.css [36m304[0m 10.187 ms - -[0m
[0mGET /css/production/production.css [36m304[0m 8.558 ms - -[0m
[0mGET /css/keyboard/index.css [36m304[0m 9.041 ms - -[0m
[0mGET /js/jquery/jquery-3.3.1.min.js [36m304[0m 4.933 ms - -[0m
[0mGET /logo.png [36m304[0m 5.001 ms - -[0m
[0mGET /js/bootstrap/jquery/popper.min.js [36m304[0m 4.720 ms - -[0m
[0mGET /js/bootstrap/bootstrap.min.js [36m304[0m 9.462 ms - -[0m
[0mGET /js/calendar/lib/moment.min.js [36m304[0m 5.956 ms - -[0m
[0mGET /js/calendar/lib/locale/es.js [36m304[0m 5.728 ms - -[0m
[0mGET /js/calendar/lib/locale/ja.js [36m304[0m 4.649 ms - -[0m
[0mGET /js/datatables/dataTables.min.js [36m304[0m 5.000 ms - -[0m
[0mGET /js/datatables/dataTables.responsive.min.js [36m304[0m 3.578 ms - -[0m
[0mGET /js/datetime/tempusdominus-bootstrap-4.min.js [36m304[0m 4.118 ms - -[0m
[0mGET /js/datatables/jszip/jszip.min.js [36m304[0m 4.639 ms - -[0m
[0mGET /js/datatables/pdfmake/vfs_fonts.js [36m304[0m 2.835 ms - -[0m
[0mGET /js/datatables/buttons/buttons.html5.min.js [36m304[0m 2.578 ms - -[0m
[0mGET /js/validation/bootstrap-notify.min.js [36m304[0m 8.640 ms - -[0m
[0mGET /js/production/cropme.js [36m304[0m 7.970 ms - -[0m
[0mGET /js/production.js [36m304[0m 7.732 ms - -[0m
[ { name: 'Admin' } ]
[0mGET /config/reports?lang=es [36m304[0m 140.197 ms - -[0m
[0mGET /css/production/operators.css [36m304[0m 7.802 ms - -[0m
[0mGET /js/production/reports.js [36m304[0m 3.192 ms - -[0m
[0mGET /js/jquery/jquery.form.min.js [36m304[0m 4.527 ms - -[0m
[0mGET /js/production/photos.js [36m304[0m 3.847 ms - -[0m
[0mGET /images/process/report2.png [36m304[0m 6.299 ms - -[0m
[0mGET /images/process/team2.png [36m304[0m 5.813 ms - -[0m
[0mGET /js/datatables/languaje/Spanish.json [36m304[0m 4.518 ms - -[0m
[0mGET /css/datatables/DataTables-1.10.18/images/sort_both.png [36m304[0m 3.613 ms - -[0m
[0mGET /css/datatables/DataTables-1.10.18/images/sort_asc.png [36m304[0m 6.495 ms - -[0m
[0mGET /tables/reports?&_=1701817127391 [32m200[0m 10.046 ms - 2301[0m
[0mGET /inicio?lang=es [36m304[0m 72.162 ms - -[0m
[0mGET /css/datatables/dataTables.css [36m304[0m 15.409 ms - -[0m
[0mGET /css/datatables/responsive.dataTables.min.css [36m304[0m 15.228 ms - -[0m
[0mGET /css/datetime/tempusdominus-bootstrap-4.min.css [36m304[0m 19.253 ms - -[0m
[0mGET /css/inicio.css [36m304[0m 18.610 ms - -[0m
[0mGET /css/bootstrap/bootstrap.min.css [36m304[0m 20.408 ms - -[0m
[0mGET /css/sidebar/style.css [36m304[0m 21.811 ms - -[0m
[0mGET /css/reports.css [36m304[0m 13.106 ms - -[0m
[0mGET /css/keyboard/index.css [36m304[0m 10.835 ms - -[0m
[0mGET /css/production/production.css [36m304[0m 5.621 ms - -[0m
[0mGET /js/jquery/jquery-3.3.1.min.js [36m304[0m 5.076 ms - -[0m
[0mGET /js/bootstrap/jquery/popper.min.js [36m304[0m 5.955 ms - -[0m
[0mGET /logo.png [36m304[0m 6.426 ms - -[0m
[0mGET /js/bootstrap/bootstrap.min.js [36m304[0m 6.052 ms - -[0m
[0mGET /js/calendar/lib/moment.min.js [36m304[0m 6.694 ms - -[0m
[0mGET /js/calendar/lib/locale/ja.js [36m304[0m 7.505 ms - -[0m
[0mGET /js/calendar/lib/locale/es.js [36m304[0m 7.082 ms - -[0m
[0mGET /js/datatables/dataTables.responsive.min.js [36m304[0m 5.035 ms - -[0m
[0mGET /js/datatables/dataTables.min.js [36m304[0m 4.462 ms - -[0m
[0mGET /js/datetime/tempusdominus-bootstrap-4.min.js [36m304[0m 4.062 ms - -[0m
[0mGET /js/datatables/jszip/jszip.min.js [36m304[0m 3.591 ms - -[0m
[0mGET /js/datatables/buttons/buttons.html5.min.js [36m304[0m 5.781 ms - -[0m
[0mGET /js/datatables/pdfmake/vfs_fonts.js [36m304[0m 4.749 ms - -[0m
[0mGET /js/production/cropme.js [36m304[0m 5.221 ms - -[0m
[0mGET /js/production.js [36m304[0m 2.676 ms - -[0m
[0mGET /js/validation/bootstrap-notify.min.js [36m304[0m 10.415 ms - -[0m
[0mGET /favicon.ico [36m304[0m 4.556 ms - -[0m
[ { name: 'Admin' } ]
[0mGET /config/reports?lang=es [36m304[0m 125.652 ms - -[0m
[0mGET /images/process/team2.png [36m304[0m 7.327 ms - -[0m
[0mGET /images/process/report2.png [36m304[0m 6.708 ms - -[0m
[0mGET /css/production/operators.css [36m304[0m 8.534 ms - -[0m
[0mGET /js/production/reports.js [36m304[0m 7.463 ms - -[0m
[0mGET /js/jquery/jquery.form.min.js [36m304[0m 2.297 ms - -[0m
[0mGET /js/production/photos.js [36m304[0m 3.498 ms - -[0m
[0mGET /js/datatables/languaje/Spanish.json [36m304[0m 4.251 ms - -[0m
[0mGET /css/datatables/DataTables-1.10.18/images/sort_both.png [36m304[0m 4.383 ms - -[0m
[0mGET /css/datatables/DataTables-1.10.18/images/sort_asc.png [36m304[0m 6.599 ms - -[0m
[0mGET /tables/reports?&_=1701817441661 [32m200[0m 9.671 ms - 2301[0m
[0mGET /inicio?lang=es [36m304[0m 149.049 ms - -[0m
[0mGET /css/datatables/dataTables.css [36m304[0m 16.575 ms - -[0m
[0mGET /css/bootstrap/bootstrap.min.css [36m304[0m 19.682 ms - -[0m
[0mGET /css/datatables/responsive.dataTables.min.css [36m304[0m 19.263 ms - -[0m
[0mGET /css/datetime/tempusdominus-bootstrap-4.min.css [36m304[0m 12.258 ms - -[0m
[0mGET /css/sidebar/style.css [36m304[0m 11.773 ms - -[0m
[0mGET /css/inicio.css [36m304[0m 7.604 ms - -[0m
[0mGET /css/reports.css [36m304[0m 12.536 ms - -[0m
[0mGET /css/production/production.css [36m304[0m 13.486 ms - -[0m
[0mGET /css/keyboard/index.css [36m304[0m 13.762 ms - -[0m
[0mGET /logo.png [36m304[0m 12.694 ms - -[0m
[0mGET /js/jquery/jquery-3.3.1.min.js [36m304[0m 12.595 ms - -[0m
[0mGET /js/bootstrap/jquery/popper.min.js [36m304[0m 16.077 ms - -[0m
[0mGET /js/bootstrap/bootstrap.min.js [36m304[0m 6.385 ms - -[0m
[0mGET /js/calendar/lib/moment.min.js [36m304[0m 9.430 ms - -[0m
[0mGET /js/calendar/lib/locale/es.js [36m304[0m 7.703 ms - -[0m
[0mGET /js/calendar/lib/locale/ja.js [36m304[0m 3.818 ms - -[0m
[0mGET /js/datatables/dataTables.min.js [36m304[0m 4.509 ms - -[0m
[0mGET /js/datatables/dataTables.responsive.min.js [36m304[0m 4.298 ms - -[0m
[0mGET /js/datetime/tempusdominus-bootstrap-4.min.js [36m304[0m 4.725 ms - -[0m
[0mGET /js/datatables/jszip/jszip.min.js [36m304[0m 6.755 ms - -[0m
[0mGET /js/datatables/pdfmake/vfs_fonts.js [36m304[0m 7.369 ms - -[0m
[0mGET /js/datatables/buttons/buttons.html5.min.js [36m304[0m 6.839 ms - -[0m
[0mGET /js/validation/bootstrap-notify.min.js [36m304[0m 3.693 ms - -[0m
[0mGET /js/production.js [36m304[0m 3.862 ms - -[0m
[0mGET /js/production/cropme.js [36m304[0m 5.685 ms - -[0m
[ { name: 'Admin' } ]
[0mGET /config/reports?lang=es [36m304[0m 128.489 ms - -[0m
[0mGET /css/production/operators.css [36m304[0m 9.196 ms - -[0m
[0mGET /js/production/reports.js [36m304[0m 8.412 ms - -[0m
[0mGET /js/jquery/jquery.form.min.js [36m304[0m 4.000 ms - -[0m
[0mGET /js/production/photos.js [36m304[0m 4.264 ms - -[0m
[0mGET /images/process/report2.png [36m304[0m 8.381 ms - -[0m
[0mGET /images/process/team2.png [36m304[0m 8.363 ms - -[0m
[0mGET /js/datatables/languaje/Spanish.json [36m304[0m 3.944 ms - -[0m
[0mGET /css/datatables/DataTables-1.10.18/images/sort_both.png [36m304[0m 17.711 ms - -[0m
[0mGET /css/datatables/DataTables-1.10.18/images/sort_asc.png [36m304[0m 8.970 ms - -[0m
[0mGET /tables/reports?&_=1701876634112 [32m200[0m 17.786 ms - 2301[0m
[0mGET /inicio?lang=es [36m304[0m 74.896 ms - -[0m
[0mGET /css/datatables/dataTables.css [36m304[0m 9.876 ms - -[0m
[0mGET /css/datatables/responsive.dataTables.min.css [36m304[0m 10.966 ms - -[0m
[0mGET /css/bootstrap/bootstrap.min.css [36m304[0m 9.981 ms - -[0m
[0mGET /css/sidebar/style.css [36m304[0m 10.996 ms - -[0m
[0mGET /css/datetime/tempusdominus-bootstrap-4.min.css [36m304[0m 9.435 ms - -[0m
[0mGET /css/inicio.css [36m304[0m 8.592 ms - -[0m
[0mGET /css/reports.css [36m304[0m 10.292 ms - -[0m
[0mGET /css/production/production.css [36m304[0m 9.229 ms - -[0m
[0mGET /css/keyboard/index.css [36m304[0m 8.800 ms - -[0m
[0mGET /js/jquery/jquery-3.3.1.min.js [36m304[0m 6.177 ms - -[0m
[0mGET /logo.png [36m304[0m 5.497 ms - -[0m
[0mGET /js/bootstrap/jquery/popper.min.js [36m304[0m 5.991 ms - -[0m
[0mGET /js/bootstrap/bootstrap.min.js [36m304[0m 1.990 ms - -[0m
[0mGET /js/calendar/lib/moment.min.js [36m304[0m 3.981 ms - -[0m
[0mGET /js/calendar/lib/locale/es.js [36m304[0m 2.886 ms - -[0m
[0mGET /js/calendar/lib/locale/ja.js [36m304[0m 1.758 ms - -[0m
[0mGET /js/datatables/dataTables.min.js [36m304[0m 2.935 ms - -[0m
[0mGET /js/datatables/dataTables.responsive.min.js [36m304[0m 3.234 ms - -[0m
[0mGET /js/datetime/tempusdominus-bootstrap-4.min.js [36m304[0m 2.332 ms - -[0m
[0mGET /js/datatables/jszip/jszip.min.js [36m304[0m 2.111 ms - -[0m
[0mGET /js/datatables/pdfmake/vfs_fonts.js [36m304[0m 4.256 ms - -[0m
[0mGET /js/datatables/buttons/buttons.html5.min.js [36m304[0m 2.706 ms - -[0m
[0mGET /js/validation/bootstrap-notify.min.js [36m304[0m 3.654 ms - -[0m
[0mGET /js/production/cropme.js [36m304[0m 5.903 ms - -[0m
[0mGET /js/production.js [36m304[0m 7.018 ms - -[0m
[ { name: 'Admin' } ]
[0mGET /config/reports?lang=es [36m304[0m 117.370 ms - -[0m
[0mGET /css/production/operators.css [36m304[0m 3.576 ms - -[0m
[0mGET /js/production/reports.js [36m304[0m 5.221 ms - -[0m
[0mGET /js/jquery/jquery.form.min.js [36m304[0m 3.343 ms - -[0m
[0mGET /js/production/photos.js [36m304[0m 4.309 ms - -[0m
[0mGET /images/process/report2.png [36m304[0m 7.080 ms - -[0m
[0mGET /images/process/team2.png [36m304[0m 6.888 ms - -[0m
[0mGET /js/datatables/languaje/Spanish.json [36m304[0m 3.059 ms - -[0m
[0mGET /css/datatables/DataTables-1.10.18/images/sort_both.png [36m304[0m 16.603 ms - -[0m
[0mGET /tables/reports?&_=1701879668081 [32m200[0m 11.060 ms - 2301[0m
[0mGET /css/datatables/DataTables-1.10.18/images/sort_asc.png [36m304[0m 9.508 ms - -[0m
[0mGET /inicio?lang=es [36m304[0m 61.739 ms - -[0m
[0mGET /css/datatables/dataTables.css [36m304[0m 8.430 ms - -[0m
[0mGET /css/datatables/responsive.dataTables.min.css [36m304[0m 12.737 ms - -[0m
[0mGET /css/datetime/tempusdominus-bootstrap-4.min.css [36m304[0m 14.868 ms - -[0m
[0mGET /css/inicio.css [36m304[0m 15.359 ms - -[0m
[0mGET /css/sidebar/style.css [36m304[0m 16.470 ms - -[0m
[0mGET /css/bootstrap/bootstrap.min.css [36m304[0m 14.853 ms - -[0m
[0mGET /css/reports.css [36m304[0m 11.502 ms - -[0m
[0mGET /css/keyboard/index.css [36m304[0m 8.358 ms - -[0m
[0mGET /css/production/production.css [36m304[0m 2.906 ms - -[0m
[0mGET /js/jquery/jquery-3.3.1.min.js [36m304[0m 2.042 ms - -[0m
[0mGET /logo.png [36m304[0m 2.859 ms - -[0m
[0mGET /js/bootstrap/jquery/popper.min.js [36m304[0m 4.460 ms - -[0m
[0mGET /js/bootstrap/bootstrap.min.js [36m304[0m 4.303 ms - -[0m
[0mGET /js/calendar/lib/moment.min.js [36m304[0m 4.170 ms - -[0m
[0mGET /js/calendar/lib/locale/es.js [36m304[0m 3.847 ms - -[0m
[0mGET /js/calendar/lib/locale/ja.js [36m304[0m 3.382 ms - -[0m
[0mGET /js/datatables/dataTables.min.js [36m304[0m 1.867 ms - -[0m
[0mGET /js/datetime/tempusdominus-bootstrap-4.min.js [36m304[0m 8.344 ms - -[0m
[0mGET /js/datatables/jszip/jszip.min.js [36m304[0m 8.479 ms - -[0m
[0mGET /js/datatables/dataTables.responsive.min.js [36m304[0m 9.523 ms - -[0m
[0mGET /js/datatables/pdfmake/vfs_fonts.js [36m304[0m 5.223 ms - -[0m
[0mGET /js/datatables/buttons/buttons.html5.min.js [36m304[0m 5.865 ms - -[0m
[0mGET /js/validation/bootstrap-notify.min.js [36m304[0m 5.982 ms - -[0m
[0mGET /js/production/cropme.js [36m304[0m 3.338 ms - -[0m
[0mGET /js/production.js [36m304[0m 3.129 ms - -[0m
[0mGET /favicon.ico [36m304[0m 6.585 ms - -[0m
[ { name: 'Admin' } ]
[0mGET /config/reports?lang=es [32m200[0m 98.998 ms - 14475[0m
[0mGET /images/process/report2.png [36m304[0m 4.430 ms - -[0m
[0mGET /images/process/team2.png [36m304[0m 8.654 ms - -[0m
[0mGET /css/production/operators.css [36m304[0m 9.578 ms - -[0m
[0mGET /js/production/reports.js [36m304[0m 9.495 ms - -[0m
[0mGET /js/jquery/jquery.form.min.js [36m304[0m 3.662 ms - -[0m
[0mGET /js/production/photos.js [36m304[0m 2.738 ms - -[0m
[0mGET /js/datatables/languaje/Spanish.json [36m304[0m 2.444 ms - -[0m
[0mGET /css/datatables/DataTables-1.10.18/images/sort_both.png [36m304[0m 2.673 ms - -[0m
[0mGET /css/datatables/DataTables-1.10.18/images/sort_asc.png [36m304[0m 3.929 ms - -[0m
[0mGET /tables/reports?&_=1701880143073 [32m200[0m 5.725 ms - 2301[0m
[0mGET /inicio?lang=es [36m304[0m 49.634 ms - -[0m
[0mGET /css/datatables/dataTables.css [36m304[0m 13.534 ms - -[0m
[0mGET /css/datatables/responsive.dataTables.min.css [36m304[0m 14.258 ms - -[0m
[0mGET /css/bootstrap/bootstrap.min.css [36m304[0m 14.623 ms - -[0m
[0mGET /css/sidebar/style.css [36m304[0m 17.560 ms - -[0m
[0mGET /css/datetime/tempusdominus-bootstrap-4.min.css [36m304[0m 18.219 ms - -[0m
[0mGET /css/inicio.css [36m304[0m 20.526 ms - -[0m
[0mGET /css/reports.css [36m304[0m 11.857 ms - -[0m
[0mGET /css/keyboard/index.css [36m304[0m 9.899 ms - -[0m
[0mGET /css/production/production.css [36m304[0m 8.030 ms - -[0m
[0mGET /js/jquery/jquery-3.3.1.min.js [36m304[0m 6.204 ms - -[0m
[0mGET /logo.png [36m304[0m 4.974 ms - -[0m
[0mGET /js/bootstrap/jquery/popper.min.js [36m304[0m 4.196 ms - -[0m
[0mGET /js/bootstrap/bootstrap.min.js [36m304[0m 4.932 ms - -[0m
[0mGET /js/calendar/lib/moment.min.js [36m304[0m 4.336 ms - -[0m
[0mGET /js/calendar/lib/locale/es.js [36m304[0m 6.641 ms - -[0m
[0mGET /js/datatables/dataTables.min.js [36m304[0m 4.311 ms - -[0m
[0mGET /js/calendar/lib/locale/ja.js [36m304[0m 5.720 ms - -[0m
[0mGET /js/datatables/dataTables.responsive.min.js [36m304[0m 5.573 ms - -[0m
[0mGET /js/datetime/tempusdominus-bootstrap-4.min.js [36m304[0m 2.460 ms - -[0m
[0mGET /js/datatables/jszip/jszip.min.js [36m304[0m 7.747 ms - -[0m
[0mGET /js/datatables/pdfmake/vfs_fonts.js [36m304[0m 6.740 ms - -[0m
[0mGET /js/datatables/buttons/buttons.html5.min.js [36m304[0m 8.687 ms - -[0m
[0mGET /js/validation/bootstrap-notify.min.js [36m304[0m 7.780 ms - -[0m
[0mGET /js/production/cropme.js [36m304[0m 7.448 ms - -[0m
[0mGET /js/production.js [36m304[0m 8.136 ms - -[0m
[0mGET /favicon.ico [36m304[0m 4.628 ms - -[0m
[ { name: 'Admin' } ]
[0mGET /config/reports?lang=es [36m304[0m 106.759 ms - -[0m
[0mGET /images/process/report2.png [36m304[0m 11.311 ms - -[0m
[0mGET /images/process/team2.png [36m304[0m 12.932 ms - -[0m
[0mGET /css/production/operators.css [36m304[0m 11.039 ms - -[0m
[0mGET /js/production/reports.js [36m304[0m 10.267 ms - -[0m
[0mGET /js/jquery/jquery.form.min.js [36m304[0m 2.149 ms - -[0m
[0mGET /js/production/photos.js [36m304[0m 4.013 ms - -[0m
[0mGET /js/datatables/languaje/Spanish.json [36m304[0m 4.016 ms - -[0m
[0mGET /css/datatables/DataTables-1.10.18/images/sort_both.png [36m304[0m 4.008 ms - -[0m
[0mGET /css/datatables/DataTables-1.10.18/images/sort_asc.png [36m304[0m 5.392 ms - -[0m
[0mGET /tables/reports?&_=1701880206904 [32m200[0m 8.344 ms - 2301[0m
[0mGET /inicio?lang=es [36m304[0m 42.524 ms - -[0m
[0mGET /css/datatables/dataTables.css [36m304[0m 4.591 ms - -[0m
[0mGET /css/datatables/responsive.dataTables.min.css [36m304[0m 5.779 ms - -[0m
[0mGET /css/sidebar/style.css [36m304[0m 8.063 ms - -[0m
[0mGET /css/datetime/tempusdominus-bootstrap-4.min.css [36m304[0m 8.048 ms - -[0m
[0mGET /css/inicio.css [36m304[0m 11.393 ms - -[0m
[0mGET /css/bootstrap/bootstrap.min.css [36m304[0m 11.519 ms - -[0m
[0mGET /css/reports.css [36m304[0m 9.919 ms - -[0m
[0mGET /css/production/production.css [36m304[0m 4.170 ms - -[0m
[0mGET /css/keyboard/index.css [36m304[0m 8.876 ms - -[0m
[0mGET /js/jquery/jquery-3.3.1.min.js [36m304[0m 5.458 ms - -[0m
[0mGET /logo.png [36m304[0m 3.511 ms - -[0m
[0mGET /js/bootstrap/jquery/popper.min.js [36m304[0m 4.305 ms - -[0m
[0mGET /js/bootstrap/bootstrap.min.js [36m304[0m 5.363 ms - -[0m
[0mGET /js/calendar/lib/moment.min.js [36m304[0m 5.142 ms - -[0m
[0mGET /js/calendar/lib/locale/es.js [36m304[0m 6.085 ms - -[0m
[0mGET /js/calendar/lib/locale/ja.js [36m304[0m 6.031 ms - -[0m
[0mGET /js/datatables/dataTables.min.js [36m304[0m 5.237 ms - -[0m
[0mGET /js/datatables/dataTables.responsive.min.js [36m304[0m 5.842 ms - -[0m
[0mGET /js/datetime/tempusdominus-bootstrap-4.min.js [36m304[0m 6.361 ms - -[0m
[0mGET /js/datatables/jszip/jszip.min.js [36m304[0m 7.658 ms - -[0m
[0mGET /js/datatables/pdfmake/vfs_fonts.js [36m304[0m 8.012 ms - -[0m
[0mGET /js/validation/bootstrap-notify.min.js [36m304[0m 7.822 ms - -[0m
[0mGET /js/datatables/buttons/buttons.html5.min.js [36m304[0m 7.513 ms - -[0m
[0mGET /js/production/cropme.js [36m304[0m 7.815 ms - -[0m
[0mGET /js/production.js [36m304[0m 2.000 ms - -[0m
[0mGET /favicon.ico [36m304[0m 2.056 ms - -[0m
[ { name: 'Admin' } ]
[0mGET /config/reports?lang=es [32m200[0m 111.304 ms - 14439[0m
[0mGET /js/production/reports.js [36m304[0m 7.728 ms - -[0m
[0mGET /css/production/operators.css [36m304[0m 7.194 ms - -[0m
[0mGET /js/jquery/jquery.form.min.js [36m304[0m 4.011 ms - -[0m
[0mGET /js/production/photos.js [36m304[0m 4.018 ms - -[0m
[0mGET /images/process/team2.png [36m304[0m 6.250 ms - -[0m
[0mGET /images/process/report2.png [36m304[0m 6.549 ms - -[0m
[0mGET /js/datatables/languaje/Spanish.json [36m304[0m 4.671 ms - -[0m
[0mGET /tables/reports?&_=1701880236433 [32m200[0m 8.914 ms - 2301[0m
[0mGET /inicio?lang=es [36m304[0m 46.631 ms - -[0m
[0mGET /css/datatables/dataTables.css [36m304[0m 8.182 ms - -[0m
[0mGET /css/datatables/responsive.dataTables.min.css [36m304[0m 9.264 ms - -[0m
[0mGET /css/datetime/tempusdominus-bootstrap-4.min.css [36m304[0m 10.612 ms - -[0m
[0mGET /css/sidebar/style.css [36m304[0m 10.323 ms - -[0m
[0mGET /css/bootstrap/bootstrap.min.css [36m304[0m 9.919 ms - -[0m
[0mGET /css/inicio.css [36m304[0m 9.366 ms - -[0m
[0mGET /css/reports.css [36m304[0m 6.366 ms - -[0m
[0mGET /css/production/production.css [36m304[0m 3.971 ms - -[0m
[0mGET /css/keyboard/index.css [36m304[0m 3.431 ms - -[0m
[0mGET /js/jquery/jquery-3.3.1.min.js [36m304[0m 5.071 ms - -[0m
[0mGET /logo.png [36m304[0m 3.817 ms - -[0m
[0mGET /js/bootstrap/jquery/popper.min.js [36m304[0m 7.312 ms - -[0m
[0mGET /js/bootstrap/bootstrap.min.js [36m304[0m 7.139 ms - -[0m
[0mGET /js/calendar/lib/locale/es.js [36m304[0m 3.357 ms - -[0m
[0mGET /js/calendar/lib/moment.min.js [36m304[0m 3.177 ms - -[0m
[0mGET /js/calendar/lib/locale/ja.js [36m304[0m 3.114 ms - -[0m
[0mGET /js/datatables/dataTables.min.js [36m304[0m 2.615 ms - -[0m
[0mGET /js/datetime/tempusdominus-bootstrap-4.min.js [36m304[0m 3.203 ms - -[0m
[0mGET /js/datatables/dataTables.responsive.min.js [36m304[0m 2.691 ms - -[0m
[0mGET /js/datatables/jszip/jszip.min.js [36m304[0m 5.671 ms - -[0m
[0mGET /js/datatables/pdfmake/vfs_fonts.js [36m304[0m 5.092 ms - -[0m
[0mGET /js/datatables/buttons/buttons.html5.min.js [36m304[0m 4.297 ms - -[0m
[0mGET /js/validation/bootstrap-notify.min.js [36m304[0m 4.309 ms - -[0m
[0mGET /js/production/cropme.js [36m304[0m 7.812 ms - -[0m
[0mGET /js/production.js [36m304[0m 6.554 ms - -[0m
[0mGET /favicon.ico [36m304[0m 4.021 ms - -[0m
[ { name: 'Admin' } ]
[0mGET /config/reports?lang=es [32m200[0m 98.307 ms - 14439[0m
[0mGET /images/process/team2.png [36m304[0m 7.889 ms - -[0m
[0mGET /images/process/report2.png [36m304[0m 6.923 ms - -[0m
[0mGET /css/production/operators.css [36m304[0m 5.854 ms - -[0m
[0mGET /js/production/reports.js [36m304[0m 5.631 ms - -[0m
[0mGET /js/jquery/jquery.form.min.js [36m304[0m 2.870 ms - -[0m
[0mGET /js/production/photos.js [36m304[0m 3.057 ms - -[0m
[0mGET /js/datatables/languaje/Spanish.json [36m304[0m 4.421 ms - -[0m
[0mGET /tables/reports?&_=1701880278618 [32m200[0m 6.754 ms - 2301[0m
[0mGET /inicio?lang=es [36m304[0m 58.388 ms - -[0m
[0mGET /css/datatables/dataTables.css [36m304[0m 11.682 ms - -[0m
[0mGET /css/datatables/responsive.dataTables.min.css [36m304[0m 10.714 ms - -[0m
[0mGET /css/bootstrap/bootstrap.min.css [36m304[0m 12.636 ms - -[0m
[0mGET /css/sidebar/style.css [36m304[0m 9.763 ms - -[0m
[0mGET /css/datetime/tempusdominus-bootstrap-4.min.css [36m304[0m 10.178 ms - -[0m
[0mGET /css/inicio.css [36m304[0m 10.713 ms - -[0m
[0mGET /css/reports.css [36m304[0m 3.029 ms - -[0m
[0mGET /css/keyboard/index.css [36m304[0m 3.267 ms - -[0m
[0mGET /css/production/production.css [36m304[0m 3.848 ms - -[0m
[0mGET /js/jquery/jquery-3.3.1.min.js [36m304[0m 4.761 ms - -[0m
[0mGET /logo.png [36m304[0m 6.242 ms - -[0m
[0mGET /js/bootstrap/jquery/popper.min.js [36m304[0m 6.350 ms - -[0m
[0mGET /js/bootstrap/bootstrap.min.js [36m304[0m 6.196 ms - -[0m
[0mGET /js/calendar/lib/moment.min.js [36m304[0m 6.986 ms - -[0m
[0mGET /js/calendar/lib/locale/es.js [36m304[0m 6.080 ms - -[0m
[0mGET /js/calendar/lib/locale/ja.js [36m304[0m 3.454 ms - -[0m
[0mGET /js/datatables/dataTables.min.js [36m304[0m 12.911 ms - -[0m
[0mGET /js/datatables/dataTables.responsive.min.js [36m304[0m 13.658 ms - -[0m
[0mGET /js/datetime/tempusdominus-bootstrap-4.min.js [36m304[0m 13.832 ms - -[0m
[0mGET /js/datatables/jszip/jszip.min.js [36m304[0m 13.299 ms - -[0m
[0mGET /js/datatables/buttons/buttons.html5.min.js [36m304[0m 11.204 ms - -[0m
[0mGET /js/datatables/pdfmake/vfs_fonts.js [36m304[0m 11.902 ms - -[0m
[0mGET /js/validation/bootstrap-notify.min.js [36m304[0m 3.400 ms - -[0m
[0mGET /js/production/cropme.js [36m304[0m 2.511 ms - -[0m
[0mGET /js/production.js [36m304[0m 1.841 ms - -[0m
[0mGET /favicon.ico [36m304[0m 4.540 ms - -[0m
[ { name: 'Admin' } ]
[0mGET /config/reports?lang=es [32m200[0m 111.736 ms - 14455[0m
[0mGET /css/production/operators.css [36m304[0m 7.179 ms - -[0m
[0mGET /js/production/reports.js [36m304[0m 5.610 ms - -[0m
[0mGET /js/jquery/jquery.form.min.js [36m304[0m 3.680 ms - -[0m
[0mGET /js/production/photos.js [36m304[0m 7.397 ms - -[0m
[0mGET /images/process/report2.png [36m304[0m 8.392 ms - -[0m
[0mGET /images/process/team2.png [36m304[0m 7.973 ms - -[0m
[0mGET /js/datatables/languaje/Spanish.json [36m304[0m 5.110 ms - -[0m
[0mGET /tables/reports?&_=1701880308947 [32m200[0m 5.295 ms - 2301[0m
[0mGET /inicio?lang=es [36m304[0m 50.517 ms - -[0m
[0mGET /css/datatables/dataTables.css [36m304[0m 14.048 ms - -[0m
[0mGET /css/datatables/responsive.dataTables.min.css [36m304[0m 12.086 ms - -[0m
[0mGET /css/bootstrap/bootstrap.min.css [36m304[0m 15.284 ms - -[0m
[0mGET /css/sidebar/style.css [36m304[0m 12.591 ms - -[0m
[0mGET /css/inicio.css [36m304[0m 10.947 ms - -[0m
[0mGET /css/datetime/tempusdominus-bootstrap-4.min.css [36m304[0m 10.741 ms - -[0m
[0mGET /css/reports.css [36m304[0m 3.841 ms - -[0m
[0mGET /css/keyboard/index.css [36m304[0m 4.595 ms - -[0m
[0mGET /css/production/production.css [36m304[0m 5.658 ms - -[0m
[0mGET /logo.png [36m304[0m 8.534 ms - -[0m
[0mGET /js/jquery/jquery-3.3.1.min.js [36m304[0m 8.114 ms - -[0m
[0mGET /js/bootstrap/jquery/popper.min.js [36m304[0m 10.167 ms - -[0m
[0mGET /js/bootstrap/bootstrap.min.js [36m304[0m 10.946 ms - -[0m
[0mGET /js/calendar/lib/moment.min.js [36m304[0m 10.554 ms - -[0m
[0mGET /js/calendar/lib/locale/es.js [36m304[0m 8.703 ms - -[0m
[0mGET /js/calendar/lib/locale/ja.js [36m304[0m 7.416 ms - -[0m
[0mGET /js/datatables/dataTables.min.js [36m304[0m 6.962 ms - -[0m
[0mGET /js/datatables/dataTables.responsive.min.js [36m304[0m 5.101 ms - -[0m
[0mGET /js/datetime/tempusdominus-bootstrap-4.min.js [36m304[0m 4.992 ms - -[0m
[0mGET /js/datatables/jszip/jszip.min.js [36m304[0m 5.532 ms - -[0m
[0mGET /js/datatables/pdfmake/vfs_fonts.js [36m304[0m 4.194 ms - -[0m
[0mGET /js/validation/bootstrap-notify.min.js [36m304[0m 4.220 ms - -[0m
[0mGET /js/datatables/buttons/buttons.html5.min.js [36m304[0m 4.065 ms - -[0m
[0mGET /js/production/cropme.js [36m304[0m 3.915 ms - -[0m
[0mGET /js/production.js [36m304[0m 2.787 ms - -[0m
[0mGET /favicon.ico [36m304[0m 3.740 ms - -[0m
[ { name: 'Admin' } ]
[0mGET /config/reports?lang=es [32m200[0m 97.060 ms - 14455[0m
[0mGET /images/process/team2.png [36m304[0m 9.285 ms - -[0m
[0mGET /images/process/report2.png [36m304[0m 8.986 ms - -[0m
[0mGET /css/production/operators.css [36m304[0m 5.828 ms - -[0m
[0mGET /js/production/reports.js [36m304[0m 6.319 ms - -[0m
[0mGET /js/jquery/jquery.form.min.js [36m304[0m 3.260 ms - -[0m
[0mGET /js/production/photos.js [36m304[0m 4.053 ms - -[0m
[0mGET /js/datatables/languaje/Spanish.json [36m304[0m 5.701 ms - -[0m
[0mGET /tables/reports?&_=1701880326206 [32m200[0m 6.872 ms - 2301[0m
[0mGET /inicio?lang=es [36m304[0m 55.043 ms - -[0m
[0mGET /css/datatables/dataTables.css [36m304[0m 10.981 ms - -[0m
[0mGET /css/datatables/responsive.dataTables.min.css [36m304[0m 12.739 ms - -[0m
[0mGET /css/datetime/tempusdominus-bootstrap-4.min.css [36m304[0m 14.037 ms - -[0m
[0mGET /css/sidebar/style.css [36m304[0m 15.759 ms - -[0m
[0mGET /css/inicio.css [36m304[0m 17.158 ms - -[0m
[0mGET /css/bootstrap/bootstrap.min.css [36m304[0m 19.052 ms - -[0m
[0mGET /css/reports.css [36m304[0m 12.498 ms - -[0m
[0mGET /css/keyboard/index.css [36m304[0m 7.308 ms - -[0m
[0mGET /css/production/production.css [36m304[0m 2.760 ms - -[0m
[0mGET /js/jquery/jquery-3.3.1.min.js [36m304[0m 32.760 ms - -[0m
[0mGET /js/bootstrap/jquery/popper.min.js [36m304[0m 25.512 ms - -[0m
[0mGET /logo.png [36m304[0m 33.424 ms - -[0m
[0mGET /js/calendar/lib/moment.min.js [36m304[0m 26.638 ms - -[0m
[0mGET /js/bootstrap/bootstrap.min.js [36m304[0m 26.353 ms - -[0m
[0mGET /js/calendar/lib/locale/es.js [36m304[0m 26.003 ms - -[0m
[0mGET /js/calendar/lib/locale/ja.js [36m304[0m 13.357 ms - -[0m
[0mGET /js/datatables/dataTables.min.js [36m304[0m 11.792 ms - -[0m
[0mGET /js/datetime/tempusdominus-bootstrap-4.min.js [36m304[0m 12.131 ms - -[0m
[0mGET /js/datatables/dataTables.responsive.min.js [36m304[0m 12.366 ms - -[0m
[0mGET /js/datatables/pdfmake/vfs_fonts.js [36m304[0m 11.742 ms - -[0m
[0mGET /js/datatables/jszip/jszip.min.js [36m304[0m 11.657 ms - -[0m
[0mGET /js/validation/bootstrap-notify.min.js [36m304[0m 3.793 ms - -[0m
[0mGET /js/datatables/buttons/buttons.html5.min.js [36m304[0m 3.739 ms - -[0m
[0mGET /js/production/cropme.js [36m304[0m 6.971 ms - -[0m
[0mGET /js/production.js [36m304[0m 6.680 ms - -[0m
[0mGET /favicon.ico [36m304[0m 5.010 ms - -[0m
[ { name: 'Admin' } ]
[0mGET /config/reports?lang=es [32m200[0m 103.101 ms - 14551[0m
[0mGET /css/production/operators.css [36m304[0m 7.424 ms - -[0m
[0mGET /js/production/reports.js [36m304[0m 6.322 ms - -[0m
[0mGET /js/jquery/jquery.form.min.js [36m304[0m 4.241 ms - -[0m
[0mGET /js/production/photos.js [36m304[0m 4.135 ms - -[0m
[0mGET /images/process/team2.png [36m304[0m 9.606 ms - -[0m
[0mGET /images/process/report2.png [36m304[0m 8.109 ms - -[0m
[0mGET /js/datatables/languaje/Spanish.json [36m304[0m 3.999 ms - -[0m
[0mGET /css/datatables/DataTables-1.10.18/images/sort_both.png [36m304[0m 4.179 ms - -[0m
[0mGET /css/datatables/DataTables-1.10.18/images/sort_asc.png [36m304[0m 6.021 ms - -[0m
[0mGET /tables/reports?&_=1701882521293 [32m200[0m 9.609 ms - 2301[0m
[0mGET /inicio?lang=es [36m304[0m 49.998 ms - -[0m
[0mGET /css/datatables/dataTables.css [36m304[0m 9.790 ms - -[0m
[0mGET /css/datatables/responsive.dataTables.min.css [36m304[0m 9.068 ms - -[0m
[0mGET /css/bootstrap/bootstrap.min.css [36m304[0m 9.047 ms - -[0m
[0mGET /css/sidebar/style.css [36m304[0m 6.995 ms - -[0m
[0mGET /css/datetime/tempusdominus-bootstrap-4.min.css [36m304[0m 7.025 ms - -[0m
[0mGET /css/inicio.css [36m304[0m 5.165 ms - -[0m
[0mGET /css/reports.css [36m304[0m 6.960 ms - -[0m
[0mGET /css/keyboard/index.css [36m304[0m 6.148 ms - -[0m
[0mGET /css/production/production.css [36m304[0m 2.674 ms - -[0m
[0mGET /js/jquery/jquery-3.3.1.min.js [36m304[0m 4.997 ms - -[0m
[0mGET /logo.png [36m304[0m 5.026 ms - -[0m
[0mGET /js/bootstrap/jquery/popper.min.js [36m304[0m 4.003 ms - -[0m
[0mGET /js/bootstrap/bootstrap.min.js [36m304[0m 7.325 ms - -[0m
[0mGET /js/calendar/lib/moment.min.js [36m304[0m 6.071 ms - -[0m
[0mGET /js/calendar/lib/locale/es.js [36m304[0m 2.267 ms - -[0m
[0mGET /js/datatables/dataTables.min.js [36m304[0m 5.194 ms - -[0m
[0mGET /js/calendar/lib/locale/ja.js [36m304[0m 5.380 ms - -[0m
[0mGET /js/datatables/dataTables.responsive.min.js [36m304[0m 2.891 ms - -[0m
[0mGET /js/datetime/tempusdominus-bootstrap-4.min.js [36m304[0m 6.996 ms - -[0m
[0mGET /js/datatables/jszip/jszip.min.js [36m304[0m 5.256 ms - -[0m
[0mGET /js/datatables/pdfmake/vfs_fonts.js [36m304[0m 5.303 ms - -[0m
[0mGET /js/datatables/buttons/buttons.html5.min.js [36m304[0m 13.259 ms - -[0m
[0mGET /js/validation/bootstrap-notify.min.js [36m304[0m 8.184 ms - -[0m
[0mGET /js/production/cropme.js [36m304[0m 1.603 ms - -[0m
[0mGET /js/production.js [36m304[0m 2.914 ms - -[0m
[ { name: 'Admin' } ]
[0mGET /config/reports?lang=es [36m304[0m 127.681 ms - -[0m
[0mGET /css/production/operators.css [36m304[0m 7.243 ms - -[0m
[0mGET /js/production/reports.js [32m200[0m 8.670 ms - 17315[0m
[0mGET /js/jquery/jquery.form.min.js [36m304[0m 4.541 ms - -[0m
[0mGET /js/production/photos.js [36m304[0m 3.782 ms - -[0m
[0mGET /images/process/report2.png [36m304[0m 3.291 ms - -[0m
[0mGET /images/process/team2.png [36m304[0m 2.997 ms - -[0m
[0mGET /js/datatables/languaje/Spanish.json [36m304[0m 3.643 ms - -[0m
[0mGET /css/datatables/DataTables-1.10.18/images/sort_both.png [36m304[0m 12.842 ms - -[0m
[0mGET /css/datatables/DataTables-1.10.18/images/sort_asc.png [36m304[0m 10.253 ms - -[0m
[0mGET /tables/reports?&_=1701883820760 [32m200[0m 14.258 ms - 2301[0m
[ { name: 'Admin' } ]
[0mGET /config/users?lang=es [36m304[0m 86.689 ms - -[0m
[0mGET /css/production/operators.css [36m304[0m 22.358 ms - -[0m
[0mGET /js/production/users.js [36m304[0m 20.748 ms - -[0m
[0mGET /js/jquery/jquery.form.min.js [36m304[0m 2.025 ms - -[0m
[0mGET /js/production/photos.js [36m304[0m 4.373 ms - -[0m
[0mGET /images/process/team.png [36m304[0m 4.326 ms - -[0m
[0mGET /js/datatables/languaje/Spanish.json [36m304[0m 4.044 ms - -[0m
[0mGET /tables/users?&_=1701883820761 [32m200[0m 7.449 ms - 372[0m
[0mGET /inicio?lang=es [36m304[0m 64.187 ms - -[0m
[0mGET /css/datatables/dataTables.css [36m304[0m 12.938 ms - -[0m
[0mGET /css/datatables/responsive.dataTables.min.css [36m304[0m 11.033 ms - -[0m
[0mGET /css/bootstrap/bootstrap.min.css [36m304[0m 10.503 ms - -[0m
[0mGET /css/sidebar/style.css [36m304[0m 10.776 ms - -[0m
[0mGET /css/datetime/tempusdominus-bootstrap-4.min.css [36m304[0m 10.440 ms - -[0m
[0mGET /css/inicio.css [36m304[0m 9.934 ms - -[0m
[0mGET /css/reports.css [36m304[0m 2.607 ms - -[0m
[0mGET /css/keyboard/index.css [36m304[0m 3.390 ms - -[0m
[0mGET /css/production/production.css [36m304[0m 9.538 ms - -[0m
[0mGET /js/jquery/jquery-3.3.1.min.js [36m304[0m 8.006 ms - -[0m
[0mGET /logo.png [36m304[0m 10.748 ms - -[0m
[0mGET /js/bootstrap/jquery/popper.min.js [36m304[0m 8.792 ms - -[0m
[0mGET /js/bootstrap/bootstrap.min.js [36m304[0m 7.088 ms - -[0m
[0mGET /js/calendar/lib/moment.min.js [36m304[0m 5.296 ms - -[0m
[0mGET /js/calendar/lib/locale/ja.js [36m304[0m 3.659 ms - -[0m
[0mGET /js/calendar/lib/locale/es.js [36m304[0m 3.065 ms - -[0m
[0mGET /js/datatables/dataTables.min.js [36m304[0m 1.909 ms - -[0m
[0mGET /js/datatables/dataTables.responsive.min.js [36m304[0m 5.458 ms - -[0m
[0mGET /js/datatables/jszip/jszip.min.js [36m304[0m 6.307 ms - -[0m
[0mGET /js/datetime/tempusdominus-bootstrap-4.min.js [36m304[0m 6.156 ms - -[0m
[0mGET /js/datatables/pdfmake/vfs_fonts.js [36m304[0m 2.918 ms - -[0m
[0mGET /js/production/cropme.js [36m304[0m 5.231 ms - -[0m
[0mGET /js/datatables/buttons/buttons.html5.min.js [36m304[0m 7.673 ms - -[0m
[0mGET /js/production.js [36m304[0m 4.919 ms - -[0m
[0mGET /js/validation/bootstrap-notify.min.js [36m304[0m 5.444 ms - -[0m
[0mGET /favicon.ico [36m304[0m 5.008 ms - -[0m
[ { name: 'Admin' } ]
[0mGET /config/users?lang=es [32m200[0m 75.954 ms - 5506[0m
[0mGET /images/process/team.png [36m304[0m 10.566 ms - -[0m
[0mGET /css/production/operators.css [36m304[0m 11.030 ms - -[0m
[0mGET /js/production/users.js [36m304[0m 10.588 ms - -[0m
[0mGET /js/jquery/jquery.form.min.js [36m304[0m 3.717 ms - -[0m
[0mGET /js/production/photos.js [36m304[0m 4.000 ms - -[0m
[0mGET /js/datatables/languaje/Spanish.json [36m304[0m 4.413 ms - -[0m
[0mGET /css/datatables/DataTables-1.10.18/images/sort_both.png [36m304[0m 4.924 ms - -[0m
[0mGET /css/datatables/DataTables-1.10.18/images/sort_asc.png [36m304[0m 7.230 ms - -[0m
[0mGET /tables/users?&_=1701884852668 [32m200[0m 10.084 ms - 372[0m
[Object: null prototype] {
  number: '1169',
  password: 'NPM68f81i',
  name: 'Evelia Ramirez Sevilla',
  position: 'Jefe SGC-SGA',
  email: 'e.sevilla@nipsa.com.mx',
  depto: 'Q90',
  profile: 'Admin',
  admin: 'on'
}
[0mPUT /config/user [32m200[0m 23.956 ms - 70[0m
[0mGET /tables/users?&_=1701884852669 [32m200[0m 6.652 ms - 372[0m
[0mGET /inicio?lang=es [36m304[0m 43.950 ms - -[0m
[0mGET /css/datatables/dataTables.css [36m304[0m 2.826 ms - -[0m
[0mGET /css/datatables/responsive.dataTables.min.css [36m304[0m 8.947 ms - -[0m
[0mGET /css/datetime/tempusdominus-bootstrap-4.min.css [36m304[0m 9.034 ms - -[0m
[0mGET /css/sidebar/style.css [36m304[0m 8.696 ms - -[0m
[0mGET /css/reports.css [36m304[0m 9.964 ms - -[0m
[0mGET /css/inicio.css [36m304[0m 9.725 ms - -[0m
[0mGET /css/bootstrap/bootstrap.min.css [36m304[0m 7.926 ms - -[0m
[0mGET /css/keyboard/index.css [36m304[0m 2.512 ms - -[0m
[0mGET /css/production/production.css [36m304[0m 2.784 ms - -[0m
[0mGET /logo.png [36m304[0m 2.246 ms - -[0m
[0mGET /js/jquery/jquery-3.3.1.min.js [36m304[0m 5.040 ms - -[0m
[0mGET /js/bootstrap/bootstrap.min.js [36m304[0m 5.782 ms - -[0m
[0mGET /js/bootstrap/jquery/popper.min.js [36m304[0m 6.848 ms - -[0m
[0mGET /js/calendar/lib/moment.min.js [36m304[0m 5.953 ms - -[0m
[0mGET /js/calendar/lib/locale/ja.js [36m304[0m 4.386 ms - -[0m
[0mGET /js/calendar/lib/locale/es.js [36m304[0m 4.850 ms - -[0m
[0mGET /js/datatables/dataTables.min.js [36m304[0m 3.316 ms - -[0m
[0mGET /js/datatables/dataTables.responsive.min.js [36m304[0m 3.141 ms - -[0m
[0mGET /js/datetime/tempusdominus-bootstrap-4.min.js [36m304[0m 2.187 ms - -[0m
[0mGET /js/datatables/jszip/jszip.min.js [36m304[0m 3.739 ms - -[0m
[0mGET /js/datatables/pdfmake/vfs_fonts.js [36m304[0m 3.224 ms - -[0m
[0mGET /js/datatables/buttons/buttons.html5.min.js [36m304[0m 5.846 ms - -[0m
[0mGET /js/validation/bootstrap-notify.min.js [36m304[0m 4.326 ms - -[0m
[0mGET /js/production.js [36m304[0m 3.457 ms - -[0m
[0mGET /js/production/cropme.js [36m304[0m 3.288 ms - -[0m
[0mGET /favicon.ico [36m304[0m 4.383 ms - -[0m
[ { name: 'Admin' } ]
[0mGET /config/users?lang=es [36m304[0m 53.067 ms - -[0m
[0mGET /images/process/team.png [36m304[0m 10.565 ms - -[0m
[0mGET /css/production/operators.css [36m304[0m 12.353 ms - -[0m
[0mGET /js/production/users.js [36m304[0m 11.012 ms - -[0m
[0mGET /js/jquery/jquery.form.min.js [36m304[0m 4.016 ms - -[0m
[0mGET /js/production/photos.js [36m304[0m 3.992 ms - -[0m
[0mGET /js/datatables/languaje/Spanish.json [36m304[0m 4.236 ms - -[0m
[0mGET /tables/users?&_=1701884877343 [32m200[0m 5.695 ms - 372[0m
[ { name: 'Admin' } ]
[0mGET /config/reports?lang=es [36m304[0m 125.220 ms - -[0m
[0mGET /css/production/operators.css [36m304[0m 8.250 ms - -[0m
[0mGET /js/production/reports.js [36m304[0m 6.503 ms - -[0m
[0mGET /js/jquery/jquery.form.min.js [36m304[0m 3.688 ms - -[0m
[0mGET /js/production/photos.js [36m304[0m 5.110 ms - -[0m
[0mGET /images/process/team2.png [36m304[0m 6.874 ms - -[0m
[0mGET /images/process/report2.png [36m304[0m 5.841 ms - -[0m
[0mGET /js/datatables/languaje/Spanish.json [36m304[0m 3.136 ms - -[0m
[0mGET /tables/reports?&_=1701884877344 [32m200[0m 9.336 ms - 2301[0m
[0mGET /inicio?lang=es [36m304[0m 95.154 ms - -[0m
[0mGET /css/datatables/dataTables.css [36m304[0m 9.212 ms - -[0m
[0mGET /css/datatables/responsive.dataTables.min.css [36m304[0m 10.537 ms - -[0m
[0mGET /css/bootstrap/bootstrap.min.css [36m304[0m 9.480 ms - -[0m
[0mGET /css/sidebar/style.css [36m304[0m 9.919 ms - -[0m
[0mGET /css/datetime/tempusdominus-bootstrap-4.min.css [36m304[0m 10.050 ms - -[0m
[0mGET /css/inicio.css [36m304[0m 9.364 ms - -[0m
[0mGET /css/production/production.css [36m304[0m 11.421 ms - -[0m
[0mGET /css/reports.css [36m304[0m 10.632 ms - -[0m
[0mGET /css/keyboard/index.css [36m304[0m 13.869 ms - -[0m
[0mGET /js/bootstrap/jquery/popper.min.js [36m304[0m 11.527 ms - -[0m
[0mGET /js/jquery/jquery-3.3.1.min.js [36m304[0m 10.768 ms - -[0m
[0mGET /logo.png [36m304[0m 11.041 ms - -[0m
[0mGET /js/bootstrap/bootstrap.min.js [36m304[0m 9.910 ms - -[0m
[0mGET /js/calendar/lib/moment.min.js [36m304[0m 10.722 ms - -[0m
[0mGET /js/calendar/lib/locale/es.js [36m304[0m 10.195 ms - -[0m
[0mGET /js/calendar/lib/locale/ja.js [36m304[0m 5.826 ms - -[0m
[0mGET /js/datatables/dataTables.min.js [36m304[0m 3.477 ms - -[0m
[0mGET /js/datatables/dataTables.responsive.min.js [36m304[0m 4.676 ms - -[0m
[0mGET /js/datetime/tempusdominus-bootstrap-4.min.js [36m304[0m 9.344 ms - -[0m
[0mGET /js/datatables/jszip/jszip.min.js [36m304[0m 9.968 ms - -[0m
[0mGET /js/datatables/pdfmake/vfs_fonts.js [36m304[0m 8.417 ms - -[0m
[0mGET /js/datatables/buttons/buttons.html5.min.js [36m304[0m 2.672 ms - -[0m
[0mGET /js/validation/bootstrap-notify.min.js [36m304[0m 5.206 ms - -[0m
[0mGET /js/production/cropme.js [36m304[0m 4.561 ms - -[0m
[0mGET /js/production.js [36m304[0m 4.271 ms - -[0m
[ { name: 'Admin' } ]
[0mGET /config/reports?lang=es [36m304[0m 125.484 ms - -[0m
[0mGET /css/production/operators.css [36m304[0m 8.126 ms - -[0m
[0mGET /js/production/reports.js [36m304[0m 7.570 ms - -[0m
[0mGET /js/jquery/jquery.form.min.js [36m304[0m 4.763 ms - -[0m
[0mGET /js/production/photos.js [36m304[0m 4.324 ms - -[0m
[0mGET /images/process/team2.png [36m304[0m 11.260 ms - -[0m
[0mGET /images/process/report2.png [36m304[0m 10.796 ms - -[0m
[0mGET /js/datatables/languaje/Spanish.json [36m304[0m 3.182 ms - -[0m
[0mGET /css/datatables/DataTables-1.10.18/images/sort_both.png [36m304[0m 14.463 ms - -[0m
[0mGET /css/datatables/DataTables-1.10.18/images/sort_asc.png [36m304[0m 7.792 ms - -[0m
[0mGET /tables/reports?&_=1701895629337 [32m200[0m 10.820 ms - 2301[0m
[0mGET /inicio?lang=es [36m304[0m 66.985 ms - -[0m
[0mGET /css/datatables/dataTables.css [36m304[0m 3.030 ms - -[0m
[0mGET /css/datatables/responsive.dataTables.min.css [36m304[0m 10.900 ms - -[0m
[0mGET /css/bootstrap/bootstrap.min.css [36m304[0m 12.048 ms - -[0m
[0mGET /css/reports.css [36m304[0m 11.858 ms - -[0m
[0mGET /css/inicio.css [36m304[0m 11.495 ms - -[0m
[0mGET /css/sidebar/style.css [36m304[0m 11.091 ms - -[0m
[0mGET /css/datetime/tempusdominus-bootstrap-4.min.css [36m304[0m 11.278 ms - -[0m
[0mGET /css/keyboard/index.css [36m304[0m 3.664 ms - -[0m
[0mGET /css/production/production.css [36m304[0m 3.067 ms - -[0m
[0mGET /js/bootstrap/jquery/popper.min.js [36m304[0m 6.553 ms - -[0m
[0mGET /logo.png [36m304[0m 7.517 ms - -[0m
[0mGET /js/bootstrap/bootstrap.min.js [36m304[0m 7.333 ms - -[0m
[0mGET /js/jquery/jquery-3.3.1.min.js [36m304[0m 8.016 ms - -[0m
[0mGET /js/calendar/lib/moment.min.js [36m304[0m 6.269 ms - -[0m
[0mGET /js/calendar/lib/locale/es.js [36m304[0m 4.955 ms - -[0m
[0mGET /js/datetime/tempusdominus-bootstrap-4.min.js [36m304[0m 11.442 ms - -[0m
[0mGET /js/datatables/dataTables.responsive.min.js [36m304[0m 10.839 ms - -[0m
[0mGET /js/calendar/lib/locale/ja.js [36m304[0m 10.237 ms - -[0m
[0mGET /js/datatables/dataTables.min.js [36m304[0m 12.081 ms - -[0m
[0mGET /js/datatables/jszip/jszip.min.js [36m304[0m 11.787 ms - -[0m
[0mGET /js/datatables/pdfmake/vfs_fonts.js [36m304[0m 5.594 ms - -[0m
[0mGET /js/validation/bootstrap-notify.min.js [36m304[0m 12.925 ms - -[0m
[0mGET /js/production.js [36m304[0m 11.448 ms - -[0m
[0mGET /js/production/cropme.js [36m304[0m 10.815 ms - -[0m
[0mGET /js/datatables/buttons/buttons.html5.min.js [36m304[0m 11.292 ms - -[0m
[0mGET /favicon.ico [36m304[0m 4.873 ms - -[0m
[ { name: 'Admin' } ]
[0mGET /config/reports?lang=es [36m304[0m 90.263 ms - -[0m
[0mGET /images/process/report2.png [36m304[0m 8.464 ms - -[0m
[0mGET /images/process/team2.png [36m304[0m 8.292 ms - -[0m
[0mGET /css/production/operators.css [36m304[0m 8.309 ms - -[0m
[0mGET /js/production/reports.js [36m304[0m 8.211 ms - -[0m
[0mGET /js/jquery/jquery.form.min.js [36m304[0m 3.031 ms - -[0m
[0mGET /js/production/photos.js [36m304[0m 3.507 ms - -[0m
[0mGET /js/datatables/languaje/Spanish.json [36m304[0m 2.563 ms - -[0m
[0mGET /css/datatables/DataTables-1.10.18/images/sort_both.png [36m304[0m 2.348 ms - -[0m
[0mGET /css/datatables/DataTables-1.10.18/images/sort_asc.png [36m304[0m 4.045 ms - -[0m
[0mGET /tables/reports?&_=1701895776372 [32m200[0m 5.410 ms - 2301[0m
[0mGET /inicio?lang=es [36m304[0m 86.839 ms - -[0m
[0mGET /css/datatables/dataTables.css [36m304[0m 9.592 ms - -[0m
[0mGET /css/datatables/responsive.dataTables.min.css [36m304[0m 11.228 ms - -[0m
[0mGET /css/sidebar/style.css [36m304[0m 10.873 ms - -[0m
[0mGET /css/inicio.css [36m304[0m 10.351 ms - -[0m
[0mGET /css/bootstrap/bootstrap.min.css [36m304[0m 8.521 ms - -[0m
[0mGET /css/datetime/tempusdominus-bootstrap-4.min.css [36m304[0m 9.060 ms - -[0m
[0mGET /css/reports.css [36m304[0m 6.654 ms - -[0m
[0mGET /css/keyboard/index.css [36m304[0m 4.018 ms - -[0m
[0mGET /css/production/production.css [36m304[0m 14.390 ms - -[0m
[0mGET /js/jquery/jquery-3.3.1.min.js [36m304[0m 13.176 ms - -[0m
[0mGET /logo.png [36m304[0m 11.825 ms - -[0m
[0mGET /js/bootstrap/jquery/popper.min.js [36m304[0m 12.639 ms - -[0m
[0mGET /js/calendar/lib/moment.min.js [36m304[0m 11.124 ms - -[0m
[0mGET /js/bootstrap/bootstrap.min.js [36m304[0m 9.417 ms - -[0m
[0mGET /js/datatables/dataTables.responsive.min.js [36m304[0m 23.385 ms - -[0m
[0mGET /js/calendar/lib/locale/ja.js [36m304[0m 22.648 ms - -[0m
[0mGET /js/datatables/dataTables.min.js [36m304[0m 21.651 ms - -[0m
[0mGET /js/calendar/lib/locale/es.js [36m304[0m 20.993 ms - -[0m
[0mGET /js/datetime/tempusdominus-bootstrap-4.min.js [36m304[0m 20.399 ms - -[0m
[0mGET /js/datatables/jszip/jszip.min.js [36m304[0m 20.803 ms - -[0m
[0mGET /js/datatables/pdfmake/vfs_fonts.js [36m304[0m 5.559 ms - -[0m
[0mGET /js/datatables/buttons/buttons.html5.min.js [36m304[0m 13.863 ms - -[0m
[0mGET /js/validation/bootstrap-notify.min.js [36m304[0m 10.990 ms - -[0m
[0mGET /js/production/cropme.js [36m304[0m 10.236 ms - -[0m
[0mGET /js/production.js [36m304[0m 9.614 ms - -[0m
[0mGET /favicon.ico [36m304[0m 4.666 ms - -[0m
[ { name: 'Admin' } ]
[0mGET /config/reports?lang=es [36m304[0m 184.885 ms - -[0m
[0mGET /images/process/report2.png [36m304[0m 13.011 ms - -[0m
[0mGET /images/process/team2.png [36m304[0m 12.078 ms - -[0m
[0mGET /js/production/reports.js [36m304[0m 9.553 ms - -[0m
[0mGET /css/production/operators.css [36m304[0m 10.034 ms - -[0m
[0mGET /js/jquery/jquery.form.min.js [36m304[0m 5.004 ms - -[0m
[0mGET /js/production/photos.js [36m304[0m 4.635 ms - -[0m
[0mGET /js/datatables/languaje/Spanish.json [36m304[0m 4.874 ms - -[0m
[0mGET /css/datatables/DataTables-1.10.18/images/sort_both.png [36m304[0m 8.039 ms - -[0m
[0mGET /css/datatables/DataTables-1.10.18/images/sort_asc.png [36m304[0m 10.563 ms - -[0m
[0mGET /tables/reports?&_=1701895927002 [32m200[0m 11.919 ms - 2301[0m
[0mGET /inicio?lang=es [36m304[0m 70.804 ms - -[0m
[0mGET /css/datatables/dataTables.css [36m304[0m 10.102 ms - -[0m
[0mGET /css/datatables/responsive.dataTables.min.css [36m304[0m 3.227 ms - -[0m
[0mGET /css/datetime/tempusdominus-bootstrap-4.min.css [36m304[0m 14.112 ms - -[0m
[0mGET /css/bootstrap/bootstrap.min.css [36m304[0m 13.577 ms - -[0m
[0mGET /css/sidebar/style.css [36m304[0m 11.735 ms - -[0m
[0mGET /css/inicio.css [36m304[0m 14.426 ms - -[0m
[0mGET /css/reports.css [36m304[0m 13.084 ms - -[0m
[0mGET /css/keyboard/index.css [36m304[0m 6.675 ms - -[0m
[0mGET /css/production/production.css [36m304[0m 10.532 ms - -[0m
[0mGET /js/jquery/jquery-3.3.1.min.js [36m304[0m 10.969 ms - -[0m
[0mGET /logo.png [36m304[0m 10.372 ms - -[0m
[0mGET /js/bootstrap/jquery/popper.min.js [36m304[0m 10.026 ms - -[0m
[0mGET /js/bootstrap/bootstrap.min.js [36m304[0m 9.493 ms - -[0m
[0mGET /js/calendar/lib/moment.min.js [36m304[0m 7.287 ms - -[0m
[0mGET /js/datatables/dataTables.min.js [36m304[0m 5.857 ms - -[0m
[0mGET /js/calendar/lib/locale/es.js [36m304[0m 7.771 ms - -[0m
[0mGET /js/calendar/lib/locale/ja.js [36m304[0m 9.089 ms - -[0m
[0mGET /js/datatables/jszip/jszip.min.js [36m304[0m 10.490 ms - -[0m
[0mGET /js/datatables/dataTables.responsive.min.js [36m304[0m 9.790 ms - -[0m
[0mGET /js/datetime/tempusdominus-bootstrap-4.min.js [36m304[0m 8.588 ms - -[0m
[0mGET /js/datatables/buttons/buttons.html5.min.js [36m304[0m 4.676 ms - -[0m
[0mGET /js/datatables/pdfmake/vfs_fonts.js [36m304[0m 5.592 ms - -[0m
[0mGET /js/validation/bootstrap-notify.min.js [36m304[0m 5.787 ms - -[0m
[0mGET /js/production.js [36m304[0m 3.070 ms - -[0m
[0mGET /js/production/cropme.js [36m304[0m 3.169 ms - -[0m
[0mGET /favicon.ico [36m304[0m 6.683 ms - -[0m
[ { name: 'Admin' } ]
[0mGET /config/reports?lang=es [36m304[0m 158.544 ms - -[0m
[0mGET /images/process/team2.png [36m304[0m 12.876 ms - -[0m
[0mGET /images/process/report2.png [36m304[0m 13.956 ms - -[0m
[0mGET /css/production/operators.css [36m304[0m 11.575 ms - -[0m
[0mGET /js/production/reports.js [36m304[0m 11.598 ms - -[0m
[0mGET /js/jquery/jquery.form.min.js [36m304[0m 3.893 ms - -[0m
[0mGET /js/production/photos.js [36m304[0m 4.655 ms - -[0m
[0mGET /js/datatables/languaje/Spanish.json [36m304[0m 5.011 ms - -[0m
[0mGET /css/datatables/DataTables-1.10.18/images/sort_both.png [36m304[0m 5.077 ms - -[0m
[0mGET /css/datatables/DataTables-1.10.18/images/sort_asc.png [36m304[0m 10.099 ms - -[0m
[0mGET /tables/reports?&_=1701896151430 [32m200[0m 12.233 ms - 2301[0m
[0mGET /inicio?lang=es [36m304[0m 65.082 ms - -[0m
[0mGET /css/datatables/dataTables.css [36m304[0m 5.394 ms - -[0m
[0mGET /css/datatables/responsive.dataTables.min.css [36m304[0m 6.987 ms - -[0m
[0mGET /css/bootstrap/bootstrap.min.css [36m304[0m 11.868 ms - -[0m
[0mGET /css/sidebar/style.css [36m304[0m 14.907 ms - -[0m
[0mGET /css/datetime/tempusdominus-bootstrap-4.min.css [36m304[0m 14.061 ms - -[0m
[0mGET /css/inicio.css [36m304[0m 18.270 ms - -[0m
[0mGET /css/reports.css [36m304[0m 14.881 ms - -[0m
[0mGET /css/production/production.css [36m304[0m 12.696 ms - -[0m
[0mGET /css/keyboard/index.css [36m304[0m 16.056 ms - -[0m
[0mGET /js/jquery/jquery-3.3.1.min.js [36m304[0m 5.217 ms - -[0m
[0mGET /logo.png [36m304[0m 5.347 ms - -[0m
[0mGET /js/calendar/lib/locale/es.js [36m304[0m 12.495 ms - -[0m
[0mGET /js/calendar/lib/moment.min.js [36m304[0m 13.401 ms - -[0m
[0mGET /js/bootstrap/jquery/popper.min.js [36m304[0m 14.163 ms - -[0m
[0mGET /js/calendar/lib/locale/ja.js [36m304[0m 12.504 ms - -[0m
[0mGET /js/bootstrap/bootstrap.min.js [36m304[0m 12.044 ms - -[0m
[0mGET /js/datatables/dataTables.min.js [36m304[0m 11.151 ms - -[0m
[0mGET /js/datatables/dataTables.responsive.min.js [36m304[0m 1.885 ms - -[0m
[0mGET /js/datetime/tempusdominus-bootstrap-4.min.js [36m304[0m 9.167 ms - -[0m
[0mGET /js/validation/bootstrap-notify.min.js [36m304[0m 12.326 ms - -[0m
[0mGET /js/datatables/buttons/buttons.html5.min.js [36m304[0m 12.044 ms - -[0m
[0mGET /js/datatables/pdfmake/vfs_fonts.js [36m304[0m 13.813 ms - -[0m
[0mGET /js/datatables/jszip/jszip.min.js [36m304[0m 13.469 ms - -[0m
[0mGET /js/production/cropme.js [36m304[0m 13.339 ms - -[0m
[0mGET /js/production.js [36m304[0m 24.799 ms - -[0m
[0mGET /favicon.ico [36m304[0m 4.999 ms - -[0m
[ { name: 'Admin' } ]
[0mGET /config/reports?lang=es [36m304[0m 132.288 ms - -[0m
[0mGET /images/process/team2.png [36m304[0m 4.586 ms - -[0m
[0mGET /images/process/report2.png [36m304[0m 4.632 ms - -[0m
[0mGET /css/production/operators.css [36m304[0m 4.214 ms - -[0m
[0mGET /js/production/reports.js [32m200[0m 22.763 ms - 17658[0m
[0mGET /js/jquery/jquery.form.min.js [36m304[0m 4.987 ms - -[0m
[0mGET /js/production/photos.js [36m304[0m 4.872 ms - -[0m
[0mGET /js/datatables/languaje/Spanish.json [36m304[0m 4.933 ms - -[0m
[0mGET /css/datatables/DataTables-1.10.18/images/sort_both.png [36m304[0m 4.793 ms - -[0m
[0mGET /css/datatables/DataTables-1.10.18/images/sort_asc.png [36m304[0m 5.728 ms - -[0m
[0mGET /tables/reports?&_=1701896497042 [32m200[0m 9.264 ms - 2301[0m
[Object: null prototype] {
  IdAccion: '33',
  tipoAccion: 'Contención / Correción (FUGA)',
  describe: 'wed',
  tipoAccion2: '',
  causao: 'Causa de la ocurrencia:¿Por qué se generó la no conformidad?aa',
  causad: 'Causa raíz de la detección:¿Por qué no se detectó la no conformidad?aa',
  causap: 'Causa raíz de la planeación¿Qué es lo que falló en la planeación que no evitó este modo de falla?      aa                            ',
  observaciones: 'aa',
  evidencias: 'aa'
}
RequestError: Column name or number of supplied values does not match table definition.
    at RequestError (C:\Web\base\node_modules\tedious-connection-pool\node_modules\tedious\lib\errors.js:34:12)
    at Parser.<anonymous> (C:\Web\base\node_modules\tedious-connection-pool\node_modules\tedious\lib\connection.js:349:36)
    at Parser.emit (events.js:315:20)
    at Parser.<anonymous> (C:\Web\base\node_modules\tedious-connection-pool\node_modules\tedious\lib\token\token-stream-parser.js:54:15)
    at Parser.emit (events.js:315:20)
    at addChunk (C:\Web\base\node_modules\tedious-connection-pool\node_modules\readable-stream\lib\_stream_readable.js:291:12)
    at readableAddChunk (C:\Web\base\node_modules\tedious-connection-pool\node_modules\readable-stream\lib\_stream_readable.js:278:11)
    at Parser.Readable.push (C:\Web\base\node_modules\tedious-connection-pool\node_modules\readable-stream\lib\_stream_readable.js:245:10)
    at Parser.Transform.push (C:\Web\base\node_modules\tedious-connection-pool\node_modules\readable-stream\lib\_stream_transform.js:148:32)
    at doneParsing (C:\Web\base\node_modules\tedious-connection-pool\node_modules\tedious\lib\token\stream-parser.js:102:18) {
  code: 'EREQUEST',
  number: 213,
  state: 1,
  class: 16,
  serverName: 'NPMS16\\SQL19',
  procName: '',
  lineNumber: 1
}
[0mPOST /config/acciones [32m200[0m 39.567 ms - 226[0m
[0mGET /inicio?lang=es [36m304[0m 64.723 ms - -[0m
[0mGET /css/datatables/dataTables.css [36m304[0m 9.096 ms - -[0m
[0mGET /css/datatables/responsive.dataTables.min.css [36m304[0m 5.634 ms - -[0m
[0mGET /css/bootstrap/bootstrap.min.css [36m304[0m 6.023 ms - -[0m
[0mGET /css/inicio.css [36m304[0m 8.651 ms - -[0m
[0mGET /css/reports.css [36m304[0m 8.434 ms - -[0m
[0mGET /css/sidebar/style.css [36m304[0m 8.258 ms - -[0m
[0mGET /css/datetime/tempusdominus-bootstrap-4.min.css [36m304[0m 5.758 ms - -[0m
[0mGET /css/keyboard/index.css [36m304[0m 7.831 ms - -[0m
[0mGET /css/production/production.css [36m304[0m 2.444 ms - -[0m
[0mGET /logo.png [36m304[0m 7.448 ms - -[0m
[0mGET /js/bootstrap/bootstrap.min.js [36m304[0m 8.477 ms - -[0m
[0mGET /js/jquery/jquery-3.3.1.min.js [36m304[0m 8.269 ms - -[0m
[0mGET /js/bootstrap/jquery/popper.min.js [36m304[0m 7.967 ms - -[0m
[0mGET /js/calendar/lib/moment.min.js [36m304[0m 9.753 ms - -[0m
[0mGET /js/calendar/lib/locale/es.js [36m304[0m 7.038 ms - -[0m
[0mGET /js/calendar/lib/locale/ja.js [36m304[0m 2.046 ms - -[0m
[0mGET /js/datetime/tempusdominus-bootstrap-4.min.js [36m304[0m 7.418 ms - -[0m
[0mGET /js/datatables/dataTables.responsive.min.js [36m304[0m 6.680 ms - -[0m
[0mGET /js/datatables/dataTables.min.js [36m304[0m 8.222 ms - -[0m
[0mGET /js/datatables/jszip/jszip.min.js [36m304[0m 7.377 ms - -[0m
[0mGET /js/datatables/pdfmake/vfs_fonts.js [36m304[0m 7.105 ms - -[0m
[0mGET /js/datatables/buttons/buttons.html5.min.js [36m304[0m 6.361 ms - -[0m
[0mGET /js/validation/bootstrap-notify.min.js [36m304[0m 3.455 ms - -[0m
[0mGET /js/production/cropme.js [36m304[0m 3.533 ms - -[0m
[0mGET /js/production.js [36m304[0m 3.407 ms - -[0m
[0mGET /favicon.ico [36m304[0m 4.859 ms - -[0m
[ { name: 'Admin' } ]
[0mGET /config/reports?lang=es [36m304[0m 108.303 ms - -[0m
[0mGET /images/process/team2.png [36m304[0m 7.581 ms - -[0m
[0mGET /images/process/report2.png [36m304[0m 7.281 ms - -[0m
[0mGET /css/production/operators.css [36m304[0m 9.020 ms - -[0m
[0mGET /js/production/reports.js [36m304[0m 7.374 ms - -[0m
[0mGET /js/jquery/jquery.form.min.js [36m304[0m 5.261 ms - -[0m
[0mGET /js/production/photos.js [36m304[0m 4.544 ms - -[0m
[0mGET /js/datatables/languaje/Spanish.json [36m304[0m 4.457 ms - -[0m
[0mGET /css/datatables/DataTables-1.10.18/images/sort_both.png [36m304[0m 4.502 ms - -[0m
[0mGET /css/datatables/DataTables-1.10.18/images/sort_asc.png [36m304[0m 6.933 ms - -[0m
[0mGET /tables/reports?&_=1701896699219 [32m200[0m 10.323 ms - 2301[0m
[Object: null prototype] {
  IdAccion: '31',
  tipoAccion: 'Contención / Correción (FUGA)',
  describe: 'sss',
  tipoAccion2: '',
  causao: 'Causa de la ocurrencia:¿Por qué se generó la no conformidad?aa',
  causad: 'Causa raíz de la detección:¿Por qué no se detectó la no conformidad?aa',
  causap: 'Causa raíz de la planeación¿Qué es lo que falló en la planeación que no evitó este modo de falla?       aa                           ',
  observaciones: 'aaa',
  evidencias: 'sss'
}
RequestError: Column name or number of supplied values does not match table definition.
    at RequestError (C:\Web\base\node_modules\tedious-connection-pool\node_modules\tedious\lib\errors.js:34:12)
    at Parser.<anonymous> (C:\Web\base\node_modules\tedious-connection-pool\node_modules\tedious\lib\connection.js:349:36)
    at Parser.emit (events.js:315:20)
    at Parser.<anonymous> (C:\Web\base\node_modules\tedious-connection-pool\node_modules\tedious\lib\token\token-stream-parser.js:54:15)
    at Parser.emit (events.js:315:20)
    at addChunk (C:\Web\base\node_modules\tedious-connection-pool\node_modules\readable-stream\lib\_stream_readable.js:291:12)
    at readableAddChunk (C:\Web\base\node_modules\tedious-connection-pool\node_modules\readable-stream\lib\_stream_readable.js:278:11)
    at Parser.Readable.push (C:\Web\base\node_modules\tedious-connection-pool\node_modules\readable-stream\lib\_stream_readable.js:245:10)
    at Parser.Transform.push (C:\Web\base\node_modules\tedious-connection-pool\node_modules\readable-stream\lib\_stream_transform.js:148:32)
    at doneParsing (C:\Web\base\node_modules\tedious-connection-pool\node_modules\tedious\lib\token\stream-parser.js:102:18) {
  code: 'EREQUEST',
  number: 213,
  state: 1,
  class: 16,
  serverName: 'NPMS16\\SQL19',
  procName: '',
  lineNumber: 1
}
[0mPOST /config/acciones [32m200[0m 8.113 ms - 226[0m
[0mGET /inicio?lang=es [36m304[0m 53.794 ms - -[0m
[0mGET /css/datatables/dataTables.css [36m304[0m 4.937 ms - -[0m
[0mGET /css/datatables/responsive.dataTables.min.css [36m304[0m 12.446 ms - -[0m
[0mGET /css/bootstrap/bootstrap.min.css [36m304[0m 13.229 ms - -[0m
[0mGET /css/sidebar/style.css [36m304[0m 13.405 ms - -[0m
[0mGET /css/datetime/tempusdominus-bootstrap-4.min.css [36m304[0m 13.561 ms - -[0m
[0mGET /css/reports.css [36m304[0m 12.812 ms - -[0m
[0mGET /css/inicio.css [36m304[0m 13.203 ms - -[0m
[0mGET /css/keyboard/index.css [36m304[0m 3.137 ms - -[0m
[0mGET /css/production/production.css [36m304[0m 4.491 ms - -[0m
[0mGET /logo.png [36m304[0m 3.909 ms - -[0m
[0mGET /js/jquery/jquery-3.3.1.min.js [36m304[0m 7.921 ms - -[0m
[0mGET /js/bootstrap/jquery/popper.min.js [36m304[0m 7.566 ms - -[0m
[0mGET /js/bootstrap/bootstrap.min.js [36m304[0m 8.998 ms - -[0m
[0mGET /js/calendar/lib/moment.min.js [36m304[0m 8.683 ms - -[0m
[0mGET /js/calendar/lib/locale/es.js [36m304[0m 5.781 ms - -[0m
[0mGET /js/calendar/lib/locale/ja.js [36m304[0m 4.999 ms - -[0m
[0mGET /js/datatables/dataTables.min.js [36m304[0m 3.009 ms - -[0m
[0mGET /js/datatables/dataTables.responsive.min.js [36m304[0m 2.530 ms - -[0m
[0mGET /js/datatables/jszip/jszip.min.js [36m304[0m 12.247 ms - -[0m
[0mGET /js/datatables/buttons/buttons.html5.min.js [36m304[0m 11.897 ms - -[0m
[0mGET /js/datetime/tempusdominus-bootstrap-4.min.js [36m304[0m 11.616 ms - -[0m
[0mGET /js/datatables/pdfmake/vfs_fonts.js [36m304[0m 11.631 ms - -[0m
[0mGET /js/validation/bootstrap-notify.min.js [36m304[0m 7.446 ms - -[0m
[0mGET /js/production/cropme.js [36m304[0m 5.802 ms - -[0m
[0mGET /js/production.js [36m304[0m 1.689 ms - -[0m
[0mGET /favicon.ico [36m304[0m 4.504 ms - -[0m
[ { name: 'Admin' } ]
[0mGET /config/reports?lang=es [36m304[0m 103.488 ms - -[0m
[0mGET /images/process/team2.png [36m304[0m 5.564 ms - -[0m
[0mGET /images/process/report2.png [36m304[0m 4.497 ms - -[0m
[0mGET /css/production/operators.css [36m304[0m 2.633 ms - -[0m
[0mGET /js/production/reports.js [36m304[0m 2.009 ms - -[0m
[0mGET /js/jquery/jquery.form.min.js [36m304[0m 4.520 ms - -[0m
[0mGET /js/production/photos.js [36m304[0m 4.329 ms - -[0m
[0mGET /js/datatables/languaje/Spanish.json [36m304[0m 4.962 ms - -[0m
[0mGET /css/datatables/DataTables-1.10.18/images/sort_both.png [36m304[0m 4.429 ms - -[0m
[0mGET /css/datatables/DataTables-1.10.18/images/sort_asc.png [36m304[0m 7.036 ms - -[0m
[0mGET /tables/reports?&_=1701896881067 [32m200[0m 11.238 ms - 2301[0m
[0mGET /inicio?lang=es [36m304[0m 59.451 ms - -[0m
[0mGET /css/datatables/dataTables.css [36m304[0m 12.845 ms - -[0m
[0mGET /css/datatables/responsive.dataTables.min.css [36m304[0m 12.518 ms - -[0m
[0mGET /css/datetime/tempusdominus-bootstrap-4.min.css [36m304[0m 12.218 ms - -[0m
[0mGET /css/inicio.css [36m304[0m 11.740 ms - -[0m
[0mGET /css/bootstrap/bootstrap.min.css [36m304[0m 10.200 ms - -[0m
[0mGET /css/sidebar/style.css [36m304[0m 11.855 ms - -[0m
[0mGET /css/reports.css [36m304[0m 4.985 ms - -[0m
[0mGET /css/keyboard/index.css [36m304[0m 5.035 ms - -[0m
[0mGET /css/production/production.css [36m304[0m 14.684 ms - -[0m
[0mGET /js/jquery/jquery-3.3.1.min.js [36m304[0m 14.508 ms - -[0m
[0mGET /logo.png [36m304[0m 13.436 ms - -[0m
[0mGET /js/bootstrap/jquery/popper.min.js [36m304[0m 14.724 ms - -[0m
[0mGET /js/bootstrap/bootstrap.min.js [36m304[0m 12.620 ms - -[0m
[0mGET /js/calendar/lib/moment.min.js [36m304[0m 9.072 ms - -[0m
[0mGET /js/calendar/lib/locale/es.js [36m304[0m 3.387 ms - -[0m
[0mGET /js/calendar/lib/locale/ja.js [36m304[0m 2.844 ms - -[0m
[0mGET /js/datatables/dataTables.min.js [36m304[0m 4.947 ms - -[0m
[0mGET /js/datatables/dataTables.responsive.min.js [36m304[0m 4.378 ms - -[0m
[0mGET /js/datetime/tempusdominus-bootstrap-4.min.js [36m304[0m 6.232 ms - -[0m
[0mGET /js/datatables/jszip/jszip.min.js [36m304[0m 5.723 ms - -[0m
[0mGET /js/datatables/pdfmake/vfs_fonts.js [36m304[0m 5.661 ms - -[0m
[0mGET /js/datatables/buttons/buttons.html5.min.js [36m304[0m 4.804 ms - -[0m
[0mGET /js/validation/bootstrap-notify.min.js [36m304[0m 4.722 ms - -[0m
[0mGET /js/production/cropme.js [36m304[0m 5.736 ms - -[0m
[0mGET /js/production.js [36m304[0m 5.078 ms - -[0m
[0mGET /favicon.ico [36m304[0m 4.793 ms - -[0m
[ { name: 'Admin' } ]
[0mGET /config/reports?lang=es [36m304[0m 103.591 ms - -[0m
[0mGET /images/process/team2.png [36m304[0m 8.874 ms - -[0m
[0mGET /images/process/report2.png [36m304[0m 7.446 ms - -[0m
[0mGET /css/production/operators.css [36m304[0m 9.898 ms - -[0m
[0mGET /js/production/reports.js [36m304[0m 6.674 ms - -[0m
[0mGET /js/jquery/jquery.form.min.js [36m304[0m 4.883 ms - -[0m
[0mGET /js/production/photos.js [36m304[0m 3.624 ms - -[0m
[0mGET /js/datatables/languaje/Spanish.json [36m304[0m 4.693 ms - -[0m
[0mGET /css/datatables/DataTables-1.10.18/images/sort_both.png [36m304[0m 4.932 ms - -[0m
[0mGET /css/datatables/DataTables-1.10.18/images/sort_asc.png [36m304[0m 4.583 ms - -[0m
[0mGET /tables/reports?&_=1701896948653 [32m200[0m 6.980 ms - 2301[0m
[Object: null prototype] {
  IdAccion: '28',
  tipoAccion: 'Contención / Correción (FUGA)',
  describe: 'sss',
  tipoAccion2: '',
  causao: 'Causa de la ocurrencia:¿Por qué se generó la no conformidad?ss',
  causad: 'Causa raíz de la detección:¿Por qué no se detectó la no conformidad?asa',
  causap: 'Causa raíz de la planeación¿Qué es lo que falló en la planeación que no evitó este modo de falla?                                  ',
  observaciones: 'sas',
  evidencias: 'sas'
}
RequestError: Column name or number of supplied values does not match table definition.
    at RequestError (C:\Web\base\node_modules\tedious-connection-pool\node_modules\tedious\lib\errors.js:34:12)
    at Parser.<anonymous> (C:\Web\base\node_modules\tedious-connection-pool\node_modules\tedious\lib\connection.js:349:36)
    at Parser.emit (events.js:315:20)
    at Parser.<anonymous> (C:\Web\base\node_modules\tedious-connection-pool\node_modules\tedious\lib\token\token-stream-parser.js:54:15)
    at Parser.emit (events.js:315:20)
    at addChunk (C:\Web\base\node_modules\tedious-connection-pool\node_modules\readable-stream\lib\_stream_readable.js:291:12)
    at readableAddChunk (C:\Web\base\node_modules\tedious-connection-pool\node_modules\readable-stream\lib\_stream_readable.js:278:11)
    at Parser.Readable.push (C:\Web\base\node_modules\tedious-connection-pool\node_modules\readable-stream\lib\_stream_readable.js:245:10)
    at Parser.Transform.push (C:\Web\base\node_modules\tedious-connection-pool\node_modules\readable-stream\lib\_stream_transform.js:148:32)
    at doneParsing (C:\Web\base\node_modules\tedious-connection-pool\node_modules\tedious\lib\token\stream-parser.js:102:18) {
  code: 'EREQUEST',
  number: 213,
  state: 1,
  class: 16,
  serverName: 'NPMS16\\SQL19',
  procName: '',
  lineNumber: 1
}
[0mPOST /config/acciones [32m200[0m 8.218 ms - 226[0m
[Object: null prototype] {
  IdAccion: '28',
  tipoAccion: 'Contención / Correción (FUGA)',
  describe: 'sss',
  tipoAccion2: '',
  causao: 'Causa de la ocurrencia:¿Por qué se generó la no conformidad?ss',
  causad: 'Causa raíz de la detección:¿Por qué no se detectó la no conformidad?asa',
  causap: 'Causa raíz de la planeación¿Qué es lo que falló en la planeación que no evitó este modo de falla?                                  ',
  observaciones: 'sasQW',
  evidencias: 'sasAAAA'
}
RequestError: Column name or number of supplied values does not match table definition.
    at RequestError (C:\Web\base\node_modules\tedious-connection-pool\node_modules\tedious\lib\errors.js:34:12)
    at Parser.<anonymous> (C:\Web\base\node_modules\tedious-connection-pool\node_modules\tedious\lib\connection.js:349:36)
    at Parser.emit (events.js:315:20)
    at Parser.<anonymous> (C:\Web\base\node_modules\tedious-connection-pool\node_modules\tedious\lib\token\token-stream-parser.js:54:15)
    at Parser.emit (events.js:315:20)
    at addChunk (C:\Web\base\node_modules\tedious-connection-pool\node_modules\readable-stream\lib\_stream_readable.js:291:12)
    at readableAddChunk (C:\Web\base\node_modules\tedious-connection-pool\node_modules\readable-stream\lib\_stream_readable.js:278:11)
    at Parser.Readable.push (C:\Web\base\node_modules\tedious-connection-pool\node_modules\readable-stream\lib\_stream_readable.js:245:10)
    at Parser.Transform.push (C:\Web\base\node_modules\tedious-connection-pool\node_modules\readable-stream\lib\_stream_transform.js:148:32)
    at doneParsing (C:\Web\base\node_modules\tedious-connection-pool\node_modules\tedious\lib\token\stream-parser.js:102:18) {
  code: 'EREQUEST',
  number: 213,
  state: 1,
  class: 16,
  serverName: 'NPMS16\\SQL19',
  procName: '',
  lineNumber: 1
}
[0mPOST /config/acciones [32m200[0m 7.974 ms - 226[0m
[Object: null prototype] {
  IdAccion: '26',
  tipoAccion: 'Contención / Correción (FUGA)',
  describe: 'sssd',
  tipoAccion2: '',
  causao: 'Causa de la ocurrencia:¿Por qué se generó la no conformidad?ss',
  causad: 'Causa raíz de la detección:¿Por qué no se detectó la no conformidad?asa',
  causap: 'Causa raíz de la planeación¿Qué es lo que falló en la planeación que no evitó este modo de falla?                                  ',
  observaciones: 'sasQW',
  evidencias: 'sasAAAA'
}
RequestError: Column name or number of supplied values does not match table definition.
    at RequestError (C:\Web\base\node_modules\tedious-connection-pool\node_modules\tedious\lib\errors.js:34:12)
    at Parser.<anonymous> (C:\Web\base\node_modules\tedious-connection-pool\node_modules\tedious\lib\connection.js:349:36)
    at Parser.emit (events.js:315:20)
    at Parser.<anonymous> (C:\Web\base\node_modules\tedious-connection-pool\node_modules\tedious\lib\token\token-stream-parser.js:54:15)
    at Parser.emit (events.js:315:20)
    at addChunk (C:\Web\base\node_modules\tedious-connection-pool\node_modules\readable-stream\lib\_stream_readable.js:291:12)
    at readableAddChunk (C:\Web\base\node_modules\tedious-connection-pool\node_modules\readable-stream\lib\_stream_readable.js:278:11)
    at Parser.Readable.push (C:\Web\base\node_modules\tedious-connection-pool\node_modules\readable-stream\lib\_stream_readable.js:245:10)
    at Parser.Transform.push (C:\Web\base\node_modules\tedious-connection-pool\node_modules\readable-stream\lib\_stream_transform.js:148:32)
    at doneParsing (C:\Web\base\node_modules\tedious-connection-pool\node_modules\tedious\lib\token\stream-parser.js:102:18) {
  code: 'EREQUEST',
  number: 213,
  state: 1,
  class: 16,
  serverName: 'NPMS16\\SQL19',
  procName: '',
  lineNumber: 1
}
[0mPOST /config/acciones [32m200[0m 20.647 ms - 226[0m
[0mGET /inicio?lang=es [32m200[0m 17.379 ms - 163[0m
[0mGET /favicon.ico [36m304[0m 5.257 ms - -[0m
[0mGET / [36m304[0m 936.026 ms - -[0m
[0mGET /css/bootstrap/bootstrap.min.css [36m304[0m 2.522 ms - -[0m
[0mGET /css/login/styleLogin.css [36m304[0m 4.594 ms - -[0m
[0mGET /css/login/font-awesome.min.css [36m304[0m 3.947 ms - -[0m
[0mGET /css/login/style.css [36m304[0m 2.858 ms - -[0m
[0mGET /logo.png [36m304[0m 2.228 ms - -[0m
[0mGET /css/login/style2.css [36m304[0m 1.875 ms - -[0m
[0mGET /js/login.js [36m304[0m 1.406 ms - -[0m
[ '50191', '12345678' ]
[0mPOST /login [36m302[0m 74.652 ms - 74[0m
[0mGET /inicio?lang=es [32m200[0m 121.356 ms - 3935[0m
[0mGET /css/datatables/dataTables.css [36m304[0m 25.649 ms - -[0m
[0mGET /css/bootstrap/bootstrap.min.css [36m304[0m 40.580 ms - -[0m
[0mGET /css/datatables/responsive.dataTables.min.css [36m304[0m 45.435 ms - -[0m
[0mGET /css/sidebar/style.css [36m304[0m 53.811 ms - -[0m
[0mGET /css/datetime/tempusdominus-bootstrap-4.min.css [36m304[0m 53.353 ms - -[0m
[0mGET /css/inicio.css [36m304[0m 53.054 ms - -[0m
[0mGET /css/reports.css [36m304[0m 64.647 ms - -[0m
[0mGET /css/keyboard/index.css [36m304[0m 28.900 ms - -[0m
[0mGET /css/production/production.css [36m304[0m 27.815 ms - -[0m
[0mGET /logo.png [36m304[0m 33.967 ms - -[0m
[0mGET /js/jquery/jquery-3.3.1.min.js [36m304[0m 30.130 ms - -[0m
[0mGET /js/bootstrap/jquery/popper.min.js [36m304[0m 37.197 ms - -[0m
[0mGET /js/bootstrap/bootstrap.min.js [36m304[0m 30.002 ms - -[0m
[0mGET /js/calendar/lib/moment.min.js [36m304[0m 21.313 ms - -[0m
[0mGET /js/calendar/lib/locale/es.js [36m304[0m 15.335 ms - -[0m
[0mGET /js/datatables/dataTables.min.js [36m304[0m 27.905 ms - -[0m
[0mGET /js/calendar/lib/locale/ja.js [36m304[0m 33.065 ms - -[0m
[0mGET /js/datatables/dataTables.responsive.min.js [36m304[0m 27.785 ms - -[0m
[0mGET /js/datatables/jszip/jszip.min.js [36m304[0m 44.182 ms - -[0m
[0mGET /js/datetime/tempusdominus-bootstrap-4.min.js [36m304[0m 43.960 ms - -[0m
[0mGET /js/datatables/pdfmake/vfs_fonts.js [36m304[0m 38.522 ms - -[0m
[0mGET /js/datatables/buttons/buttons.html5.min.js [36m304[0m 32.004 ms - -[0m
[0mGET /js/production/cropme.js [36m304[0m 26.971 ms - -[0m
[0mGET /js/validation/bootstrap-notify.min.js [36m304[0m 32.505 ms - -[0m
[0mGET /js/production.js [36m304[0m 13.643 ms - -[0m
[ { name: 'Admin' } ]
[0mGET /config/reports?lang=es [36m304[0m 200.001 ms - -[0m
[0mGET /images/process/team2.png [36m304[0m 29.417 ms - -[0m
[0mGET /images/process/report2.png [36m304[0m 39.029 ms - -[0m
[0mGET /css/production/operators.css [36m304[0m 29.439 ms - -[0m
[0mGET /js/production/reports.js [36m304[0m 31.532 ms - -[0m
[0mGET /js/jquery/jquery.form.min.js [36m304[0m 15.788 ms - -[0m
[0mGET /js/production/photos.js [36m304[0m 15.256 ms - -[0m
[0mGET /js/datatables/languaje/Spanish.json [36m304[0m 14.045 ms - -[0m
[0mGET /css/datatables/DataTables-1.10.18/images/sort_both.png [36m304[0m 12.835 ms - -[0m
[0mGET /css/datatables/DataTables-1.10.18/images/sort_asc.png [36m304[0m 14.442 ms - -[0m
[0mGET /tables/reports?&_=1701897291257 [32m200[0m 20.571 ms - 2301[0m
[Object: null prototype] {
  IdAccion: '31',
  tipoAccion: 'Contención / Correción (FUGA)',
  describe: 'ee',
  tipoAccion2: '',
  causao: 'Causa de la ocurrencia:¿Por qué se generó la no conformidad?w',
  causad: 'Causa raíz de la detección:¿Por qué no se detectó la no conformidad?w',
  causap: 'Causa raíz de la planeación¿Qué es lo que falló en la planeación que no evitó este modo de falla?   w                               ',
  observaciones: 'eee',
  evidencias: 'ewe'
}
[0mPOST /config/acciones [32m200[0m 47.872 ms - 66[0m
[0mGET /tables/reports?&_=1701897291258 [32m200[0m 22.914 ms - 2301[0m
[0mGET /inicio?lang=es [36m304[0m 108.938 ms - -[0m
[0mGET /css/datatables/dataTables.css [36m304[0m 33.674 ms - -[0m
[0mGET /css/datatables/responsive.dataTables.min.css [36m304[0m 46.346 ms - -[0m
[0mGET /css/bootstrap/bootstrap.min.css [36m304[0m 41.398 ms - -[0m
[0mGET /css/sidebar/style.css [36m304[0m 62.020 ms - -[0m
[0mGET /css/inicio.css [36m304[0m 61.640 ms - -[0m
[0mGET /css/datetime/tempusdominus-bootstrap-4.min.css [36m304[0m 61.290 ms - -[0m
[0mGET /css/reports.css [36m304[0m 24.523 ms - -[0m
[0mGET /css/keyboard/index.css [36m304[0m 21.472 ms - -[0m
[0mGET /css/production/production.css [36m304[0m 21.245 ms - -[0m
[0mGET /js/jquery/jquery-3.3.1.min.js [36m304[0m 29.581 ms - -[0m
[0mGET /logo.png [36m304[0m 26.734 ms - -[0m
[0mGET /js/bootstrap/jquery/popper.min.js [36m304[0m 41.057 ms - -[0m
[0mGET /js/bootstrap/bootstrap.min.js [36m304[0m 44.755 ms - -[0m
[0mGET /js/calendar/lib/moment.min.js [36m304[0m 29.493 ms - -[0m
[0mGET /js/calendar/lib/locale/es.js [36m304[0m 38.259 ms - -[0m
[0mGET /js/datatables/dataTables.min.js [36m304[0m 31.451 ms - -[0m
[0mGET /js/calendar/lib/locale/ja.js [36m304[0m 31.245 ms - -[0m
[0mGET /js/datatables/dataTables.responsive.min.js [36m304[0m 19.724 ms - -[0m
[0mGET /js/datetime/tempusdominus-bootstrap-4.min.js [36m304[0m 29.469 ms - -[0m
[0mGET /js/datatables/jszip/jszip.min.js [36m304[0m 29.245 ms - -[0m
[0mGET /js/datatables/pdfmake/vfs_fonts.js [36m304[0m 32.736 ms - -[0m
[0mGET /js/validation/bootstrap-notify.min.js [36m304[0m 48.158 ms - -[0m
[0mGET /js/datatables/buttons/buttons.html5.min.js [36m304[0m 47.974 ms - -[0m
[0mGET /js/production/cropme.js [36m304[0m 39.646 ms - -[0m
[0mGET /js/production.js [36m304[0m 12.182 ms - -[0m
[0mGET /favicon.ico [36m304[0m 20.971 ms - -[0m
[ { name: 'Admin' } ]
[0mGET /config/reports?lang=es [36m304[0m 199.284 ms - -[0m
[0mGET /images/process/team2.png [36m304[0m 44.374 ms - -[0m
[0mGET /images/process/report2.png [36m304[0m 37.846 ms - -[0m
[0mGET /js/production/reports.js [36m304[0m 34.069 ms - -[0m
[0mGET /css/production/operators.css [36m304[0m 35.060 ms - -[0m
[0mGET /js/jquery/jquery.form.min.js [36m304[0m 14.948 ms - -[0m
[0mGET /js/production/photos.js [36m304[0m 16.623 ms - -[0m
[0mGET /js/datatables/languaje/Spanish.json [36m304[0m 17.296 ms - -[0m
[0mGET /css/datatables/DataTables-1.10.18/images/sort_both.png [36m304[0m 34.115 ms - -[0m
[0mGET /css/datatables/DataTables-1.10.18/images/sort_asc.png [36m304[0m 19.602 ms - -[0m
[0mGET /tables/reports?&_=1701897348510 [32m200[0m 22.258 ms - 2301[0m
[0mGET /inicio?lang=es [36m304[0m 74.759 ms - -[0m
[0mGET /css/datatables/dataTables.css [36m304[0m 38.389 ms - -[0m
[0mGET /css/datatables/responsive.dataTables.min.css [36m304[0m 30.248 ms - -[0m
[0mGET /css/bootstrap/bootstrap.min.css [36m304[0m 28.825 ms - -[0m
[0mGET /css/datetime/tempusdominus-bootstrap-4.min.css [36m304[0m 41.542 ms - -[0m
[0mGET /css/sidebar/style.css [36m304[0m 40.315 ms - -[0m
[0mGET /css/inicio.css [36m304[0m 38.246 ms - -[0m
[0mGET /css/keyboard/index.css [36m304[0m 33.051 ms - -[0m
[0mGET /css/reports.css [36m304[0m 32.832 ms - -[0m
[0mGET /css/production/production.css [36m304[0m 31.697 ms - -[0m
[0mGET /js/jquery/jquery-3.3.1.min.js [36m304[0m 34.105 ms - -[0m
[0mGET /logo.png [36m304[0m 33.901 ms - -[0m
[0mGET /js/bootstrap/jquery/popper.min.js [36m304[0m 35.328 ms - -[0m
[0mGET /js/bootstrap/bootstrap.min.js [36m304[0m 37.253 ms - -[0m
[0mGET /js/calendar/lib/moment.min.js [36m304[0m 36.426 ms - -[0m
[0mGET /js/calendar/lib/locale/es.js [36m304[0m 42.000 ms - -[0m
[0mGET /js/calendar/lib/locale/ja.js [36m304[0m 42.954 ms - -[0m
[0mGET /js/datatables/dataTables.min.js [36m304[0m 42.764 ms - -[0m
[0mGET /js/datatables/dataTables.responsive.min.js [36m304[0m 39.443 ms - -[0m
[0mGET /js/datatables/jszip/jszip.min.js [36m304[0m 40.575 ms - -[0m
[0mGET /js/datetime/tempusdominus-bootstrap-4.min.js [36m304[0m 40.385 ms - -[0m
[0mGET /js/datatables/pdfmake/vfs_fonts.js [36m304[0m 37.997 ms - -[0m
[0mGET /js/datatables/buttons/buttons.html5.min.js [36m304[0m 32.156 ms - -[0m
[0mGET /js/validation/bootstrap-notify.min.js [36m304[0m 31.937 ms - -[0m
[0mGET /js/production/cropme.js [36m304[0m 24.456 ms - -[0m
[0mGET /js/production.js [36m304[0m 12.487 ms - -[0m
[0mGET /favicon.ico [36m304[0m 17.377 ms - -[0m
[ { name: 'Admin' } ]
[0mGET /config/reports?lang=es [36m304[0m 109.343 ms - -[0m
[0mGET /images/process/report2.png [36m304[0m 33.776 ms - -[0m
[0mGET /images/process/team2.png [36m304[0m 27.144 ms - -[0m
[0mGET /css/production/operators.css [36m304[0m 28.176 ms - -[0m
[0mGET /js/production/reports.js [36m304[0m 28.158 ms - -[0m
[0mGET /js/jquery/jquery.form.min.js [36m304[0m 16.364 ms - -[0m
[0mGET /js/production/photos.js [36m304[0m 20.301 ms - -[0m
[0mGET /js/datatables/languaje/Spanish.json [36m304[0m 15.806 ms - -[0m
[0mGET /css/datatables/DataTables-1.10.18/images/sort_both.png [36m304[0m 17.472 ms - -[0m
[0mGET /css/datatables/DataTables-1.10.18/images/sort_asc.png [36m304[0m 24.523 ms - -[0m
[0mGET /tables/reports?&_=1701897427667 [32m200[0m 27.345 ms - 2301[0m
[0mGET /css/datatables/dataTables.css [36m304[0m 31.174 ms - -[0m
[0mGET /css/bootstrap/bootstrap.min.css [36m304[0m 57.187 ms - -[0m
[0mGET /css/datatables/responsive.dataTables.min.css [36m304[0m 56.244 ms - -[0m
[0mGET /css/datetime/tempusdominus-bootstrap-4.min.css [36m304[0m 64.614 ms - -[0m
[0mGET /css/sidebar/style.css [36m304[0m 64.403 ms - -[0m
[0mGET /css/inicio.css [36m304[0m 64.239 ms - -[0m
[0mGET /css/reports.css [36m304[0m 50.827 ms - -[0m
[0mGET /css/production/production.css [36m304[0m 35.008 ms - -[0m
[0mGET /css/keyboard/index.css [36m304[0m 34.768 ms - -[0m
[0mGET /css/production/operators.css [36m304[0m 16.709 ms - -[0m
[0mGET /inicio?lang=es [36m304[0m 63.640 ms - -[0m
[0mGET /css/datatables/dataTables.css [36m304[0m 11.392 ms - -[0m
[0mGET /css/datatables/responsive.dataTables.min.css [36m304[0m 5.139 ms - -[0m
[0mGET /css/sidebar/style.css [36m304[0m 15.167 ms - -[0m
[0mGET /css/datetime/tempusdominus-bootstrap-4.min.css [36m304[0m 19.016 ms - -[0m
[0mGET /css/bootstrap/bootstrap.min.css [36m304[0m 22.119 ms - -[0m
[0mGET /css/inicio.css [36m304[0m 21.370 ms - -[0m
[0mGET /css/reports.css [36m304[0m 20.388 ms - -[0m
[0mGET /css/keyboard/index.css [36m304[0m 17.108 ms - -[0m
[0mGET /css/production/production.css [36m304[0m 2.381 ms - -[0m
[0mGET /logo.png [36m304[0m 5.113 ms - -[0m
[0mGET /js/bootstrap/jquery/popper.min.js [36m304[0m 17.597 ms - -[0m
[0mGET /js/jquery/jquery-3.3.1.min.js [36m304[0m 22.123 ms - -[0m
[0mGET /js/bootstrap/bootstrap.min.js [36m304[0m 20.393 ms - -[0m
[0mGET /js/calendar/lib/locale/es.js [36m304[0m 22.357 ms - -[0m
[0mGET /js/calendar/lib/moment.min.js [36m304[0m 20.118 ms - -[0m
[0mGET /js/calendar/lib/locale/ja.js [36m304[0m 15.193 ms - -[0m
[0mGET /js/datatables/dataTables.min.js [36m304[0m 4.154 ms - -[0m
[0mGET /js/datatables/dataTables.responsive.min.js [36m304[0m 14.195 ms - -[0m
[0mGET /js/datetime/tempusdominus-bootstrap-4.min.js [36m304[0m 12.535 ms - -[0m
[0mGET /js/datatables/jszip/jszip.min.js [36m304[0m 11.666 ms - -[0m
[0mGET /js/datatables/buttons/buttons.html5.min.js [36m304[0m 11.281 ms - -[0m
[0mGET /js/datatables/pdfmake/vfs_fonts.js [36m304[0m 10.837 ms - -[0m
[0mGET /js/validation/bootstrap-notify.min.js [36m304[0m 10.850 ms - -[0m
[0mGET /js/production/cropme.js [36m304[0m 4.025 ms - -[0m
[0mGET /js/production.js [36m304[0m 3.405 ms - -[0m
[0mGET /favicon.ico [36m304[0m 8.563 ms - -[0m
[ { name: 'Admin' } ]
[0mGET /config/reports?lang=es [36m304[0m 115.787 ms - -[0m
[0mGET /css/production/operators.css [36m304[0m 9.218 ms - -[0m
[0mGET /js/production/reports.js [36m304[0m 7.082 ms - -[0m
[0mGET /js/jquery/jquery.form.min.js [36m304[0m 8.651 ms - -[0m
[0mGET /js/production/photos.js [36m304[0m 5.329 ms - -[0m
[0mGET /images/process/team2.png [36m304[0m 11.600 ms - -[0m
[0mGET /images/process/report2.png [36m304[0m 11.167 ms - -[0m
[0mGET /js/datatables/languaje/Spanish.json [36m304[0m 5.166 ms - -[0m
[0mGET /css/datatables/DataTables-1.10.18/images/sort_both.png [36m304[0m 7.438 ms - -[0m
[0mGET /css/datatables/DataTables-1.10.18/images/sort_asc.png [36m304[0m 4.744 ms - -[0m
[0mGET /tables/reports?&_=1701898967477 [32m200[0m 7.748 ms - 2301[0m
[Object: null prototype] {
  IdAccion: '28',
  tipoAccion: 'Contención / Correción (FUGA)',
  describe: 'xzc',
  tipoAccion2: '',
  causao: 'Causa de la ocurrenccia:¿Por qué se generó la no conformidad?cc',
  causad: 'Causa raíz de la detección:¿Por qué no se detectó la no conformidad?czc',
  causap: 'Causa raíz de la planeación¿Qué es lo que falló en la planeación que no evitó este modo de falla?        zcz                          ',
  observaciones: 'czc',
  evidencias: 'zccsc'
}
[0mPOST /config/acciones [32m200[0m 23.132 ms - 66[0m
[0mGET /tables/reports?&_=1701898967478 [32m200[0m 9.783 ms - 2301[0m
[0mGET /inicio?lang=es [36m304[0m 59.416 ms - -[0m
[0mGET /css/datatables/dataTables.css [36m304[0m 3.289 ms - -[0m
[0mGET /css/bootstrap/bootstrap.min.css [36m304[0m 6.913 ms - -[0m
[0mGET /css/datatables/responsive.dataTables.min.css [36m304[0m 6.351 ms - -[0m
[0mGET /css/sidebar/style.css [36m304[0m 6.007 ms - -[0m
[0mGET /css/datetime/tempusdominus-bootstrap-4.min.css [36m304[0m 6.611 ms - -[0m
[0mGET /css/reports.css [36m304[0m 12.389 ms - -[0m
[0mGET /css/inicio.css [36m304[0m 10.874 ms - -[0m
[0mGET /css/keyboard/index.css [36m304[0m 11.503 ms - -[0m
[0mGET /css/production/production.css [36m304[0m 10.376 ms - -[0m
[0mGET /js/jquery/jquery-3.3.1.min.js [36m304[0m 9.436 ms - -[0m
[0mGET /logo.png [36m304[0m 12.867 ms - -[0m
[0mGET /js/bootstrap/jquery/popper.min.js [36m304[0m 9.743 ms - -[0m
[0mGET /js/bootstrap/bootstrap.min.js [36m304[0m 8.819 ms - -[0m
[0mGET /js/calendar/lib/locale/es.js [36m304[0m 7.234 ms - -[0m
[0mGET /js/calendar/lib/moment.min.js [36m304[0m 7.351 ms - -[0m
[0mGET /js/calendar/lib/locale/ja.js [36m304[0m 5.116 ms - -[0m
[0mGET /js/datatables/dataTables.min.js [36m304[0m 5.549 ms - -[0m
[0mGET /js/datatables/dataTables.responsive.min.js [36m304[0m 4.127 ms - -[0m
[0mGET /js/datetime/tempusdominus-bootstrap-4.min.js [36m304[0m 7.030 ms - -[0m
[0mGET /js/datatables/jszip/jszip.min.js [36m304[0m 5.598 ms - -[0m
[0mGET /js/datatables/pdfmake/vfs_fonts.js [36m304[0m 5.905 ms - -[0m
[0mGET /js/datatables/buttons/buttons.html5.min.js [36m304[0m 4.981 ms - -[0m
[0mGET /js/validation/bootstrap-notify.min.js [36m304[0m 4.238 ms - -[0m
[0mGET /js/production/cropme.js [36m304[0m 8.588 ms - -[0m
[0mGET /js/production.js [36m304[0m 8.336 ms - -[0m
[0mGET /inicio?lang=es [32m200[0m 4.460 ms - 163[0m
[0mGET / [36m304[0m 38.058 ms - -[0m
[0mGET /css/bootstrap/bootstrap.min.css [36m304[0m 2.025 ms - -[0m
[0mGET /css/login/styleLogin.css [36m304[0m 6.669 ms - -[0m
[0mGET /css/login/font-awesome.min.css [36m304[0m 5.400 ms - -[0m
[0mGET /css/login/style.css [36m304[0m 4.706 ms - -[0m
[0mGET /js/login.js [36m304[0m 6.388 ms - -[0m
[0mGET /css/login/style2.css [36m304[0m 4.102 ms - -[0m
[0mGET /logo.png [36m304[0m 4.723 ms - -[0m
[0mGET / [36m304[0m 32.144 ms - -[0m
[0mGET /css/bootstrap/bootstrap.min.css [36m304[0m 1.903 ms - -[0m
[0mGET /css/login/font-awesome.min.css [36m304[0m 5.260 ms - -[0m
[0mGET /css/login/styleLogin.css [36m304[0m 3.595 ms - -[0m
[0mGET /css/login/style2.css [36m304[0m 8.397 ms - -[0m
[0mGET /css/login/style.css [36m304[0m 5.701 ms - -[0m
[0mGET /logo.png [36m304[0m 5.028 ms - -[0m
[0mGET /js/login.js [36m304[0m 5.285 ms - -[0m
[0mGET /inicio?lang=es [36m304[0m 2.421 ms - -[0m
[0mGET / [36m304[0m 33.618 ms - -[0m
[0mGET /css/bootstrap/bootstrap.min.css [36m304[0m 2.164 ms - -[0m
[0mGET /css/login/font-awesome.min.css [36m304[0m 2.071 ms - -[0m
[0mGET /css/login/styleLogin.css [36m304[0m 6.554 ms - -[0m
[0mGET /css/login/style2.css [36m304[0m 4.457 ms - -[0m
[0mGET /css/login/style.css [36m304[0m 4.316 ms - -[0m
[0mGET /logo.png [36m304[0m 2.665 ms - -[0m
[0mGET /js/login.js [36m304[0m 2.314 ms - -[0m
[ '50191', '12345678' ]
[0mPOST /login [36m302[0m 12.182 ms - 74[0m
[0mGET /inicio?lang=es [32m200[0m 57.138 ms - 3935[0m
[0mGET /css/datatables/dataTables.css [36m304[0m 5.509 ms - -[0m
[0mGET /css/datatables/responsive.dataTables.min.css [36m304[0m 13.145 ms - -[0m
[0mGET /css/bootstrap/bootstrap.min.css [36m304[0m 10.040 ms - -[0m
[0mGET /css/sidebar/style.css [36m304[0m 22.653 ms - -[0m
[0mGET /css/inicio.css [36m304[0m 22.726 ms - -[0m
[0mGET /css/reports.css [36m304[0m 22.004 ms - -[0m
[0mGET /css/datetime/tempusdominus-bootstrap-4.min.css [36m304[0m 27.187 ms - -[0m
[0mGET /css/keyboard/index.css [36m304[0m 18.186 ms - -[0m
[0mGET /css/production/production.css [36m304[0m 14.226 ms - -[0m
[0mGET /logo.png [36m304[0m 6.815 ms - -[0m
[0mGET /js/bootstrap/jquery/popper.min.js [36m304[0m 6.563 ms - -[0m
[0mGET /js/jquery/jquery-3.3.1.min.js [36m304[0m 9.548 ms - -[0m
[0mGET /js/bootstrap/bootstrap.min.js [36m304[0m 7.769 ms - -[0m
[0mGET /js/calendar/lib/moment.min.js [36m304[0m 9.528 ms - -[0m
[0mGET /js/calendar/lib/locale/es.js [36m304[0m 9.325 ms - -[0m
[0mGET /js/datatables/dataTables.min.js [36m304[0m 9.524 ms - -[0m
[0mGET /js/calendar/lib/locale/ja.js [36m304[0m 9.342 ms - -[0m
[0mGET /js/datatables/dataTables.responsive.min.js [36m304[0m 6.289 ms - -[0m
[0mGET /js/datetime/tempusdominus-bootstrap-4.min.js [36m304[0m 4.625 ms - -[0m
[0mGET /js/datatables/jszip/jszip.min.js [36m304[0m 4.441 ms - -[0m
[0mGET /js/datatables/pdfmake/vfs_fonts.js [36m304[0m 5.416 ms - -[0m
[0mGET /js/datatables/buttons/buttons.html5.min.js [36m304[0m 7.859 ms - -[0m
[0mGET /js/validation/bootstrap-notify.min.js [36m304[0m 7.678 ms - -[0m
[0mGET /js/production/cropme.js [36m304[0m 3.250 ms - -[0m
[0mGET /js/production.js [36m304[0m 3.303 ms - -[0m
[ { name: 'Admin' } ]
[0mGET /config/reports?lang=es [36m304[0m 127.662 ms - -[0m
[0mGET /css/production/operators.css [36m304[0m 3.115 ms - -[0m
[0mGET /js/production/reports.js [36m304[0m 2.142 ms - -[0m
[0mGET /js/jquery/jquery.form.min.js [36m304[0m 4.875 ms - -[0m
[0mGET /js/production/photos.js [36m304[0m 4.872 ms - -[0m
[0mGET /images/process/team2.png [36m304[0m 8.519 ms - -[0m
[0mGET /images/process/report2.png [36m304[0m 7.146 ms - -[0m
[0mGET /js/datatables/languaje/Spanish.json [36m304[0m 5.150 ms - -[0m
[0mGET /css/datatables/DataTables-1.10.18/images/sort_both.png [36m304[0m 5.116 ms - -[0m
[0mGET /css/datatables/DataTables-1.10.18/images/sort_asc.png [36m304[0m 7.901 ms - -[0m
[0mGET /tables/reports?&_=1701899504386 [32m200[0m 11.688 ms - 2301[0m
[Object: null prototype] {
  IdAccion: '26',
  tipoAccion: 'Contención / Correción (FUGA)',
  describe: 'asdfg',
  tipoAccion2: '',
  causao: 'Causa de la ocurrencia:¿Por qué se generó la no conformidad?ad',
  causad: 'Causa raíz de la detección:¿Por qué no se detectó la no conformidad?ad',
  causap: 'Causa raíz de la planeación¿Qué es lo que falló en la planeación que no evitó este modo de falla?   ada                               ',
  observaciones: 'ad',
  evidencias: 'ad'
}
[0mPOST /config/acciones [32m200[0m 16.667 ms - 66[0m
[0mGET /tables/reports?&_=1701899504387 [32m200[0m 9.075 ms - 2301[0m
[0mGET /Inicio?lang=es [36m304[0m 57.285 ms - -[0m
[0mGET /css/datatables/dataTables.css [36m304[0m 5.854 ms - -[0m
[0mGET /css/datatables/responsive.dataTables.min.css [36m304[0m 6.798 ms - -[0m
[0mGET /css/datetime/tempusdominus-bootstrap-4.min.css [36m304[0m 11.634 ms - -[0m
[0mGET /css/bootstrap/bootstrap.min.css [36m304[0m 10.362 ms - -[0m
[0mGET /css/inicio.css [36m304[0m 11.766 ms - -[0m
[0mGET /css/sidebar/style.css [36m304[0m 13.532 ms - -[0m
[0mGET /css/reports.css [36m304[0m 13.081 ms - -[0m
[0mGET /css/keyboard/index.css [36m304[0m 10.545 ms - -[0m
[0mGET /css/production/production.css [36m304[0m 2.497 ms - -[0m
[0mGET /logo.png [36m304[0m 13.137 ms - -[0m
[0mGET /js/jquery/jquery-3.3.1.min.js [36m304[0m 12.534 ms - -[0m
[0mGET /js/bootstrap/jquery/popper.min.js [36m304[0m 14.194 ms - -[0m
[0mGET /js/calendar/lib/moment.min.js [36m304[0m 12.458 ms - -[0m
[0mGET /js/bootstrap/bootstrap.min.js [36m304[0m 11.777 ms - -[0m
[0mGET /js/calendar/lib/locale/es.js [36m304[0m 12.371 ms - -[0m
[0mGET /js/calendar/lib/locale/ja.js [36m304[0m 6.188 ms - -[0m
[0mGET /js/datatables/dataTables.min.js [36m304[0m 5.403 ms - -[0m
[0mGET /js/datetime/tempusdominus-bootstrap-4.min.js [36m304[0m 9.310 ms - -[0m
[0mGET /js/datatables/jszip/jszip.min.js [36m304[0m 10.507 ms - -[0m
[0mGET /js/datatables/dataTables.responsive.min.js [36m304[0m 10.344 ms - -[0m
[0mGET /js/datatables/pdfmake/vfs_fonts.js [36m304[0m 12.242 ms - -[0m
[0mGET /js/validation/bootstrap-notify.min.js [36m304[0m 9.951 ms - -[0m
[0mGET /js/datatables/buttons/buttons.html5.min.js [36m304[0m 10.309 ms - -[0m
[0mGET /js/production/cropme.js [36m304[0m 11.148 ms - -[0m
[0mGET /js/production.js [36m304[0m 6.635 ms - -[0m
[ { name: 'Admin' } ]
[0mGET /config/reports?lang=es [36m304[0m 115.419 ms - -[0m
[0mGET /images/process/team2.png [36m304[0m 14.374 ms - -[0m
[0mGET /css/production/operators.css [36m304[0m 12.248 ms - -[0m
[0mGET /images/process/report2.png [36m304[0m 10.499 ms - -[0m
[0mGET /js/production/reports.js [36m304[0m 10.242 ms - -[0m
[0mGET /js/jquery/jquery.form.min.js [36m304[0m 5.202 ms - -[0m
[0mGET /js/production/photos.js [36m304[0m 4.855 ms - -[0m
[0mGET /js/datatables/languaje/Spanish.json [36m304[0m 5.622 ms - -[0m
[0mGET /css/datatables/DataTables-1.10.18/images/sort_both.png [36m304[0m 4.986 ms - -[0m
[0mGET /css/datatables/DataTables-1.10.18/images/sort_asc.png [36m304[0m 8.352 ms - -[0m
[0mGET /tables/reports?&_=1701899565107 [32m200[0m 15.751 ms - 2301[0m
[0mGET /Inicio?lang=es [36m304[0m 56.707 ms - -[0m
[0mGET /css/datatables/dataTables.css [36m304[0m 5.589 ms - -[0m
[0mGET /css/datatables/responsive.dataTables.min.css [36m304[0m 9.694 ms - -[0m
[0mGET /css/sidebar/style.css [36m304[0m 12.885 ms - -[0m
[0mGET /css/datetime/tempusdominus-bootstrap-4.min.css [36m304[0m 11.913 ms - -[0m
[0mGET /css/reports.css [36m304[0m 11.652 ms - -[0m
[0mGET /css/bootstrap/bootstrap.min.css [36m304[0m 14.808 ms - -[0m
[0mGET /css/inicio.css [36m304[0m 14.220 ms - -[0m
[0mGET /css/keyboard/index.css [36m304[0m 8.644 ms - -[0m
[0mGET /css/production/production.css [36m304[0m 5.379 ms - -[0m
[0mGET /js/jquery/jquery-3.3.1.min.js [36m304[0m 7.392 ms - -[0m
[0mGET /logo.png [36m304[0m 10.216 ms - -[0m
[0mGET /js/bootstrap/jquery/popper.min.js [36m304[0m 10.681 ms - -[0m
[0mGET /js/bootstrap/bootstrap.min.js [36m304[0m 10.414 ms - -[0m
[0mGET /js/calendar/lib/moment.min.js [36m304[0m 12.518 ms - -[0m
[0mGET /js/calendar/lib/locale/es.js [36m304[0m 9.125 ms - -[0m
[0mGET /js/calendar/lib/locale/ja.js [36m304[0m 6.112 ms - -[0m
[0mGET /js/datatables/dataTables.min.js [36m304[0m 3.918 ms - -[0m
[0mGET /js/datatables/dataTables.responsive.min.js [36m304[0m 7.103 ms - -[0m
[0mGET /js/datetime/tempusdominus-bootstrap-4.min.js [36m304[0m 6.601 ms - -[0m
[0mGET /js/datatables/jszip/jszip.min.js [36m304[0m 14.340 ms - -[0m
[0mGET /js/datatables/pdfmake/vfs_fonts.js [36m304[0m 19.535 ms - -[0m
[0mGET /js/validation/bootstrap-notify.min.js [36m304[0m 16.958 ms - -[0m
[0mGET /js/datatables/buttons/buttons.html5.min.js [36m304[0m 18.137 ms - -[0m
[0mGET /js/production/cropme.js [36m304[0m 13.504 ms - -[0m
[0mGET /js/production.js [36m304[0m 14.224 ms - -[0m
[0mGET /css/datatables/dataTables.css [36m304[0m 18.655 ms - -[0m
[0mGET /css/bootstrap/bootstrap.min.css [36m304[0m 19.202 ms - -[0m
[0mGET /css/inicio.css [36m304[0m 18.527 ms - -[0m
[0mGET /css/datatables/responsive.dataTables.min.css [36m304[0m 25.068 ms - -[0m
[0mGET /css/sidebar/style.css [36m304[0m 22.249 ms - -[0m
[0mGET /css/datetime/tempusdominus-bootstrap-4.min.css [36m304[0m 24.684 ms - -[0m
[0mGET /css/reports.css [36m304[0m 13.674 ms - -[0m
[0mGET /css/keyboard/index.css [36m304[0m 10.331 ms - -[0m
[0mGET /css/production/production.css [36m304[0m 6.120 ms - -[0m
[0mGET /js/bootstrap/jquery/popper.min.js.map [33m404[0m 19.791 ms - 101[0m
[0mGET /js/bootstrap/bootstrap.min.js.map [33m404[0m 22.641 ms - 101[0m
[0mGET /css/bootstrap/bootstrap.min.css.map [33m404[0m 17.351 ms - 101[0m
[0mGET /css/keyboard/index.css.map [33m404[0m 15.605 ms - 101[0m
[0mGET /inicio?lang=es [36m304[0m 76.522 ms - -[0m
[0mGET /css/datatables/dataTables.css [36m304[0m 18.449 ms - -[0m
[0mGET /css/datatables/responsive.dataTables.min.css [36m304[0m 15.095 ms - -[0m
[0mGET /css/datetime/tempusdominus-bootstrap-4.min.css [36m304[0m 24.017 ms - -[0m
[0mGET /css/inicio.css [36m304[0m 23.534 ms - -[0m
[0mGET /css/bootstrap/bootstrap.min.css [36m304[0m 28.379 ms - -[0m
[0mGET /css/sidebar/style.css [36m304[0m 27.998 ms - -[0m
[0mGET /css/reports.css [36m304[0m 15.596 ms - -[0m
[0mGET /css/keyboard/index.css [36m304[0m 16.261 ms - -[0m
[0mGET /js/jquery/jquery-3.3.1.min.js [36m304[0m 4.995 ms - -[0m
[0mGET /css/production/production.css [36m304[0m 6.560 ms - -[0m
[0mGET /logo.png [36m304[0m 7.112 ms - -[0m
[0mGET /js/bootstrap/jquery/popper.min.js [36m304[0m 8.338 ms - -[0m
[0mGET /js/bootstrap/bootstrap.min.js [36m304[0m 2.772 ms - -[0m
[0mGET /js/calendar/lib/locale/es.js [36m304[0m 9.859 ms - -[0m
[0mGET /js/calendar/lib/moment.min.js [36m304[0m 9.570 ms - -[0m
[0mGET /js/calendar/lib/locale/ja.js [36m304[0m 7.247 ms - -[0m
[0mGET /js/datatables/dataTables.min.js [36m304[0m 8.784 ms - -[0m
[0mGET /js/datetime/tempusdominus-bootstrap-4.min.js [36m304[0m 7.854 ms - -[0m
[0mGET /js/datatables/dataTables.responsive.min.js [36m304[0m 8.308 ms - -[0m
[0mGET /js/datatables/buttons/buttons.html5.min.js [36m304[0m 6.127 ms - -[0m
[0mGET /js/datatables/pdfmake/vfs_fonts.js [36m304[0m 5.898 ms - -[0m
[0mGET /js/datatables/jszip/jszip.min.js [36m304[0m 6.914 ms - -[0m
[0mGET /js/production/cropme.js [36m304[0m 3.994 ms - -[0m
[0mGET /js/validation/bootstrap-notify.min.js [36m304[0m 5.071 ms - -[0m
[0mGET /js/production.js [36m304[0m 2.889 ms - -[0m
[0mGET /favicon.ico [36m304[0m 6.000 ms - -[0m
[ { name: 'Admin' } ]
[0mGET /config/reports?lang=es [36m304[0m 93.668 ms - -[0m
[0mGET /images/process/team2.png [36m304[0m 11.017 ms - -[0m
[0mGET /css/production/operators.css [36m304[0m 7.812 ms - -[0m
[0mGET /js/production/reports.js [36m304[0m 7.382 ms - -[0m
[0mGET /images/process/report2.png [36m304[0m 18.716 ms - -[0m
[0mGET /js/jquery/jquery.form.min.js [36m304[0m 10.801 ms - -[0m
[0mGET /js/production/photos.js [36m304[0m 6.492 ms - -[0m
[0mGET /js/datatables/languaje/Spanish.json [36m304[0m 6.821 ms - -[0m
[0mGET /css/datatables/DataTables-1.10.18/images/sort_both.png [36m304[0m 8.945 ms - -[0m
[0mGET /css/datatables/DataTables-1.10.18/images/sort_asc.png [36m304[0m 14.196 ms - -[0m
[0mGET /tables/reports?&_=1701904153934 [32m200[0m 18.972 ms - 2301[0m
[0mGET /inicio?lang=es [32m200[0m 18.421 ms - 163[0m
[0mGET /favicon.ico [36m304[0m 5.298 ms - -[0m
[0mGET / [36m304[0m 801.070 ms - -[0m
[0mGET /css/bootstrap/bootstrap.min.css [36m304[0m 5.406 ms - -[0m
[0mGET /css/login/font-awesome.min.css [36m304[0m 9.411 ms - -[0m
[0mGET /logo.png [36m304[0m 7.142 ms - -[0m
[0mGET /css/login/styleLogin.css [36m304[0m 6.420 ms - -[0m
[0mGET /css/login/style.css [36m304[0m 5.699 ms - -[0m
[0mGET /css/login/style2.css [36m304[0m 6.407 ms - -[0m
[0mGET /js/login.js [36m304[0m 0.922 ms - -[0m
[ '50191', '12345678' ]
[0mPOST /login [36m302[0m 68.256 ms - 74[0m
[0mGET /inicio?lang=es [32m200[0m 121.536 ms - 3934[0m
[0mGET /css/datatables/dataTables.css [36m304[0m 40.415 ms - -[0m
[0mGET /css/bootstrap/bootstrap.min.css [36m304[0m 60.582 ms - -[0m
[0mGET /css/datatables/responsive.dataTables.min.css [36m304[0m 69.085 ms - -[0m
[0mGET /css/inicio.css [36m304[0m 63.838 ms - -[0m
[0mGET /css/datetime/tempusdominus-bootstrap-4.min.css [36m304[0m 63.305 ms - -[0m
[0mGET /css/sidebar/style.css [36m304[0m 61.338 ms - -[0m
[0mGET /css/reports.css [36m304[0m 26.511 ms - -[0m
[0mGET /css/keyboard/index.css [36m304[0m 22.793 ms - -[0m
[0mGET /css/production/production.css [36m304[0m 17.778 ms - -[0m
[0mGET /logo.png [36m304[0m 28.149 ms - -[0m
[0mGET /js/jquery/jquery-3.3.1.min.js [36m304[0m 49.036 ms - -[0m
[0mGET /js/bootstrap/jquery/popper.min.js [36m304[0m 47.267 ms - -[0m
[0mGET /js/bootstrap/bootstrap.min.js [36m304[0m 48.359 ms - -[0m
[0mGET /js/calendar/lib/moment.min.js [36m304[0m 48.050 ms - -[0m
[0mGET /js/calendar/lib/locale/es.js [36m304[0m 28.161 ms - -[0m
[0mGET /js/calendar/lib/locale/ja.js [36m304[0m 16.935 ms - -[0m
[0mGET /js/datatables/dataTables.min.js [36m304[0m 49.675 ms - -[0m
[0mGET /js/datatables/dataTables.responsive.min.js [36m304[0m 51.269 ms - -[0m
[0mGET /js/datetime/tempusdominus-bootstrap-4.min.js [36m304[0m 50.402 ms - -[0m
[0mGET /js/datatables/jszip/jszip.min.js [36m304[0m 50.149 ms - -[0m
[0mGET /js/datatables/pdfmake/vfs_fonts.js [36m304[0m 49.837 ms - -[0m
[0mGET /js/datatables/buttons/buttons.html5.min.js [36m304[0m 46.259 ms - -[0m
[0mGET /js/validation/bootstrap-notify.min.js [36m304[0m 11.970 ms - -[0m
[0mGET /js/production/cropme.js [36m304[0m 24.738 ms - -[0m
[0mGET /js/production.js [36m304[0m 18.681 ms - -[0m
[0mGET / [36m304[0m 62.958 ms - -[0m
[0mGET /css/bootstrap/bootstrap.min.css [36m304[0m 27.115 ms - -[0m
[0mGET /css/login/font-awesome.min.css [36m304[0m 23.384 ms - -[0m
[0mGET /css/login/styleLogin.css [36m304[0m 23.093 ms - -[0m
[0mGET /css/login/style.css [36m304[0m 43.108 ms - -[0m
[0mGET /css/login/style2.css [36m304[0m 42.815 ms - -[0m
[0mGET /logo.png [36m304[0m 35.995 ms - -[0m
[0mGET /js/login.js [36m304[0m 35.125 ms - -[0m
[ '50191', '12345678' ]
[0mPOST /login [36m302[0m 28.805 ms - 74[0m
[0mGET /inicio?lang=es [36m304[0m 90.479 ms - -[0m
[0mGET /css/datatables/dataTables.css [36m304[0m 33.033 ms - -[0m
[0mGET /css/datatables/responsive.dataTables.min.css [36m304[0m 45.174 ms - -[0m
[0mGET /css/bootstrap/bootstrap.min.css [36m304[0m 41.443 ms - -[0m
[0mGET /css/sidebar/style.css [36m304[0m 46.829 ms - -[0m
[0mGET /css/datetime/tempusdominus-bootstrap-4.min.css [36m304[0m 46.576 ms - -[0m
[0mGET /css/inicio.css [36m304[0m 51.744 ms - -[0m
[0mGET /css/reports.css [36m304[0m 22.033 ms - -[0m
[0mGET /css/keyboard/index.css [36m304[0m 16.477 ms - -[0m
[0mGET /css/production/production.css [36m304[0m 16.446 ms - -[0m
[0mGET /logo.png [36m304[0m 33.231 ms - -[0m
[0mGET /js/bootstrap/jquery/popper.min.js [36m304[0m 30.589 ms - -[0m
[0mGET /js/jquery/jquery-3.3.1.min.js [36m304[0m 37.084 ms - -[0m
[0mGET /js/bootstrap/bootstrap.min.js [36m304[0m 36.893 ms - -[0m
[0mGET /js/calendar/lib/moment.min.js [36m304[0m 38.967 ms - -[0m
[0mGET /js/calendar/lib/locale/es.js [36m304[0m 27.435 ms - -[0m
[0mGET /js/calendar/lib/locale/ja.js [36m304[0m 17.421 ms - -[0m
[0mGET /js/datatables/dataTables.min.js [36m304[0m 33.407 ms - -[0m
[0mGET /js/datatables/dataTables.responsive.min.js [36m304[0m 30.453 ms - -[0m
[0mGET /js/datetime/tempusdominus-bootstrap-4.min.js [36m304[0m 30.262 ms - -[0m
[0mGET /js/datatables/jszip/jszip.min.js [36m304[0m 37.121 ms - -[0m
[0mGET /js/datatables/pdfmake/vfs_fonts.js [36m304[0m 33.426 ms - -[0m
[0mGET /js/datatables/buttons/buttons.html5.min.js [36m304[0m 48.591 ms - -[0m
[0mGET /js/validation/bootstrap-notify.min.js [36m304[0m 41.824 ms - -[0m
[0mGET /js/production/cropme.js [36m304[0m 26.897 ms - -[0m
[0mGET /js/production.js [36m304[0m 26.138 ms - -[0m
[ { name: 'Admin' } ]
[0mGET /config/reports?lang=es [36m304[0m 181.719 ms - -[0m
[0mGET /css/production/operators.css [36m304[0m 20.987 ms - -[0m
[0mGET /js/production/reports.js [36m304[0m 16.364 ms - -[0m
[0mGET /js/jquery/jquery.form.min.js [36m304[0m 18.793 ms - -[0m
[0mGET /js/production/photos.js [36m304[0m 16.409 ms - -[0m
[0mGET /images/process/team2.png [36m304[0m 25.369 ms - -[0m
[0mGET /images/process/report2.png [36m304[0m 24.009 ms - -[0m
[0mGET /js/datatables/languaje/Spanish.json [36m304[0m 9.321 ms - -[0m
[0mGET /css/datatables/DataTables-1.10.18/images/sort_both.png [36m304[0m 27.874 ms - -[0m
[0mGET /css/datatables/DataTables-1.10.18/images/sort_asc.png [36m304[0m 15.873 ms - -[0m
[0mGET /tables/reports?&_=1701966642079 [32m200[0m 26.528 ms - 2301[0m
[0mGET /inicio?lang=es [32m200[0m 2.256 ms - 163[0m
[0mGET / [36m304[0m 42.123 ms - -[0m
[0mGET /css/bootstrap/bootstrap.min.css [36m304[0m 1.957 ms - -[0m
[0mGET /css/login/font-awesome.min.css [36m304[0m 6.192 ms - -[0m
[0mGET /logo.png [36m304[0m 9.498 ms - -[0m
[0mGET /css/login/styleLogin.css [36m304[0m 8.898 ms - -[0m
[0mGET /css/login/style.css [36m304[0m 8.441 ms - -[0m
[0mGET /css/login/style2.css [36m304[0m 7.282 ms - -[0m
[0mGET /js/login.js [36m304[0m 4.544 ms - -[0m
[0mGET /inicio?lang=es [36m304[0m 2.423 ms - -[0m
[0mGET / [36m304[0m 39.960 ms - -[0m
[0mGET /css/bootstrap/bootstrap.min.css [36m304[0m 1.963 ms - -[0m
[0mGET /css/login/font-awesome.min.css [36m304[0m 6.256 ms - -[0m
[0mGET /css/login/styleLogin.css [36m304[0m 4.143 ms - -[0m
[0mGET /logo.png [36m304[0m 6.833 ms - -[0m
[0mGET /js/login.js [36m304[0m 6.346 ms - -[0m
[0mGET /css/login/style.css [36m304[0m 5.031 ms - -[0m
[0mGET /css/login/style2.css [36m304[0m 5.581 ms - -[0m
[0mGET /inicio?lang=es [36m304[0m 2.266 ms - -[0m
[0mGET / [36m304[0m 23.539 ms - -[0m
[0mGET /css/bootstrap/bootstrap.min.css [36m304[0m 0.961 ms - -[0m
[0mGET /css/login/font-awesome.min.css [36m304[0m 1.046 ms - -[0m
[0mGET /css/login/styleLogin.css [36m304[0m 3.636 ms - -[0m
[0mGET /css/login/style.css [36m304[0m 2.982 ms - -[0m
[0mGET /css/login/style2.css [36m304[0m 1.612 ms - -[0m
[0mGET /logo.png [36m304[0m 1.740 ms - -[0m
[0mGET /js/login.js [36m304[0m 0.768 ms - -[0m
[0mGET /inicio?lang=es [36m304[0m 2.336 ms - -[0m
[0mGET /inicio?lang=es [36m304[0m 2.339 ms - -[0m
[0mGET / [36m304[0m 39.842 ms - -[0m
[0mGET /css/bootstrap/bootstrap.min.css [36m304[0m 3.540 ms - -[0m
[0mGET /css/login/font-awesome.min.css [36m304[0m 4.899 ms - -[0m
[0mGET /css/login/styleLogin.css [36m304[0m 3.581 ms - -[0m
[0mGET /css/login/style.css [36m304[0m 6.163 ms - -[0m
[0mGET /css/login/style2.css [36m304[0m 3.355 ms - -[0m
[0mGET /logo.png [36m304[0m 2.548 ms - -[0m
[0mGET /js/login.js [36m304[0m 1.666 ms - -[0m
[ '50191', '12345678' ]
[0mPOST /login [36m302[0m 16.761 ms - 74[0m
[0mGET /inicio?lang=es [32m200[0m 57.165 ms - 3934[0m
[0mGET /css/datatables/dataTables.css [36m304[0m 20.503 ms - -[0m
[0mGET /css/datatables/responsive.dataTables.min.css [36m304[0m 52.372 ms - -[0m
[0mGET /css/inicio.css [36m304[0m 53.802 ms - -[0m
[0mGET /css/datetime/tempusdominus-bootstrap-4.min.css [36m304[0m 53.049 ms - -[0m
[0mGET /css/sidebar/style.css [36m304[0m 58.772 ms - -[0m
[0mGET /css/bootstrap/bootstrap.min.css [36m304[0m 48.239 ms - -[0m
[0mGET /css/reports.css [36m304[0m 50.108 ms - -[0m
[0mGET /css/keyboard/index.css [36m304[0m 22.974 ms - -[0m
[0mGET /css/production/production.css [36m304[0m 22.155 ms - -[0m
[0mGET /logo.png [36m304[0m 29.275 ms - -[0m
[0mGET /js/bootstrap/jquery/popper.min.js [36m304[0m 33.410 ms - -[0m
[0mGET /js/jquery/jquery-3.3.1.min.js [36m304[0m 33.222 ms - -[0m
[0mGET /js/bootstrap/bootstrap.min.js [36m304[0m 39.668 ms - -[0m
[0mGET /js/calendar/lib/moment.min.js [36m304[0m 40.133 ms - -[0m
[0mGET /js/calendar/lib/locale/es.js [36m304[0m 27.231 ms - -[0m
[0mGET /js/calendar/lib/locale/ja.js [36m304[0m 31.305 ms - -[0m
[0mGET /js/datatables/dataTables.min.js [36m304[0m 29.350 ms - -[0m
[0mGET /js/datatables/dataTables.responsive.min.js [36m304[0m 28.820 ms - -[0m
[0mGET /js/datetime/tempusdominus-bootstrap-4.min.js [36m304[0m 38.340 ms - -[0m
[0mGET /js/datatables/pdfmake/vfs_fonts.js [36m304[0m 32.219 ms - -[0m
[0mGET /js/datatables/jszip/jszip.min.js [36m304[0m 32.002 ms - -[0m
[0mGET /js/datatables/buttons/buttons.html5.min.js [36m304[0m 24.536 ms - -[0m
[0mGET /js/validation/bootstrap-notify.min.js [36m304[0m 33.738 ms - -[0m
[0mGET /js/production/cropme.js [36m304[0m 33.564 ms - -[0m
[0mGET /js/production.js [36m304[0m 28.986 ms - -[0m
[ { name: 'Admin' } ]
[0mGET /config/reports?lang=es [36m304[0m 146.312 ms - -[0m
[0mGET /css/production/operators.css [36m304[0m 23.366 ms - -[0m
[0mGET /js/production/reports.js [36m304[0m 16.916 ms - -[0m
[0mGET /js/jquery/jquery.form.min.js [36m304[0m 14.145 ms - -[0m
[0mGET /js/production/photos.js [36m304[0m 27.380 ms - -[0m
[0mGET /images/process/team2.png [36m304[0m 22.043 ms - -[0m
[0mGET /images/process/report2.png [36m304[0m 16.390 ms - -[0m
[0mGET /js/datatables/languaje/Spanish.json [36m304[0m 17.773 ms - -[0m
[0mGET /css/datatables/DataTables-1.10.18/images/sort_both.png [36m304[0m 32.859 ms - -[0m
[0mGET /css/datatables/DataTables-1.10.18/images/sort_asc.png [36m304[0m 20.090 ms - -[0m
[0mGET /tables/reports?&_=1701966777365 [32m200[0m 23.048 ms - 2301[0m
[Object: null prototype] {
  IdAccion: '25',
  tipoAccion: 'Contención / Correción (FUGA)',
  describe: 'sal',
  tipoAccion2: '',
  causao: 'Causa de la ocurrencia:¿Por qué se generó la no conformidad?sol',
  causad: 'Causa raíz de la detección:¿Por qué no se detectó la no conformidad?sol',
  causap: 'Causa raíz de la planeación¿Qué es lo que falló en la planeación que no evitó este modo de falla? sol                               ',
  observaciones: 'solare',
  evidencias: 'solare'
}
[0mPOST /config/acciones [32m200[0m 46.260 ms - 66[0m
[0mGET /tables/reports?&_=1701966642080 [32m200[0m 23.246 ms - 2301[0m
[Object: null prototype] {
  IdAccion: '22',
  tipoAccion: 'Contención / Correción (FUGA)',
  describe: 'sal',
  tipoAccion2: '',
  causao: 'Causa de la ocurrencia:¿Por qué se generó la no conformidad?sol',
  causad: 'Causa raíz de la detección:¿Por qué no se detectó la no conformidad?sol',
  causap: 'Causa raíz de la planeación¿Qué es lo que falló en la planeación que no evitó este modo de falla? sol                               ',
  observaciones: 'solare',
  evidencias: 'solare'
}
[0mPOST /config/acciones [32m200[0m 46.032 ms - 66[0m
[0mGET /tables/reports?&_=1701966642081 [32m200[0m 26.823 ms - 2301[0m
[ { name: 'Admin' } ]
[0mGET /config/users?lang=es [36m304[0m 103.646 ms - -[0m
[0mGET /css/production/operators.css [36m304[0m 30.683 ms - -[0m
[0mGET /js/production/users.js [36m304[0m 27.804 ms - -[0m
[0mGET /js/jquery/jquery.form.min.js [36m304[0m 21.374 ms - -[0m
[0mGET /js/production/photos.js [36m304[0m 21.288 ms - -[0m
[0mGET /images/process/team.png [36m304[0m 17.922 ms - -[0m
[0mGET /js/datatables/languaje/Spanish.json [36m304[0m 15.980 ms - -[0m
[0mGET /tables/users?&_=1701966642082 [32m200[0m 32.662 ms - 372[0m
[0mGET /logout?lang=es [31m500[0m 22.975 ms - -[0m
[0mGET /inicio?lang=es [36m304[0m 67.640 ms - -[0m
[0mGET /css/datatables/dataTables.css [36m304[0m 29.101 ms - -[0m
[0mGET /css/datatables/responsive.dataTables.min.css [36m304[0m 24.526 ms - -[0m
[0mGET /css/bootstrap/bootstrap.min.css [36m304[0m 22.046 ms - -[0m
[0mGET /css/sidebar/style.css [36m304[0m 15.046 ms - -[0m
[0mGET /css/datetime/tempusdominus-bootstrap-4.min.css [36m304[0m 18.728 ms - -[0m
[0mGET /css/inicio.css [36m304[0m 18.532 ms - -[0m
[0mGET /css/reports.css [36m304[0m 2.950 ms - -[0m
[0mGET /css/keyboard/index.css [36m304[0m 3.765 ms - -[0m
[0mGET /css/production/production.css [36m304[0m 5.383 ms - -[0m
[0mGET /js/jquery/jquery-3.3.1.min.js [36m304[0m 5.598 ms - -[0m
[0mGET /js/bootstrap/jquery/popper.min.js [36m304[0m 11.493 ms - -[0m
[0mGET /logo.png [36m304[0m 9.800 ms - -[0m
[0mGET /js/bootstrap/bootstrap.min.js [36m304[0m 12.207 ms - -[0m
[0mGET /js/calendar/lib/moment.min.js [36m304[0m 8.679 ms - -[0m
[0mGET /js/calendar/lib/locale/ja.js [36m304[0m 7.853 ms - -[0m
[0mGET /js/calendar/lib/locale/es.js [36m304[0m 8.688 ms - -[0m
[0mGET /js/datatables/dataTables.responsive.min.js [36m304[0m 4.941 ms - -[0m
[0mGET /js/datatables/dataTables.min.js [36m304[0m 4.494 ms - -[0m
[0mGET /js/datatables/jszip/jszip.min.js [36m304[0m 5.326 ms - -[0m
[0mGET /js/datetime/tempusdominus-bootstrap-4.min.js [36m304[0m 8.144 ms - -[0m
[0mGET /js/datatables/buttons/buttons.html5.min.js [36m304[0m 6.920 ms - -[0m
[0mGET /js/datatables/pdfmake/vfs_fonts.js [36m304[0m 8.153 ms - -[0m
[0mGET /js/validation/bootstrap-notify.min.js [36m304[0m 9.560 ms - -[0m
[0mGET /js/production/cropme.js [36m304[0m 9.607 ms - -[0m
[0mGET /js/production.js [36m304[0m 3.482 ms - -[0m
[0mGET /inicio?lang=es [36m304[0m 53.853 ms - -[0m
[0mGET /css/datatables/dataTables.css [36m304[0m 4.907 ms - -[0m
[0mGET /css/sidebar/style.css [36m304[0m 10.929 ms - -[0m
[0mGET /css/bootstrap/bootstrap.min.css [36m304[0m 10.282 ms - -[0m
[0mGET /css/inicio.css [36m304[0m 11.487 ms - -[0m
[0mGET /css/datatables/responsive.dataTables.min.css [36m304[0m 11.337 ms - -[0m
[0mGET /css/datetime/tempusdominus-bootstrap-4.min.css [36m304[0m 11.755 ms - -[0m
[0mGET /css/reports.css [36m304[0m 11.004 ms - -[0m
[0mGET /css/production/production.css [36m304[0m 4.613 ms - -[0m
[0mGET /css/keyboard/index.css [36m304[0m 5.711 ms - -[0m
[0mGET /js/jquery/jquery-3.3.1.min.js [36m304[0m 7.153 ms - -[0m
[0mGET /logo.png [36m304[0m 8.431 ms - -[0m
[0mGET /js/bootstrap/bootstrap.min.js [36m304[0m 7.407 ms - -[0m
[0mGET /js/bootstrap/jquery/popper.min.js [36m304[0m 7.226 ms - -[0m
[0mGET /js/calendar/lib/locale/es.js [36m304[0m 3.610 ms - -[0m
[0mGET /js/calendar/lib/moment.min.js [36m304[0m 5.001 ms - -[0m
[0mGET /js/calendar/lib/locale/ja.js [36m304[0m 6.579 ms - -[0m
[0mGET /js/datatables/dataTables.responsive.min.js [36m304[0m 10.200 ms - -[0m
[0mGET /js/datatables/dataTables.min.js [36m304[0m 10.038 ms - -[0m
[0mGET /js/datetime/tempusdominus-bootstrap-4.min.js [36m304[0m 12.004 ms - -[0m
[0mGET /js/datatables/jszip/jszip.min.js [36m304[0m 9.240 ms - -[0m
[0mGET /js/datatables/pdfmake/vfs_fonts.js [36m304[0m 6.632 ms - -[0m
[0mGET /js/datatables/buttons/buttons.html5.min.js [36m304[0m 3.397 ms - -[0m
[0mGET /js/production/cropme.js [36m304[0m 4.422 ms - -[0m
[0mGET /js/validation/bootstrap-notify.min.js [36m304[0m 3.811 ms - -[0m
[0mGET /js/production.js [36m304[0m 6.100 ms - -[0m
[0mGET /favicon.ico [36m304[0m 4.417 ms - -[0m
[0mGET /inicio?lang=es [36m304[0m 58.877 ms - -[0m
[0mGET /css/datatables/dataTables.css [36m304[0m 6.449 ms - -[0m
[0mGET /css/datatables/responsive.dataTables.min.css [36m304[0m 12.315 ms - -[0m
[0mGET /css/bootstrap/bootstrap.min.css [36m304[0m 14.363 ms - -[0m
[0mGET /css/reports.css [36m304[0m 12.533 ms - -[0m
[0mGET /css/sidebar/style.css [36m304[0m 10.730 ms - -[0m
[0mGET /css/datetime/tempusdominus-bootstrap-4.min.css [36m304[0m 12.668 ms - -[0m
[0mGET /css/inicio.css [36m304[0m 12.717 ms - -[0m
[0mGET /css/keyboard/index.css [36m304[0m 3.057 ms - -[0m
[0mGET /css/production/production.css [36m304[0m 8.971 ms - -[0m
[0mGET /js/jquery/jquery-3.3.1.min.js [36m304[0m 12.123 ms - -[0m
[0mGET /js/bootstrap/jquery/popper.min.js [36m304[0m 10.524 ms - -[0m
[0mGET /js/bootstrap/bootstrap.min.js [36m304[0m 12.569 ms - -[0m
[0mGET /logo.png [36m304[0m 12.306 ms - -[0m
[0mGET /js/calendar/lib/moment.min.js [36m304[0m 10.333 ms - -[0m
[0mGET /js/calendar/lib/locale/es.js [36m304[0m 4.770 ms - -[0m
[0mGET /js/calendar/lib/locale/ja.js [36m304[0m 12.459 ms - -[0m
[0mGET /js/datatables/dataTables.min.js [36m304[0m 11.678 ms - -[0m
[0mGET /js/datatables/jszip/jszip.min.js [36m304[0m 10.509 ms - -[0m
[0mGET /js/datetime/tempusdominus-bootstrap-4.min.js [36m304[0m 10.157 ms - -[0m
[0mGET /js/datatables/dataTables.responsive.min.js [36m304[0m 9.849 ms - -[0m
[0mGET /js/datatables/pdfmake/vfs_fonts.js [36m304[0m 9.348 ms - -[0m
[0mGET /js/datatables/buttons/buttons.html5.min.js [36m304[0m 8.090 ms - -[0m
[0mGET /js/validation/bootstrap-notify.min.js [36m304[0m 6.974 ms - -[0m
[0mGET /js/production/cropme.js [36m304[0m 6.667 ms - -[0m
[0mGET /js/production.js [36m304[0m 6.663 ms - -[0m
[0mGET /favicon.ico [36m304[0m 6.289 ms - -[0m
[0mGET / [36m304[0m 40.395 ms - -[0m
[0mGET /css/bootstrap/bootstrap.min.css [36m304[0m 3.374 ms - -[0m
[0mGET /css/login/style2.css [36m304[0m 8.870 ms - -[0m
[0mGET /css/login/style.css [36m304[0m 8.603 ms - -[0m
[0mGET /css/login/styleLogin.css [36m304[0m 8.430 ms - -[0m
[0mGET /css/login/font-awesome.min.css [36m304[0m 11.370 ms - -[0m
[0mGET /logo.png [36m304[0m 9.759 ms - -[0m
[0mGET /js/login.js [36m304[0m 9.737 ms - -[0m
[ '1169', 'NPM68f81i' ]
[0mPOST /login [36m302[0m 11.797 ms - 74[0m
[0mGET /inicio?lang=es [36m304[0m 47.668 ms - -[0m
[0mGET /css/datatables/dataTables.css [36m304[0m 7.077 ms - -[0m
[0mGET /css/datatables/responsive.dataTables.min.css [36m304[0m 11.931 ms - -[0m
[0mGET /css/bootstrap/bootstrap.min.css [36m304[0m 14.053 ms - -[0m
[0mGET /css/sidebar/style.css [36m304[0m 13.351 ms - -[0m
[0mGET /css/datetime/tempusdominus-bootstrap-4.min.css [36m304[0m 15.376 ms - -[0m
[0mGET /css/inicio.css [36m304[0m 14.753 ms - -[0m
[0mGET /css/reports.css [36m304[0m 12.804 ms - -[0m
[0mGET /css/keyboard/index.css [36m304[0m 3.328 ms - -[0m
[0mGET /logo.png [36m304[0m 5.192 ms - -[0m
[0mGET /css/production/production.css [36m304[0m 4.674 ms - -[0m
[0mGET /js/bootstrap/jquery/popper.min.js [36m304[0m 8.178 ms - -[0m
[0mGET /js/jquery/jquery-3.3.1.min.js [36m304[0m 9.324 ms - -[0m
[0mGET /js/bootstrap/bootstrap.min.js [36m304[0m 7.376 ms - -[0m
[0mGET /js/calendar/lib/moment.min.js [36m304[0m 8.325 ms - -[0m
[0mGET /js/calendar/lib/locale/es.js [36m304[0m 7.372 ms - -[0m
[0mGET /js/calendar/lib/locale/ja.js [36m304[0m 7.202 ms - -[0m
[0mGET /js/datatables/dataTables.min.js [36m304[0m 6.633 ms - -[0m
[0mGET /js/datatables/dataTables.responsive.min.js [36m304[0m 5.265 ms - -[0m
[0mGET /js/datetime/tempusdominus-bootstrap-4.min.js [36m304[0m 5.588 ms - -[0m
[0mGET /js/datatables/jszip/jszip.min.js [36m304[0m 5.153 ms - -[0m
[0mGET /js/datatables/buttons/buttons.html5.min.js [36m304[0m 6.508 ms - -[0m
[0mGET /js/datatables/pdfmake/vfs_fonts.js [36m304[0m 6.363 ms - -[0m
[0mGET /js/production/cropme.js [36m304[0m 5.487 ms - -[0m
[0mGET /js/validation/bootstrap-notify.min.js [36m304[0m 5.948 ms - -[0m
[0mGET /js/production.js [36m304[0m 3.288 ms - -[0m
[ { name: 'Admin' } ]
[0mGET /config/reports?lang=es [36m304[0m 115.470 ms - -[0m
[0mGET /css/production/operators.css [36m304[0m 8.292 ms - -[0m
[0mGET /js/production/reports.js [36m304[0m 7.392 ms - -[0m
[0mGET /js/jquery/jquery.form.min.js [36m304[0m 9.551 ms - -[0m
[0mGET /js/production/photos.js [36m304[0m 4.002 ms - -[0m
[0mGET /images/process/report2.png [36m304[0m 8.125 ms - -[0m
[0mGET /images/process/team2.png [36m304[0m 6.534 ms - -[0m
[0mGET /js/datatables/languaje/Spanish.json [36m304[0m 4.178 ms - -[0m
[0mGET /css/datatables/DataTables-1.10.18/images/sort_both.png [36m304[0m 6.267 ms - -[0m
[0mGET /css/datatables/DataTables-1.10.18/images/sort_asc.png [36m304[0m 7.693 ms - -[0m
[0mGET /tables/reports?&_=1701967591892 [32m200[0m 13.673 ms - 2301[0m
[ { name: 'Admin' } ]
[0mGET /config/users?lang=es [36m304[0m 65.844 ms - -[0m
[0mGET /css/production/operators.css [36m304[0m 5.675 ms - -[0m
[0mGET /js/production/users.js [36m304[0m 5.079 ms - -[0m
[0mGET /js/jquery/jquery.form.min.js [36m304[0m 4.936 ms - -[0m
[0mGET /js/production/photos.js [36m304[0m 4.859 ms - -[0m
[0mGET /images/process/team.png [36m304[0m 4.903 ms - -[0m
[0mGET /js/datatables/languaje/Spanish.json [36m304[0m 4.745 ms - -[0m
[0mGET /tables/users?&_=1701967591893 [32m200[0m 7.227 ms - 372[0m
[ { name: 'Admin' } ]
[0mGET /config/reports?lang=es [36m304[0m 142.279 ms - -[0m
[0mGET /css/production/operators.css [36m304[0m 9.038 ms - -[0m
[0mGET /js/production/reports.js [36m304[0m 11.459 ms - -[0m
[0mGET /js/jquery/jquery.form.min.js [36m304[0m 6.695 ms - -[0m
[0mGET /js/production/photos.js [36m304[0m 5.194 ms - -[0m
[0mGET /js/datatables/languaje/Spanish.json [36m304[0m 4.746 ms - -[0m
[0mGET /tables/reports?&_=1701967591894 [32m200[0m 10.432 ms - 2301[0m
[0mGET /inicio?lang=es [36m304[0m 78.500 ms - -[0m
[0mGET /css/datatables/dataTables.css [36m304[0m 8.786 ms - -[0m
[0mGET /css/datatables/responsive.dataTables.min.css [36m304[0m 7.365 ms - -[0m
[0mGET /css/bootstrap/bootstrap.min.css [36m304[0m 9.796 ms - -[0m
[0mGET /css/sidebar/style.css [36m304[0m 7.236 ms - -[0m
[0mGET /css/datetime/tempusdominus-bootstrap-4.min.css [36m304[0m 6.207 ms - -[0m
[0mGET /css/inicio.css [36m304[0m 4.454 ms - -[0m
[0mGET /css/reports.css [36m304[0m 3.184 ms - -[0m
[0mGET /css/production/production.css [36m304[0m 8.444 ms - -[0m
[0mGET /js/jquery/jquery-3.3.1.min.js [36m304[0m 6.001 ms - -[0m
[0mGET /logo.png [36m304[0m 5.610 ms - -[0m
[0mGET /css/keyboard/index.css [36m304[0m 15.267 ms - -[0m
[0mGET /js/bootstrap/jquery/popper.min.js [36m304[0m 9.367 ms - -[0m
[0mGET /js/bootstrap/bootstrap.min.js [36m304[0m 1.986 ms - -[0m
[0mGET /js/calendar/lib/moment.min.js [36m304[0m 3.265 ms - -[0m
[0mGET /js/calendar/lib/locale/es.js [36m304[0m 3.709 ms - -[0m
[0mGET /js/calendar/lib/locale/ja.js [36m304[0m 2.643 ms - -[0m
[0mGET /js/datatables/dataTables.min.js [36m304[0m 2.524 ms - -[0m
[0mGET /js/datatables/dataTables.responsive.min.js [36m304[0m 3.195 ms - -[0m
[0mGET /js/datetime/tempusdominus-bootstrap-4.min.js [36m304[0m 2.915 ms - -[0m
[0mGET /js/datatables/jszip/jszip.min.js [36m304[0m 3.815 ms - -[0m
[0mGET /js/datatables/pdfmake/vfs_fonts.js [36m304[0m 4.016 ms - -[0m
[0mGET /js/datatables/buttons/buttons.html5.min.js [36m304[0m 3.495 ms - -[0m
[0mGET /js/validation/bootstrap-notify.min.js [36m304[0m 2.930 ms - -[0m
[0mGET /js/production/cropme.js [36m304[0m 2.921 ms - -[0m
[0mGET /js/production.js [36m304[0m 2.921 ms - -[0m
[ { name: 'Admin' } ]
[0mGET /config/reports?lang=es [36m304[0m 130.518 ms - -[0m
[0mGET /js/production/reports.js [36m304[0m 2.650 ms - -[0m
[0mGET /css/production/operators.css [36m304[0m 5.313 ms - -[0m
[0mGET /js/jquery/jquery.form.min.js [36m304[0m 4.511 ms - -[0m
[0mGET /js/production/photos.js [36m304[0m 4.586 ms - -[0m
[0mGET /images/process/team2.png [36m304[0m 8.723 ms - -[0m
[0mGET /images/process/report2.png [36m304[0m 8.504 ms - -[0m
[0mGET /js/datatables/languaje/Spanish.json [36m304[0m 3.559 ms - -[0m
[0mGET /css/datatables/DataTables-1.10.18/images/sort_both.png [36m304[0m 15.196 ms - -[0m
[0mGET /css/datatables/DataTables-1.10.18/images/sort_asc.png [36m304[0m 8.316 ms - -[0m
[0mGET /tables/reports?&_=1701974234674 [32m200[0m 12.282 ms - 2301[0m
[ { name: 'Admin' } ]
[0mGET /config/users?lang=es [36m304[0m 88.759 ms - -[0m
[0mGET /css/production/operators.css [36m304[0m 8.034 ms - -[0m
[0mGET /js/production/users.js [36m304[0m 5.599 ms - -[0m
[0mGET /js/jquery/jquery.form.min.js [36m304[0m 2.495 ms - -[0m
[0mGET /js/production/photos.js [36m304[0m 4.815 ms - -[0m
[0mGET /images/process/team.png [36m304[0m 4.446 ms - -[0m
[0mGET /js/datatables/languaje/Spanish.json [36m304[0m 3.407 ms - -[0m
[0mGET /tables/users?&_=1701974234675 [32m200[0m 7.160 ms - 372[0m
[ { name: 'Admin' } ]
[0mGET /config/users?lang=es [36m304[0m 65.834 ms - -[0m
[0mGET /css/production/operators.css [36m304[0m 6.449 ms - -[0m
[0mGET /js/production/users.js [36m304[0m 5.532 ms - -[0m
[0mGET /js/jquery/jquery.form.min.js [36m304[0m 4.431 ms - -[0m
[0mGET /js/production/photos.js [36m304[0m 3.546 ms - -[0m
[0mGET /js/datatables/languaje/Spanish.json [36m304[0m 4.819 ms - -[0m
[0mGET /tables/users?&_=1701974234676 [32m200[0m 6.482 ms - 372[0m
[ { name: 'Admin' } ]
[0mGET /config/users?lang=es [36m304[0m 74.843 ms - -[0m
[0mGET /css/production/operators.css [36m304[0m 4.397 ms - -[0m
[0mGET /js/production/users.js [36m304[0m 4.132 ms - -[0m
[0mGET /js/jquery/jquery.form.min.js [36m304[0m 7.370 ms - -[0m
[0mGET /js/production/photos.js [36m304[0m 2.365 ms - -[0m
[0mGET /js/datatables/languaje/Spanish.json [36m304[0m 4.715 ms - -[0m
[0mGET /tables/users?&_=1701974234677 [32m200[0m 7.211 ms - 372[0m
[0mGET /inicio?lang=es [36m304[0m 63.565 ms - -[0m
[0mGET /css/bootstrap/bootstrap.min.css [36m304[0m 6.329 ms - -[0m
[0mGET /css/datatables/dataTables.css [36m304[0m 5.848 ms - -[0m
[0mGET /css/datatables/responsive.dataTables.min.css [36m304[0m 5.711 ms - -[0m
[0mGET /css/sidebar/style.css [36m304[0m 12.881 ms - -[0m
[0mGET /css/datetime/tempusdominus-bootstrap-4.min.css [36m304[0m 11.265 ms - -[0m
[0mGET /css/inicio.css [36m304[0m 7.598 ms - -[0m
[0mGET /css/reports.css [36m304[0m 7.386 ms - -[0m
[0mGET /css/production/production.css [36m304[0m 8.066 ms - -[0m
[0mGET /css/keyboard/index.css [36m304[0m 7.964 ms - -[0m
[0mGET /logo.png [36m304[0m 12.681 ms - -[0m
[0mGET /js/jquery/jquery-3.3.1.min.js [36m304[0m 11.935 ms - -[0m
[0mGET /js/bootstrap/jquery/popper.min.js [36m304[0m 11.996 ms - -[0m
[0mGET /js/bootstrap/bootstrap.min.js [36m304[0m 11.812 ms - -[0m
[0mGET /js/calendar/lib/moment.min.js [36m304[0m 11.277 ms - -[0m
[0mGET /js/calendar/lib/locale/es.js [36m304[0m 10.055 ms - -[0m
[0mGET /js/calendar/lib/locale/ja.js [36m304[0m 9.446 ms - -[0m
[0mGET /js/datatables/dataTables.responsive.min.js [36m304[0m 8.010 ms - -[0m
[0mGET /js/datatables/dataTables.min.js [36m304[0m 9.298 ms - -[0m
[0mGET /js/datetime/tempusdominus-bootstrap-4.min.js [36m304[0m 9.144 ms - -[0m
[0mGET /js/datatables/jszip/jszip.min.js [36m304[0m 7.554 ms - -[0m
[0mGET /js/datatables/pdfmake/vfs_fonts.js [36m304[0m 5.914 ms - -[0m
[0mGET /js/datatables/buttons/buttons.html5.min.js [36m304[0m 6.284 ms - -[0m
[0mGET /js/validation/bootstrap-notify.min.js [36m304[0m 4.562 ms - -[0m
[0mGET /js/production/cropme.js [36m304[0m 5.606 ms - -[0m
[0mGET /js/production.js [36m304[0m 4.391 ms - -[0m
[0mGET / [36m304[0m 47.132 ms - -[0m
[0mGET /css/bootstrap/bootstrap.min.css [36m304[0m 5.302 ms - -[0m
[0mGET /css/login/font-awesome.min.css [36m304[0m 13.909 ms - -[0m
[0mGET /css/login/styleLogin.css [36m304[0m 12.687 ms - -[0m
[0mGET /css/login/style2.css [36m304[0m 16.582 ms - -[0m
[0mGET /css/login/style.css [36m304[0m 16.004 ms - -[0m
[0mGET /logo.png [36m304[0m 16.864 ms - -[0m
[0mGET /js/login.js [36m304[0m 14.456 ms - -[0m
[ '50191', '12345678' ]
[0mPOST /login [36m302[0m 25.498 ms - 74[0m
[0mGET /inicio?lang=es [36m304[0m 51.208 ms - -[0m
[0mGET /css/datatables/dataTables.css [36m304[0m 3.107 ms - -[0m
[0mGET /css/datatables/responsive.dataTables.min.css [36m304[0m 12.367 ms - -[0m
[0mGET /css/datetime/tempusdominus-bootstrap-4.min.css [36m304[0m 14.751 ms - -[0m
[0mGET /css/sidebar/style.css [36m304[0m 14.046 ms - -[0m
[0mGET /css/bootstrap/bootstrap.min.css [36m304[0m 12.155 ms - -[0m
[0mGET /css/inicio.css [36m304[0m 11.486 ms - -[0m
[0mGET /css/reports.css [36m304[0m 11.657 ms - -[0m
[0mGET /css/keyboard/index.css [36m304[0m 8.931 ms - -[0m
[0mGET /css/production/production.css [36m304[0m 11.585 ms - -[0m
[0mGET /logo.png [36m304[0m 10.927 ms - -[0m
[0mGET /js/jquery/jquery-3.3.1.min.js [36m304[0m 10.874 ms - -[0m
[0mGET /js/bootstrap/jquery/popper.min.js [36m304[0m 11.798 ms - -[0m
[0mGET /js/bootstrap/bootstrap.min.js [36m304[0m 9.958 ms - -[0m
[0mGET /js/calendar/lib/moment.min.js [36m304[0m 4.101 ms - -[0m
[0mGET /js/calendar/lib/locale/es.js [36m304[0m 3.140 ms - -[0m
[0mGET /js/calendar/lib/locale/ja.js [36m304[0m 2.485 ms - -[0m
[0mGET /js/datatables/dataTables.min.js [36m304[0m 7.541 ms - -[0m
[0mGET /js/datatables/dataTables.responsive.min.js [36m304[0m 6.690 ms - -[0m
[0mGET /js/datetime/tempusdominus-bootstrap-4.min.js [36m304[0m 8.034 ms - -[0m
[0mGET /js/datatables/jszip/jszip.min.js [36m304[0m 6.447 ms - -[0m
[0mGET /js/datatables/buttons/buttons.html5.min.js [36m304[0m 5.035 ms - -[0m
[0mGET /js/datatables/pdfmake/vfs_fonts.js [36m304[0m 5.155 ms - -[0m
[0mGET /js/validation/bootstrap-notify.min.js [36m304[0m 14.075 ms - -[0m
[0mGET /js/production/cropme.js [36m304[0m 11.887 ms - -[0m
[0mGET /js/production.js [36m304[0m 11.856 ms - -[0m
[0mGET / [36m304[0m 32.047 ms - -[0m
[0mGET /css/bootstrap/bootstrap.min.css [36m304[0m 4.947 ms - -[0m
[0mGET /css/login/style2.css [36m304[0m 14.284 ms - -[0m
[0mGET /css/login/styleLogin.css [36m304[0m 17.579 ms - -[0m
[0mGET /css/login/font-awesome.min.css [36m304[0m 21.222 ms - -[0m
[0mGET /css/login/style.css [36m304[0m 20.636 ms - -[0m
[0mGET /logo.png [36m304[0m 17.790 ms - -[0m
[0mGET /js/login.js [36m304[0m 17.352 ms - -[0m
[0mGET /inicio?lang=es [36m304[0m 50.583 ms - -[0m
[0mGET /css/datatables/responsive.dataTables.min.css [36m304[0m 16.487 ms - -[0m
[0mGET /css/datatables/dataTables.css [36m304[0m 15.559 ms - -[0m
[0mGET /css/bootstrap/bootstrap.min.css [36m304[0m 14.153 ms - -[0m
[0mGET /css/inicio.css [36m304[0m 11.079 ms - -[0m
[0mGET /css/sidebar/style.css [36m304[0m 12.901 ms - -[0m
[0mGET /css/datetime/tempusdominus-bootstrap-4.min.css [36m304[0m 11.865 ms - -[0m
[0mGET /css/reports.css [36m304[0m 4.764 ms - -[0m
[0mGET /css/keyboard/index.css [36m304[0m 4.682 ms - -[0m
[0mGET /css/production/production.css [36m304[0m 12.418 ms - -[0m
[0mGET /js/jquery/jquery-3.3.1.min.js [36m304[0m 10.798 ms - -[0m
[0mGET /js/bootstrap/jquery/popper.min.js [36m304[0m 11.447 ms - -[0m
[0mGET /js/calendar/lib/moment.min.js [36m304[0m 12.067 ms - -[0m
[0mGET /logo.png [36m304[0m 11.567 ms - -[0m
[0mGET /js/bootstrap/bootstrap.min.js [36m304[0m 11.251 ms - -[0m
[0mGET /js/calendar/lib/locale/es.js [36m304[0m 3.390 ms - -[0m
[0mGET /js/calendar/lib/locale/ja.js [36m304[0m 3.267 ms - -[0m
[0mGET /js/datatables/dataTables.responsive.min.js [36m304[0m 6.433 ms - -[0m
[0mGET /js/datatables/dataTables.min.js [36m304[0m 8.365 ms - -[0m
[0mGET /js/datatables/jszip/jszip.min.js [36m304[0m 7.480 ms - -[0m
[0mGET /js/datetime/tempusdominus-bootstrap-4.min.js [36m304[0m 7.262 ms - -[0m
[0mGET /js/datatables/buttons/buttons.html5.min.js [36m304[0m 6.849 ms - -[0m
[0mGET /js/datatables/pdfmake/vfs_fonts.js [36m304[0m 6.679 ms - -[0m
[0mGET /js/validation/bootstrap-notify.min.js [36m304[0m 2.012 ms - -[0m
[0mGET /js/production/cropme.js [36m304[0m 7.237 ms - -[0m
[0mGET /js/production.js [36m304[0m 4.704 ms - -[0m
[0mGET /logout?lang=es [31m500[0m 2.646 ms - -[0m
[0mGET /css/bootstrap/bootstrap.min.css [36m304[0m 7.558 ms - -[0m
[0mGET /css/datatables/responsive.dataTables.min.css [36m304[0m 5.614 ms - -[0m
[0mGET /css/datatables/dataTables.css [36m304[0m 2.753 ms - -[0m
[0mGET /css/sidebar/style.css [36m304[0m 3.005 ms - -[0m
[0mGET /css/datetime/tempusdominus-bootstrap-4.min.css [36m304[0m 2.239 ms - -[0m
[0mGET /css/inicio.css [36m304[0m 1.668 ms - -[0m
[0mGET /css/reports.css [36m304[0m 2.795 ms - -[0m
[0mGET /css/keyboard/index.css [36m304[0m 7.173 ms - -[0m
[0mGET /css/production/production.css [36m304[0m 9.748 ms - -[0m
[0mGET /js/jquery/jquery-3.3.1.min.js [36m304[0m 3.328 ms - -[0m
[0mGET /logo.png [36m304[0m 2.631 ms - -[0m
[0mGET /js/bootstrap/jquery/popper.min.js [36m304[0m 2.306 ms - -[0m
[0mGET /js/bootstrap/bootstrap.min.js [36m304[0m 3.699 ms - -[0m
[0mGET /js/calendar/lib/moment.min.js [36m304[0m 2.501 ms - -[0m
[0mGET /js/calendar/lib/locale/es.js [36m304[0m 1.725 ms - -[0m
[0mGET /js/calendar/lib/locale/ja.js [36m304[0m 1.690 ms - -[0m
[0mGET /js/datatables/dataTables.min.js [36m304[0m 2.772 ms - -[0m
[0mGET /js/datatables/dataTables.responsive.min.js [36m304[0m 2.170 ms - -[0m
[0mGET /js/datetime/tempusdominus-bootstrap-4.min.js [36m304[0m 1.566 ms - -[0m
[0mGET /js/datatables/jszip/jszip.min.js [36m304[0m 1.696 ms - -[0m
[0mGET /js/datatables/pdfmake/vfs_fonts.js [36m304[0m 1.719 ms - -[0m
[0mGET /js/datatables/buttons/buttons.html5.min.js [36m304[0m 1.716 ms - -[0m
[0mGET /js/validation/bootstrap-notify.min.js [36m304[0m 2.736 ms - -[0m
[0mGET /js/production.js [36m304[0m 2.618 ms - -[0m
[0mGET /js/production/cropme.js [36m304[0m 5.009 ms - -[0m
[0mGET /config/reports?lang=es [32m200[0m 6.773 ms - 163[0m
[0mGET /inicio?lang=es [32m200[0m 2.294 ms - 163[0m
[0mGET /favicon.ico [36m304[0m 2.279 ms - -[0m
[0mGET / [36m304[0m 67.434 ms - -[0m
[0mGET /css/bootstrap/bootstrap.min.css [36m304[0m 1.630 ms - -[0m
[0mGET /css/login/styleLogin.css [36m304[0m 2.565 ms - -[0m
[0mGET /css/login/style.css [36m304[0m 7.514 ms - -[0m
[0mGET /logo.png [36m304[0m 5.688 ms - -[0m
[0mGET /css/login/style2.css [36m304[0m 4.942 ms - -[0m
[0mGET /css/login/font-awesome.min.css [36m304[0m 4.422 ms - -[0m
[0mGET /js/login.js [36m304[0m 5.377 ms - -[0m
[ '50191', '12345678' ]
[0mPOST /login [36m302[0m 23.437 ms - 74[0m
[0mGET /inicio?lang=es [32m200[0m 63.666 ms - 3934[0m
[0mGET /css/datatables/dataTables.css [36m304[0m 6.844 ms - -[0m
[0mGET /css/datatables/responsive.dataTables.min.css [36m304[0m 19.916 ms - -[0m
[0mGET /css/bootstrap/bootstrap.min.css [36m304[0m 22.589 ms - -[0m
[0mGET /css/datetime/tempusdominus-bootstrap-4.min.css [36m304[0m 21.520 ms - -[0m
[0mGET /css/inicio.css [36m304[0m 23.459 ms - -[0m
[0mGET /css/sidebar/style.css [36m304[0m 23.296 ms - -[0m
[0mGET /css/reports.css [36m304[0m 13.221 ms - -[0m
[0mGET /css/keyboard/index.css [36m304[0m 22.704 ms - -[0m
[0mGET /css/production/production.css [36m304[0m 21.934 ms - -[0m
[0mGET /logo.png [36m304[0m 21.206 ms - -[0m
[0mGET /js/bootstrap/jquery/popper.min.js [36m304[0m 22.972 ms - -[0m
[0mGET /js/jquery/jquery-3.3.1.min.js [36m304[0m 22.326 ms - -[0m
[0mGET /js/bootstrap/bootstrap.min.js [36m304[0m 8.358 ms - -[0m
[0mGET /js/calendar/lib/moment.min.js [36m304[0m 18.573 ms - -[0m
[0mGET /js/datetime/tempusdominus-bootstrap-4.min.js [36m304[0m 17.888 ms - -[0m
[0mGET /js/datatables/dataTables.min.js [36m304[0m 21.112 ms - -[0m
[0mGET /js/calendar/lib/locale/es.js [36m304[0m 20.576 ms - -[0m
[0mGET /js/datatables/dataTables.responsive.min.js [36m304[0m 20.073 ms - -[0m
[0mGET /js/calendar/lib/locale/ja.js [36m304[0m 20.189 ms - -[0m
[0mGET /js/datatables/pdfmake/vfs_fonts.js [36m304[0m 14.471 ms - -[0m
[0mGET /js/datatables/jszip/jszip.min.js [36m304[0m 13.748 ms - -[0m
[0mGET /js/datatables/buttons/buttons.html5.min.js [36m304[0m 18.087 ms - -[0m
[0mGET /js/validation/bootstrap-notify.min.js [36m304[0m 17.561 ms - -[0m
[0mGET /js/production/cropme.js [36m304[0m 17.036 ms - -[0m
[0mGET /js/production.js [36m304[0m 18.106 ms - -[0m
[ { name: 'Admin' } ]
[0mGET /config/reports?lang=es [32m200[0m 129.395 ms - 14551[0m
[0mGET /css/production/operators.css [36m304[0m 7.626 ms - -[0m
[0mGET /js/production/reports.js [36m304[0m 7.714 ms - -[0m
[0mGET /js/jquery/jquery.form.min.js [36m304[0m 6.902 ms - -[0m
[0mGET /js/production/photos.js [36m304[0m 4.751 ms - -[0m
[0mGET /images/process/team2.png [36m304[0m 8.226 ms - -[0m
[0mGET /images/process/report2.png [36m304[0m 7.011 ms - -[0m
[0mGET /js/datatables/languaje/Spanish.json [36m304[0m 4.804 ms - -[0m
[0mGET /css/datatables/DataTables-1.10.18/images/sort_both.png [36m304[0m 15.016 ms - -[0m
[0mGET /css/datatables/DataTables-1.10.18/images/sort_asc.png [36m304[0m 7.428 ms - -[0m
[0mGET /tables/reports?&_=1701984629422 [32m200[0m 12.575 ms - 2301[0m
[0mGET /inicio?lang=es [32m200[0m 9.179 ms - 163[0m
[0mGET /favicon.ico [36m304[0m 2.617 ms - -[0m
[0mGET / [36m304[0m 594.519 ms - -[0m
[0mGET /css/bootstrap/bootstrap.min.css [36m304[0m 2.383 ms - -[0m
[0mGET /css/login/font-awesome.min.css [36m304[0m 2.131 ms - -[0m
[0mGET /css/login/styleLogin.css [36m304[0m 1.942 ms - -[0m
[0mGET /css/login/style2.css [36m304[0m 5.727 ms - -[0m
[0mGET /css/login/style.css [36m304[0m 4.576 ms - -[0m
[0mGET /logo.png [36m304[0m 3.957 ms - -[0m
[0mGET /js/login.js [36m304[0m 4.572 ms - -[0m
[ '50191', '12345678' ]
[0mPOST /login [36m302[0m 66.245 ms - 74[0m
[0mGET /inicio?lang=es [32m200[0m 100.892 ms - 3934[0m
[0mGET /css/datatables/dataTables.css [36m304[0m 16.968 ms - -[0m
[0mGET /css/datatables/responsive.dataTables.min.css [36m304[0m 7.952 ms - -[0m
[0mGET /css/bootstrap/bootstrap.min.css [36m304[0m 44.377 ms - -[0m
[0mGET /css/sidebar/style.css [36m304[0m 55.242 ms - -[0m
[0mGET /css/reports.css [36m304[0m 63.680 ms - -[0m
[0mGET /css/datetime/tempusdominus-bootstrap-4.min.css [36m304[0m 63.434 ms - -[0m
[0mGET /css/inicio.css [36m304[0m 63.233 ms - -[0m
[0mGET /css/keyboard/index.css [36m304[0m 72.413 ms - -[0m
[0mGET /css/production/production.css [36m304[0m 21.538 ms - -[0m
[0mGET /logo.png [36m304[0m 13.028 ms - -[0m
[0mGET /js/bootstrap/jquery/popper.min.js [36m304[0m 40.961 ms - -[0m
[0mGET /js/calendar/lib/moment.min.js [36m304[0m 40.316 ms - -[0m
[0mGET /js/jquery/jquery-3.3.1.min.js [36m304[0m 49.716 ms - -[0m
[0mGET /js/bootstrap/bootstrap.min.js [36m304[0m 49.364 ms - -[0m
[0mGET /js/calendar/lib/locale/es.js [36m304[0m 49.045 ms - -[0m
[0mGET /js/calendar/lib/locale/ja.js [36m304[0m 39.809 ms - -[0m
[0mGET /js/datatables/dataTables.responsive.min.js [36m304[0m 47.640 ms - -[0m
[0mGET /js/datatables/dataTables.min.js [36m304[0m 46.733 ms - -[0m
[0mGET /js/datatables/jszip/jszip.min.js [36m304[0m 52.986 ms - -[0m
[0mGET /js/datatables/pdfmake/vfs_fonts.js [36m304[0m 49.796 ms - -[0m
[0mGET /js/datatables/buttons/buttons.html5.min.js [36m304[0m 51.969 ms - -[0m
[0mGET /js/datetime/tempusdominus-bootstrap-4.min.js [36m304[0m 52.966 ms - -[0m
[0mGET /js/validation/bootstrap-notify.min.js [36m304[0m 14.875 ms - -[0m
[0mGET /js/production/cropme.js [36m304[0m 15.200 ms - -[0m
[0mGET /js/production.js [36m304[0m 10.154 ms - -[0m
[ { name: 'Admin' } ]
[0mGET /config/reports?lang=es [32m200[0m 218.390 ms - 14280[0m
[0mGET /images/process/report2.png [36m304[0m 32.916 ms - -[0m
[0mGET /images/process/team2.png [36m304[0m 42.487 ms - -[0m
[0mGET /css/production/operators.css [36m304[0m 30.233 ms - -[0m
[0mGET /js/production/reports.js [36m304[0m 30.292 ms - -[0m
[0mGET /js/jquery/jquery.form.min.js [36m304[0m 18.565 ms - -[0m
[0mGET /js/production/photos.js [36m304[0m 14.772 ms - -[0m
[0mGET /js/datatables/languaje/Spanish.json [36m304[0m 16.115 ms - -[0m
[0mGET /css/datatables/DataTables-1.10.18/images/sort_both.png [36m304[0m 13.625 ms - -[0m
[0mGET /css/datatables/DataTables-1.10.18/images/sort_asc.png [36m304[0m 17.069 ms - -[0m
[0mGET /tables/reports?&_=1701984728868 [32m200[0m 23.368 ms - 2301[0m
[0mGET /inicio?lang=es [36m304[0m 108.214 ms - -[0m
[0mGET /css/datatables/dataTables.css [36m304[0m 21.156 ms - -[0m
[0mGET /css/datatables/responsive.dataTables.min.css [36m304[0m 22.174 ms - -[0m
[0mGET /css/bootstrap/bootstrap.min.css [36m304[0m 21.868 ms - -[0m
[0mGET /css/datetime/tempusdominus-bootstrap-4.min.css [36m304[0m 30.353 ms - -[0m
[0mGET /css/sidebar/style.css [36m304[0m 29.473 ms - -[0m
[0mGET /css/inicio.css [36m304[0m 30.202 ms - -[0m
[0mGET /css/keyboard/index.css [36m304[0m 30.510 ms - -[0m
[0mGET /css/reports.css [36m304[0m 29.683 ms - -[0m
[0mGET /css/production/production.css [36m304[0m 30.780 ms - -[0m
[0mGET /js/jquery/jquery-3.3.1.min.js [36m304[0m 47.536 ms - -[0m
[0mGET /js/bootstrap/jquery/popper.min.js [36m304[0m 37.462 ms - -[0m
[0mGET /logo.png [36m304[0m 37.010 ms - -[0m
[0mGET /js/bootstrap/bootstrap.min.js [36m304[0m 33.213 ms - -[0m
[0mGET /js/calendar/lib/moment.min.js [36m304[0m 19.207 ms - -[0m
[0mGET /js/calendar/lib/locale/es.js [36m304[0m 19.113 ms - -[0m
[0mGET /js/calendar/lib/locale/ja.js [36m304[0m 43.167 ms - -[0m
[0mGET /js/datatables/dataTables.min.js [36m304[0m 46.841 ms - -[0m
[0mGET /js/datatables/dataTables.responsive.min.js [36m304[0m 46.479 ms - -[0m
[0mGET /js/datetime/tempusdominus-bootstrap-4.min.js [36m304[0m 29.118 ms - -[0m
[0mGET /js/datatables/jszip/jszip.min.js [36m304[0m 17.830 ms - -[0m
[0mGET /js/datatables/pdfmake/vfs_fonts.js [36m304[0m 11.035 ms - -[0m
[0mGET /js/datatables/buttons/buttons.html5.min.js [36m304[0m 32.465 ms - -[0m
[0mGET /js/validation/bootstrap-notify.min.js [36m304[0m 16.739 ms - -[0m
[0mGET /js/production/cropme.js [36m304[0m 11.058 ms - -[0m
[0mGET /js/production.js [36m304[0m 18.044 ms - -[0m
[0mGET /inicio?lang=es [36m304[0m 108.891 ms - -[0m
[0mGET /css/datatables/dataTables.css [36m304[0m 30.200 ms - -[0m
[0mGET /css/datatables/responsive.dataTables.min.css [36m304[0m 30.651 ms - -[0m
[0mGET /css/bootstrap/bootstrap.min.css [36m304[0m 31.756 ms - -[0m
[0mGET /css/sidebar/style.css [36m304[0m 32.507 ms - -[0m
[0mGET /css/datetime/tempusdominus-bootstrap-4.min.css [36m304[0m 26.677 ms - -[0m
[0mGET /css/inicio.css [36m304[0m 16.008 ms - -[0m
[0mGET /css/reports.css [36m304[0m 29.229 ms - -[0m
[0mGET /css/keyboard/index.css [36m304[0m 25.198 ms - -[0m
[0mGET /css/production/production.css [36m304[0m 24.670 ms - -[0m
[0mGET /logo.png [36m304[0m 30.150 ms - -[0m
[0mGET /js/jquery/jquery-3.3.1.min.js [36m304[0m 31.237 ms - -[0m
[0mGET /js/bootstrap/jquery/popper.min.js [36m304[0m 30.893 ms - -[0m
[0mGET /js/bootstrap/bootstrap.min.js [36m304[0m 30.978 ms - -[0m
[0mGET /js/calendar/lib/moment.min.js [36m304[0m 24.973 ms - -[0m
[0mGET /js/calendar/lib/locale/es.js [36m304[0m 11.386 ms - -[0m
[0mGET /js/calendar/lib/locale/ja.js [36m304[0m 22.532 ms - -[0m
[0mGET /js/datatables/dataTables.responsive.min.js [36m304[0m 16.594 ms - -[0m
[0mGET /js/datatables/dataTables.min.js [36m304[0m 17.155 ms - -[0m
[0mGET /js/datetime/tempusdominus-bootstrap-4.min.js [36m304[0m 18.951 ms - -[0m
[0mGET /js/datatables/jszip/jszip.min.js [36m304[0m 17.116 ms - -[0m
[0mGET /js/datatables/pdfmake/vfs_fonts.js [36m304[0m 14.563 ms - -[0m
[0mGET /js/datatables/buttons/buttons.html5.min.js [36m304[0m 15.101 ms - -[0m
[0mGET /js/validation/bootstrap-notify.min.js [36m304[0m 14.627 ms - -[0m
[0mGET /js/production/cropme.js [36m304[0m 17.440 ms - -[0m
[0mGET /js/production.js [36m304[0m 14.750 ms - -[0m
[0mGET /inicio?lang=es [36m304[0m 94.031 ms - -[0m
[0mGET /css/datatables/dataTables.css [36m304[0m 39.298 ms - -[0m
[0mGET /css/sidebar/style.css [36m304[0m 41.357 ms - -[0m
[0mGET /css/datatables/responsive.dataTables.min.css [36m304[0m 61.692 ms - -[0m
[0mGET /css/datetime/tempusdominus-bootstrap-4.min.css [36m304[0m 51.740 ms - -[0m
[0mGET /css/bootstrap/bootstrap.min.css [36m304[0m 51.774 ms - -[0m
[0mGET /css/inicio.css [36m304[0m 56.873 ms - -[0m
[0mGET /css/reports.css [36m304[0m 10.693 ms - -[0m
[0mGET /css/production/production.css [36m304[0m 37.721 ms - -[0m
[0mGET /css/keyboard/index.css [36m304[0m 31.966 ms - -[0m
[0mGET /js/jquery/jquery-3.3.1.min.js [36m304[0m 56.827 ms - -[0m
[0mGET /logo.png [36m304[0m 56.672 ms - -[0m
[0mGET /js/bootstrap/jquery/popper.min.js [36m304[0m 67.581 ms - -[0m
[0mGET /js/bootstrap/bootstrap.min.js [36m304[0m 67.730 ms - -[0m
[0mGET /js/calendar/lib/locale/es.js [36m304[0m 42.851 ms - -[0m
[0mGET /js/calendar/lib/moment.min.js [36m304[0m 42.657 ms - -[0m
[0mGET /js/datatables/dataTables.min.js [36m304[0m 46.292 ms - -[0m
[0mGET /js/calendar/lib/locale/ja.js [36m304[0m 45.777 ms - -[0m
[0mGET /js/datatables/dataTables.responsive.min.js [36m304[0m 26.919 ms - -[0m
[0mGET /js/datetime/tempusdominus-bootstrap-4.min.js [36m304[0m 26.692 ms - -[0m
[0mGET /js/datatables/jszip/jszip.min.js [36m304[0m 34.229 ms - -[0m
[0mGET /js/datatables/pdfmake/vfs_fonts.js [36m304[0m 34.081 ms - -[0m
[0mGET /js/datatables/buttons/buttons.html5.min.js [36m304[0m 31.393 ms - -[0m
[0mGET /js/validation/bootstrap-notify.min.js [36m304[0m 31.165 ms - -[0m
[0mGET /js/production.js [36m304[0m 25.627 ms - -[0m
[0mGET /js/production/cropme.js [36m304[0m 25.641 ms - -[0m
[0mGET /favicon.ico [36m304[0m 5.377 ms - -[0m
[ { name: 'Admin' } ]
[0mGET /config/reports?lang=es [36m304[0m 152.355 ms - -[0m
[0mGET /css/production/operators.css [36m304[0m 9.581 ms - -[0m
[0mGET /js/production/reports.js [36m304[0m 9.094 ms - -[0m
[0mGET /js/jquery/jquery.form.min.js [36m304[0m 5.128 ms - -[0m
[0mGET /js/production/photos.js [36m304[0m 5.186 ms - -[0m
[0mGET /images/process/team2.png [36m304[0m 8.432 ms - -[0m
[0mGET /images/process/report2.png [36m304[0m 7.759 ms - -[0m
[0mGET /js/datatables/languaje/Spanish.json [36m304[0m 5.285 ms - -[0m
[0mGET /css/datatables/DataTables-1.10.18/images/sort_both.png [36m304[0m 13.345 ms - -[0m
[0mGET /css/datatables/DataTables-1.10.18/images/sort_asc.png [36m304[0m 6.273 ms - -[0m
[0mGET /tables/reports?&_=1701986605494 [32m200[0m 9.222 ms - 2301[0m
[0mGET /inicio?lang=es [36m304[0m 63.353 ms - -[0m
[0mGET /css/datatables/dataTables.css [36m304[0m 5.828 ms - -[0m
[0mGET /css/datatables/responsive.dataTables.min.css [36m304[0m 6.086 ms - -[0m
[0mGET /css/bootstrap/bootstrap.min.css [36m304[0m 20.292 ms - -[0m
[0mGET /css/sidebar/style.css [36m304[0m 19.731 ms - -[0m
[0mGET /css/datetime/tempusdominus-bootstrap-4.min.css [36m304[0m 14.350 ms - -[0m
[0mGET /css/inicio.css [36m304[0m 21.124 ms - -[0m
[0mGET /css/reports.css [36m304[0m 22.103 ms - -[0m
[0mGET /css/keyboard/index.css [36m304[0m 7.036 ms - -[0m
[0mGET /css/production/production.css [36m304[0m 12.292 ms - -[0m
[0mGET /logo.png [36m304[0m 11.282 ms - -[0m
[0mGET /js/jquery/jquery-3.3.1.min.js [36m304[0m 13.099 ms - -[0m
[0mGET /js/bootstrap/jquery/popper.min.js [36m304[0m 10.356 ms - -[0m
[0mGET /js/bootstrap/bootstrap.min.js [36m304[0m 8.242 ms - -[0m
[0mGET /js/calendar/lib/moment.min.js [36m304[0m 8.766 ms - -[0m
[0mGET /js/calendar/lib/locale/ja.js [36m304[0m 12.758 ms - -[0m
[0mGET /js/calendar/lib/locale/es.js [36m304[0m 12.819 ms - -[0m
[0mGET /js/datatables/dataTables.min.js [36m304[0m 13.761 ms - -[0m
[0mGET /js/datatables/jszip/jszip.min.js [36m304[0m 8.951 ms - -[0m
[0mGET /js/datatables/dataTables.responsive.min.js [36m304[0m 8.544 ms - -[0m
[0mGET /js/datetime/tempusdominus-bootstrap-4.min.js [36m304[0m 9.024 ms - -[0m
[0mGET /js/datatables/pdfmake/vfs_fonts.js [36m304[0m 3.133 ms - -[0m
[0mGET /js/datatables/buttons/buttons.html5.min.js [36m304[0m 8.215 ms - -[0m
[0mGET /js/validation/bootstrap-notify.min.js [36m304[0m 7.334 ms - -[0m
[0mGET /js/production.js [36m304[0m 8.697 ms - -[0m
[0mGET /js/production/cropme.js [36m304[0m 7.728 ms - -[0m
[0mGET /favicon.ico [36m304[0m 5.440 ms - -[0m
[ { name: 'Admin' } ]
[0mGET /config/reports?lang=es [32m200[0m 121.649 ms - 14281[0m
[0mGET /images/process/report2.png [36m304[0m 13.806 ms - -[0m
[0mGET /css/production/operators.css [36m304[0m 11.605 ms - -[0m
[0mGET /js/production/reports.js [36m304[0m 10.876 ms - -[0m
[0mGET /images/process/team2.png [36m304[0m 10.178 ms - -[0m
[0mGET /js/jquery/jquery.form.min.js [36m304[0m 5.131 ms - -[0m
[0mGET /js/production/photos.js [36m304[0m 5.258 ms - -[0m
[0mGET /js/datatables/languaje/Spanish.json [36m304[0m 6.387 ms - -[0m
[0mGET /css/datatables/DataTables-1.10.18/images/sort_both.png [36m304[0m 5.747 ms - -[0m
[0mGET /css/datatables/DataTables-1.10.18/images/sort_asc.png [36m304[0m 7.359 ms - -[0m
[0mGET /tables/reports?&_=1701986672622 [32m200[0m 9.987 ms - 2301[0m
[0mGET / [36m304[0m 46.302 ms - -[0m
[0mGET /css/bootstrap/bootstrap.min.css [36m304[0m 2.186 ms - -[0m
[0mGET /css/login/styleLogin.css [36m304[0m 8.914 ms - -[0m
[0mGET /js/login.js [36m304[0m 7.604 ms - -[0m
[0mGET /css/login/style.css [36m304[0m 8.925 ms - -[0m
[0mGET /css/login/font-awesome.min.css [36m304[0m 8.339 ms - -[0m
[0mGET /css/login/style2.css [36m304[0m 5.900 ms - -[0m
[0mGET /logo.png [36m304[0m 3.429 ms - -[0m
[ '50191', '12345678' ]
[0mPOST /login [36m302[0m 19.132 ms - 74[0m
[0mGET /inicio?lang=es [32m200[0m 59.234 ms - 3934[0m
[0mGET /css/datatables/dataTables.css [36m304[0m 14.474 ms - -[0m
[0mGET /css/datatables/responsive.dataTables.min.css [36m304[0m 14.859 ms - -[0m
[0mGET /css/bootstrap/bootstrap.min.css [36m304[0m 15.940 ms - -[0m
[0mGET /css/datetime/tempusdominus-bootstrap-4.min.css [36m304[0m 17.262 ms - -[0m
[0mGET /css/reports.css [36m304[0m 18.986 ms - -[0m
[0mGET /css/inicio.css [36m304[0m 18.615 ms - -[0m
[0mGET /css/sidebar/style.css [36m304[0m 5.527 ms - -[0m
[0mGET /css/keyboard/index.css [36m304[0m 5.599 ms - -[0m
[0mGET /css/production/production.css [36m304[0m 7.752 ms - -[0m
[0mGET /js/jquery/jquery-3.3.1.min.js [36m304[0m 7.467 ms - -[0m
[0mGET /logo.png [36m304[0m 7.330 ms - -[0m
[0mGET /js/bootstrap/jquery/popper.min.js [36m304[0m 7.159 ms - -[0m
[0mGET /js/calendar/lib/moment.min.js [36m304[0m 5.204 ms - -[0m
[0mGET /js/bootstrap/bootstrap.min.js [36m304[0m 5.075 ms - -[0m
[0mGET /js/calendar/lib/locale/es.js [36m304[0m 4.867 ms - -[0m
[0mGET /js/datatables/dataTables.min.js [36m304[0m 6.008 ms - -[0m
[0mGET /js/calendar/lib/locale/ja.js [36m304[0m 5.428 ms - -[0m
[0mGET /js/datatables/dataTables.responsive.min.js [36m304[0m 6.258 ms - -[0m
[0mGET /js/datetime/tempusdominus-bootstrap-4.min.js [36m304[0m 3.452 ms - -[0m
[0mGET /js/datatables/jszip/jszip.min.js [36m304[0m 3.639 ms - -[0m
[0mGET /js/datatables/pdfmake/vfs_fonts.js [36m304[0m 3.519 ms - -[0m
[0mGET /js/validation/bootstrap-notify.min.js [36m304[0m 11.664 ms - -[0m
[0mGET /js/datatables/buttons/buttons.html5.min.js [36m304[0m 12.193 ms - -[0m
[0mGET /js/production/cropme.js [36m304[0m 13.016 ms - -[0m
[0mGET /js/production.js [36m304[0m 6.799 ms - -[0m
[ { name: 'Admin' } ]
[0mGET /config/users?lang=es [32m200[0m 72.797 ms - 5506[0m
[0mGET /css/production/operators.css [36m304[0m 8.803 ms - -[0m
[0mGET /js/production/users.js [36m304[0m 7.294 ms - -[0m
[0mGET /js/jquery/jquery.form.min.js [36m304[0m 5.043 ms - -[0m
[0mGET /js/production/photos.js [36m304[0m 5.784 ms - -[0m
[0mGET /images/process/team.png [36m304[0m 3.976 ms - -[0m
[0mGET /js/datatables/languaje/Spanish.json [36m304[0m 3.831 ms - -[0m
[0mGET /css/datatables/DataTables-1.10.18/images/sort_both.png [36m304[0m 2.065 ms - -[0m
[0mGET /css/datatables/DataTables-1.10.18/images/sort_asc.png [36m304[0m 5.941 ms - -[0m
[0mGET /tables/users?&_=1701987499676 [32m200[0m 8.490 ms - 372[0m
[ { name: 'Admin' } ]
[0mGET /config/reports?lang=es [32m200[0m 155.818 ms - 14281[0m
[0mGET /css/production/operators.css [36m304[0m 6.514 ms - -[0m
[0mGET /js/production/reports.js [32m200[0m 273.376 ms - 17658[0m
[0mGET /js/jquery/jquery.form.min.js [36m304[0m 5.106 ms - -[0m
[0mGET /js/production/photos.js [36m304[0m 5.843 ms - -[0m
[0mGET /images/process/team2.png [36m304[0m 11.214 ms - -[0m
[0mGET /images/process/report2.png [36m304[0m 9.059 ms - -[0m
[0mGET /js/datatables/languaje/Spanish.json [36m304[0m 5.573 ms - -[0m
[0mGET /tables/reports?&_=1701987499677 [32m200[0m 12.913 ms - 2301[0m
[Object: null prototype] {
  IdAccion: '28',
  tipoAccion: 'Contención / Correción (FUGA)',
  describe: 'DFGH',
  tipoAccion2: '',
  causao: 'Causa de la ocurrencia:¿Por qué se generó la no conformidad?CC',
  causad: 'Causa raíz de la detección:¿Por qué no se detectó la no conformidad?ZC',
  causap: 'Causa raíz de la planeación¿Qué es lo que falló en la planeación que no evitó este modo de falla?                                  ',
  observaciones: '',
  evidencias: ''
}
[0mPOST /config/acciones [32m200[0m 16.321 ms - 66[0m
[0mGET /tables/reports?&_=1701987499678 [32m200[0m 8.628 ms - 2301[0m
[0mGET /logout?lang=es [31m500[0m 8.118 ms - -[0m
[0mGET /inicio?lang=es [36m304[0m 76.087 ms - -[0m
[0mGET /css/datatables/dataTables.css [36m304[0m 17.374 ms - -[0m
[0mGET /css/datatables/responsive.dataTables.min.css [36m304[0m 19.760 ms - -[0m
[0mGET /css/bootstrap/bootstrap.min.css [36m304[0m 27.042 ms - -[0m
[0mGET /css/sidebar/style.css [36m304[0m 19.923 ms - -[0m
[0mGET /css/datetime/tempusdominus-bootstrap-4.min.css [36m304[0m 22.926 ms - -[0m
[0mGET /css/inicio.css [36m304[0m 22.711 ms - -[0m
[0mGET /css/reports.css [36m304[0m 6.876 ms - -[0m
[0mGET /css/keyboard/index.css [36m304[0m 4.349 ms - -[0m
[0mGET /css/production/production.css [36m304[0m 5.766 ms - -[0m
[0mGET /js/jquery/jquery-3.3.1.min.js [36m304[0m 5.824 ms - -[0m
[0mGET /js/bootstrap/jquery/popper.min.js [36m304[0m 14.862 ms - -[0m
[0mGET /js/bootstrap/bootstrap.min.js [36m304[0m 14.148 ms - -[0m
[0mGET /logo.png [36m304[0m 11.788 ms - -[0m
[0mGET /js/calendar/lib/moment.min.js [36m304[0m 12.657 ms - -[0m
[0mGET /js/calendar/lib/locale/es.js [36m304[0m 8.802 ms - -[0m
[0mGET /js/calendar/lib/locale/ja.js [36m304[0m 9.150 ms - -[0m
[0mGET /js/datatables/dataTables.responsive.min.js [36m304[0m 19.116 ms - -[0m
[0mGET /js/datetime/tempusdominus-bootstrap-4.min.js [36m304[0m 18.327 ms - -[0m
[0mGET /js/datatables/jszip/jszip.min.js [36m304[0m 19.541 ms - -[0m
[0mGET /js/datatables/buttons/buttons.html5.min.js [36m304[0m 18.842 ms - -[0m
[0mGET /js/datatables/dataTables.min.js [36m304[0m 16.454 ms - -[0m
[0mGET /js/datatables/pdfmake/vfs_fonts.js [36m304[0m 16.625 ms - -[0m
[0mGET /js/production.js [36m304[0m 15.325 ms - -[0m
[0mGET /js/production/cropme.js [36m304[0m 14.953 ms - -[0m
[0mGET /js/validation/bootstrap-notify.min.js [36m304[0m 14.834 ms - -[0m
[0mGET /favicon.ico [36m304[0m 14.070 ms - -[0m
[ { name: 'Admin' } ]
[0mGET /config/reports?lang=es [36m304[0m 104.717 ms - -[0m
[0mGET /images/process/report2.png [36m304[0m 13.589 ms - -[0m
[0mGET /images/process/team2.png [36m304[0m 11.734 ms - -[0m
[0mGET /css/production/operators.css [36m304[0m 11.704 ms - -[0m
[0mGET /js/production/reports.js [36m304[0m 6.433 ms - -[0m
[0mGET /js/jquery/jquery.form.min.js [36m304[0m 2.609 ms - -[0m
[0mGET /js/production/photos.js [36m304[0m 4.937 ms - -[0m
[0mGET /js/datatables/languaje/Spanish.json [36m304[0m 3.580 ms - -[0m
[0mGET /css/datatables/DataTables-1.10.18/images/sort_both.png [36m304[0m 3.258 ms - -[0m
[0mGET /css/datatables/DataTables-1.10.18/images/sort_asc.png [36m304[0m 6.066 ms - -[0m
[0mGET /tables/reports?&_=1701989385876 [32m200[0m 7.244 ms - 2301[0m
[0mGET /inicio?lang=es [36m304[0m 49.286 ms - -[0m
[0mGET /css/datatables/dataTables.css [36m304[0m 10.617 ms - -[0m
[0mGET /css/datatables/responsive.dataTables.min.css [36m304[0m 7.382 ms - -[0m
[0mGET /css/bootstrap/bootstrap.min.css [36m304[0m 6.207 ms - -[0m
[0mGET /css/sidebar/style.css [36m304[0m 7.466 ms - -[0m
[0mGET /css/datetime/tempusdominus-bootstrap-4.min.css [36m304[0m 7.053 ms - -[0m
[0mGET /css/inicio.css [36m304[0m 11.757 ms - -[0m
[0mGET /css/keyboard/index.css [36m304[0m 9.948 ms - -[0m
[0mGET /css/reports.css [36m304[0m 11.636 ms - -[0m
[0mGET /css/production/production.css [36m304[0m 10.637 ms - -[0m
[0mGET /js/jquery/jquery-3.3.1.min.js [36m304[0m 10.061 ms - -[0m
[0mGET /logo.png [36m304[0m 9.515 ms - -[0m
[0mGET /js/bootstrap/jquery/popper.min.js [36m304[0m 7.422 ms - -[0m
[0mGET /js/bootstrap/bootstrap.min.js [36m304[0m 6.107 ms - -[0m
[0mGET /js/calendar/lib/moment.min.js [36m304[0m 5.151 ms - -[0m
[0mGET /js/calendar/lib/locale/es.js [36m304[0m 8.001 ms - -[0m
[0mGET /js/calendar/lib/locale/ja.js [36m304[0m 6.864 ms - -[0m
[0mGET /js/datatables/dataTables.min.js [36m304[0m 4.044 ms - -[0m
[0mGET /js/datatables/dataTables.responsive.min.js [36m304[0m 3.583 ms - -[0m
[0mGET /js/datetime/tempusdominus-bootstrap-4.min.js [36m304[0m 2.704 ms - -[0m
[0mGET /js/datatables/jszip/jszip.min.js [36m304[0m 2.714 ms - -[0m
[0mGET /js/datatables/pdfmake/vfs_fonts.js [36m304[0m 4.832 ms - -[0m
[0mGET /js/datatables/buttons/buttons.html5.min.js [36m304[0m 3.718 ms - -[0m
[0mGET /js/validation/bootstrap-notify.min.js [36m304[0m 7.060 ms - -[0m
[0mGET /js/production/cropme.js [36m304[0m 4.125 ms - -[0m
[0mGET /js/production.js [36m304[0m 3.692 ms - -[0m
[0mGET /inicio?lang=es [36m304[0m 168.013 ms - -[0m
[0mGET /css/datatables/dataTables.css [36m304[0m 14.875 ms - -[0m
[0mGET /css/datatables/responsive.dataTables.min.css [36m304[0m 14.776 ms - -[0m
[0mGET /css/bootstrap/bootstrap.min.css [36m304[0m 15.368 ms - -[0m
[0mGET /css/sidebar/style.css [36m304[0m 11.281 ms - -[0m
[0mGET /css/datetime/tempusdominus-bootstrap-4.min.css [36m304[0m 11.190 ms - -[0m
[0mGET /css/inicio.css [36m304[0m 6.935 ms - -[0m
[0mGET /css/reports.css [36m304[0m 5.232 ms - -[0m
[0mGET /css/production/production.css [36m304[0m 4.463 ms - -[0m
[0mGET /css/keyboard/index.css [36m304[0m 10.505 ms - -[0m
[0mGET /js/jquery/jquery-3.3.1.min.js [36m304[0m 10.816 ms - -[0m
[0mGET /logo.png [36m304[0m 9.069 ms - -[0m
[0mGET /js/bootstrap/jquery/popper.min.js [36m304[0m 9.489 ms - -[0m
[0mGET /js/bootstrap/bootstrap.min.js [36m304[0m 10.747 ms - -[0m
[0mGET /js/calendar/lib/locale/es.js [36m304[0m 10.229 ms - -[0m
[0mGET /js/calendar/lib/moment.min.js [36m304[0m 8.353 ms - -[0m
[0mGET /js/calendar/lib/locale/ja.js [36m304[0m 7.884 ms - -[0m
[0mGET /js/datatables/dataTables.min.js [36m304[0m 9.360 ms - -[0m
[0mGET /js/datatables/dataTables.responsive.min.js [36m304[0m 8.806 ms - -[0m
[0mGET /js/datetime/tempusdominus-bootstrap-4.min.js [36m304[0m 3.587 ms - -[0m
[0mGET /js/datatables/jszip/jszip.min.js [36m304[0m 8.344 ms - -[0m
[0mGET /js/datatables/pdfmake/vfs_fonts.js [36m304[0m 7.824 ms - -[0m
[0mGET /js/datatables/buttons/buttons.html5.min.js [36m304[0m 3.594 ms - -[0m
[0mGET /js/validation/bootstrap-notify.min.js [36m304[0m 6.093 ms - -[0m
[0mGET /js/production.js [36m304[0m 5.336 ms - -[0m
[0mGET /js/production/cropme.js [36m304[0m 5.426 ms - -[0m
[ { name: 'Admin' } ]
[0mGET /config/reports?lang=es [36m304[0m 211.870 ms - -[0m
[0mGET /css/production/operators.css [36m304[0m 4.215 ms - -[0m
[0mGET /js/production/reports.js [36m304[0m 2.929 ms - -[0m
[0mGET /js/jquery/jquery.form.min.js [36m304[0m 4.880 ms - -[0m
[0mGET /js/production/photos.js [36m304[0m 4.887 ms - -[0m
[0mGET /images/process/team2.png [36m304[0m 7.997 ms - -[0m
[0mGET /images/process/report2.png [36m304[0m 7.750 ms - -[0m
[0mGET /js/datatables/languaje/Spanish.json [36m304[0m 4.103 ms - -[0m
[0mGET /css/datatables/DataTables-1.10.18/images/sort_both.png [36m304[0m 15.637 ms - -[0m
[0mGET /css/datatables/DataTables-1.10.18/images/sort_asc.png [36m304[0m 6.995 ms - -[0m
[0mGET /tables/reports?&_=1702045296170 [32m200[0m 26.758 ms - 2301[0m
[0mGET /inicio?lang=es [36m304[0m 119.913 ms - -[0m
[0mGET /css/datatables/dataTables.css [36m304[0m 18.267 ms - -[0m
[0mGET /css/datatables/responsive.dataTables.min.css [36m304[0m 15.596 ms - -[0m
[0mGET /css/bootstrap/bootstrap.min.css [36m304[0m 16.619 ms - -[0m
[0mGET /css/sidebar/style.css [36m304[0m 19.206 ms - -[0m
[0mGET /css/datetime/tempusdominus-bootstrap-4.min.css [36m304[0m 18.925 ms - -[0m
[0mGET /css/inicio.css [36m304[0m 16.603 ms - -[0m
[0mGET /css/reports.css [36m304[0m 6.091 ms - -[0m
[0mGET /css/production/production.css [36m304[0m 3.729 ms - -[0m
[0mGET /css/keyboard/index.css [36m304[0m 8.530 ms - -[0m
[0mGET /js/jquery/jquery-3.3.1.min.js [36m304[0m 4.427 ms - -[0m
[0mGET /logo.png [36m304[0m 5.973 ms - -[0m
[0mGET /js/bootstrap/jquery/popper.min.js [36m304[0m 7.560 ms - -[0m
[0mGET /js/bootstrap/bootstrap.min.js [36m304[0m 7.222 ms - -[0m
[0mGET /js/calendar/lib/moment.min.js [36m304[0m 9.006 ms - -[0m
[0mGET /js/calendar/lib/locale/es.js [36m304[0m 7.263 ms - -[0m
[0mGET /js/calendar/lib/locale/ja.js [36m304[0m 4.331 ms - -[0m
[0mGET /js/datatables/dataTables.min.js [36m304[0m 4.717 ms - -[0m
[0mGET /js/datatables/dataTables.responsive.min.js [36m304[0m 3.294 ms - -[0m
[0mGET /js/datetime/tempusdominus-bootstrap-4.min.js [36m304[0m 3.416 ms - -[0m
[0mGET /js/datatables/jszip/jszip.min.js [36m304[0m 9.270 ms - -[0m
[0mGET /js/datatables/pdfmake/vfs_fonts.js [36m304[0m 10.173 ms - -[0m
[0mGET /js/datatables/buttons/buttons.html5.min.js [36m304[0m 8.225 ms - -[0m
[0mGET /js/validation/bootstrap-notify.min.js [36m304[0m 9.454 ms - -[0m
[0mGET /js/production/cropme.js [36m304[0m 5.665 ms - -[0m
[0mGET /js/production.js [36m304[0m 5.525 ms - -[0m
[ { name: 'Admin' } ]
[0mGET /config/reports?lang=es [36m304[0m 145.018 ms - -[0m
[0mGET /css/production/operators.css [36m304[0m 8.401 ms - -[0m
[0mGET /js/production/reports.js [36m304[0m 3.806 ms - -[0m
[0mGET /js/jquery/jquery.form.min.js [36m304[0m 4.339 ms - -[0m
[0mGET /js/production/photos.js [36m304[0m 4.271 ms - -[0m
[0mGET /images/process/report2.png [36m304[0m 8.312 ms - -[0m
[0mGET /images/process/team2.png [36m304[0m 6.979 ms - -[0m
[0mGET /js/datatables/languaje/Spanish.json [36m304[0m 4.639 ms - -[0m
[0mGET /css/datatables/DataTables-1.10.18/images/sort_both.png [36m304[0m 7.473 ms - -[0m
[0mGET /css/datatables/DataTables-1.10.18/images/sort_asc.png [36m304[0m 6.981 ms - -[0m
[0mGET /tables/reports?&_=1702076522099 [32m200[0m 16.643 ms - 2301[0m
[0mGET /inicio?lang=es [36m304[0m 378.059 ms - -[0m
[0mGET /css/datatables/dataTables.css [36m304[0m 15.026 ms - -[0m
[0mGET /css/datatables/responsive.dataTables.min.css [36m304[0m 14.421 ms - -[0m
[0mGET /css/bootstrap/bootstrap.min.css [36m304[0m 17.034 ms - -[0m
[0mGET /css/datetime/tempusdominus-bootstrap-4.min.css [36m304[0m 15.217 ms - -[0m
[0mGET /css/sidebar/style.css [36m304[0m 15.189 ms - -[0m
[0mGET /css/inicio.css [36m304[0m 14.632 ms - -[0m
[0mGET /css/production/production.css [36m304[0m 4.935 ms - -[0m
[0mGET /css/reports.css [36m304[0m 3.700 ms - -[0m
[0mGET /js/jquery/jquery-3.3.1.min.js [36m304[0m 5.295 ms - -[0m
[0mGET /css/keyboard/index.css [36m304[0m 14.074 ms - -[0m
[0mGET /logo.png [36m304[0m 4.543 ms - -[0m
[0mGET /js/bootstrap/jquery/popper.min.js [36m304[0m 6.143 ms - -[0m
[0mGET /js/bootstrap/bootstrap.min.js [36m304[0m 2.433 ms - -[0m
[0mGET /js/calendar/lib/moment.min.js [36m304[0m 8.008 ms - -[0m
[0mGET /js/calendar/lib/locale/ja.js [36m304[0m 5.281 ms - -[0m
[0mGET /js/calendar/lib/locale/es.js [36m304[0m 6.616 ms - -[0m
[0mGET /js/datetime/tempusdominus-bootstrap-4.min.js [36m304[0m 5.365 ms - -[0m
[0mGET /js/datatables/dataTables.min.js [36m304[0m 7.144 ms - -[0m
[0mGET /js/datatables/dataTables.responsive.min.js [36m304[0m 6.917 ms - -[0m
[0mGET /js/datatables/jszip/jszip.min.js [36m304[0m 3.156 ms - -[0m
[0mGET /js/datatables/pdfmake/vfs_fonts.js [36m304[0m 15.252 ms - -[0m
[0mGET /js/datatables/buttons/buttons.html5.min.js [36m304[0m 11.909 ms - -[0m
[0mGET /js/validation/bootstrap-notify.min.js [36m304[0m 12.613 ms - -[0m
[0mGET /js/production.js [36m304[0m 11.384 ms - -[0m
[0mGET /js/production/cropme.js [36m304[0m 12.508 ms - -[0m
[0mGET /favicon.ico [36m304[0m 5.074 ms - -[0m
[ { name: 'Admin' } ]
[0mGET /config/reports?lang=es [36m304[0m 229.613 ms - -[0m
[0mGET /css/production/operators.css [36m304[0m 8.219 ms - -[0m
[0mGET /js/production/reports.js [36m304[0m 6.524 ms - -[0m
[0mGET /js/jquery/jquery.form.min.js [36m304[0m 5.136 ms - -[0m
[0mGET /js/production/photos.js [36m304[0m 6.416 ms - -[0m
[0mGET /images/process/report2.png [36m304[0m 12.368 ms - -[0m
[0mGET /images/process/team2.png [36m304[0m 11.929 ms - -[0m
[0mGET /js/datatables/languaje/Spanish.json [36m304[0m 5.821 ms - -[0m
[0mGET /css/datatables/DataTables-1.10.18/images/sort_both.png [36m304[0m 12.177 ms - -[0m
[0mGET /css/datatables/DataTables-1.10.18/images/sort_asc.png [36m304[0m 5.416 ms - -[0m
[0mGET /tables/reports?&_=1702483053819 [32m200[0m 40.973 ms - 2301[0m
[0mGET /inicio?lang=es [36m304[0m 130.589 ms - -[0m
[0mGET /css/datatables/dataTables.css [36m304[0m 17.198 ms - -[0m
[0mGET /css/datatables/responsive.dataTables.min.css [36m304[0m 17.064 ms - -[0m
[0mGET /css/sidebar/style.css [36m304[0m 29.033 ms - -[0m
[0mGET /css/bootstrap/bootstrap.min.css [36m304[0m 29.233 ms - -[0m
[0mGET /css/datetime/tempusdominus-bootstrap-4.min.css [36m304[0m 27.424 ms - -[0m
[0mGET /css/inicio.css [36m304[0m 34.061 ms - -[0m
[0mGET /css/reports.css [36m304[0m 15.587 ms - -[0m
[0mGET /css/production/production.css [36m304[0m 8.806 ms - -[0m
[0mGET /js/jquery/jquery-3.3.1.min.js [36m304[0m 5.409 ms - -[0m
[0mGET /logo.png [36m304[0m 5.751 ms - -[0m
[0mGET /css/keyboard/index.css [36m304[0m 24.427 ms - -[0m
[0mGET /js/bootstrap/jquery/popper.min.js [36m304[0m 4.663 ms - -[0m
[0mGET /js/bootstrap/bootstrap.min.js [36m304[0m 4.719 ms - -[0m
[0mGET /js/calendar/lib/moment.min.js [36m304[0m 13.952 ms - -[0m
[0mGET /js/calendar/lib/locale/es.js [36m304[0m 15.166 ms - -[0m
[0mGET /js/calendar/lib/locale/ja.js [36m304[0m 13.339 ms - -[0m
[0mGET /js/datatables/dataTables.min.js [36m304[0m 13.336 ms - -[0m
[0mGET /js/datetime/tempusdominus-bootstrap-4.min.js [36m304[0m 10.466 ms - -[0m
[0mGET /js/datatables/dataTables.responsive.min.js [36m304[0m 11.851 ms - -[0m
[0mGET /js/datatables/jszip/jszip.min.js [36m304[0m 13.188 ms - -[0m
[0mGET /js/datatables/buttons/buttons.html5.min.js [36m304[0m 18.452 ms - -[0m
[0mGET /js/datatables/pdfmake/vfs_fonts.js [36m304[0m 19.644 ms - -[0m
[0mGET /js/production/cropme.js [36m304[0m 19.259 ms - -[0m
[0mGET /js/production.js [36m304[0m 18.474 ms - -[0m
[0mGET /js/validation/bootstrap-notify.min.js [36m304[0m 20.294 ms - -[0m
[0mGET /favicon.ico [36m304[0m 4.588 ms - -[0m
[ { name: 'Admin' } ]
[0mGET /config/reports?lang=es [36m304[0m 156.675 ms - -[0m
[0mGET /css/production/operators.css [36m304[0m 2.965 ms - -[0m
[0mGET /js/production/reports.js [36m304[0m 3.075 ms - -[0m
[0mGET /js/jquery/jquery.form.min.js [36m304[0m 2.504 ms - -[0m
[0mGET /js/production/photos.js [36m304[0m 3.240 ms - -[0m
[0mGET /images/process/report2.png [36m304[0m 8.976 ms - -[0m
[0mGET /images/process/team2.png [36m304[0m 7.505 ms - -[0m
[0mGET /js/datatables/languaje/Spanish.json [36m304[0m 2.867 ms - -[0m
[0mGET /css/datatables/DataTables-1.10.18/images/sort_both.png [36m304[0m 9.854 ms - -[0m
[0mGET /css/datatables/DataTables-1.10.18/images/sort_asc.png [36m304[0m 4.615 ms - -[0m
[0mGET /tables/reports?&_=1702493629467 [32m200[0m 6.395 ms - 2301[0m
[0mGET /inicio?lang=es [36m304[0m 69.230 ms - -[0m
[0mGET /css/datatables/dataTables.css [36m304[0m 5.592 ms - -[0m
[0mGET /css/datatables/responsive.dataTables.min.css [36m304[0m 13.614 ms - -[0m
[0mGET /css/datetime/tempusdominus-bootstrap-4.min.css [36m304[0m 12.253 ms - -[0m
[0mGET /css/reports.css [36m304[0m 15.056 ms - -[0m
[0mGET /css/bootstrap/bootstrap.min.css [36m304[0m 14.700 ms - -[0m
[0mGET /css/sidebar/style.css [36m304[0m 14.340 ms - -[0m
[0mGET /css/inicio.css [36m304[0m 14.836 ms - -[0m
[0mGET /css/keyboard/index.css [36m304[0m 3.460 ms - -[0m
[0mGET /css/production/production.css [36m304[0m 2.304 ms - -[0m
[0mGET /js/jquery/jquery-3.3.1.min.js [36m304[0m 5.807 ms - -[0m
[0mGET /logo.png [36m304[0m 5.566 ms - -[0m
[0mGET /js/bootstrap/jquery/popper.min.js [36m304[0m 7.442 ms - -[0m
[0mGET /js/bootstrap/bootstrap.min.js [36m304[0m 8.469 ms - -[0m
[0mGET /js/calendar/lib/moment.min.js [36m304[0m 7.260 ms - -[0m
[0mGET /js/calendar/lib/locale/es.js [36m304[0m 3.978 ms - -[0m
[0mGET /js/datatables/dataTables.min.js [36m304[0m 5.303 ms - -[0m
[0mGET /js/calendar/lib/locale/ja.js [36m304[0m 6.061 ms - -[0m
[0mGET /js/datatables/dataTables.responsive.min.js [36m304[0m 6.235 ms - -[0m
[0mGET /js/datatables/pdfmake/vfs_fonts.js [36m304[0m 7.211 ms - -[0m
[0mGET /js/datatables/jszip/jszip.min.js [36m304[0m 7.039 ms - -[0m
[0mGET /js/datetime/tempusdominus-bootstrap-4.min.js [36m304[0m 6.881 ms - -[0m
[0mGET /js/datatables/buttons/buttons.html5.min.js [36m304[0m 9.841 ms - -[0m
[0mGET /js/validation/bootstrap-notify.min.js [36m304[0m 8.165 ms - -[0m
[0mGET /js/production/cropme.js [36m304[0m 6.951 ms - -[0m
[0mGET /js/production.js [36m304[0m 3.643 ms - -[0m
[0mGET /favicon.ico [36m304[0m 4.474 ms - -[0m
[ { name: 'Admin' } ]
[0mGET /config/reports?lang=es [36m304[0m 116.504 ms - -[0m
[0mGET /images/process/team2.png [36m304[0m 8.702 ms - -[0m
[0mGET /images/process/report2.png [36m304[0m 7.994 ms - -[0m
[0mGET /css/production/operators.css [36m304[0m 7.882 ms - -[0m
[0mGET /js/production/reports.js [36m304[0m 7.283 ms - -[0m
[0mGET /js/jquery/jquery.form.min.js [36m304[0m 3.752 ms - -[0m
[0mGET /js/production/photos.js [36m304[0m 4.816 ms - -[0m
[0mGET /js/datatables/languaje/Spanish.json [36m304[0m 4.499 ms - -[0m
[0mGET /css/datatables/DataTables-1.10.18/images/sort_both.png [36m304[0m 3.191 ms - -[0m
[0mGET /css/datatables/DataTables-1.10.18/images/sort_asc.png [36m304[0m 2.550 ms - -[0m
[0mGET /tables/reports?&_=1702493739346 [32m200[0m 5.297 ms - 2301[0m
[Object: null prototype] {
  report: 'c19',
  Id: '',
  auditoria: 'sdcv',
  proceso: 'sdcdv',
  planta: '1',
  titulo: 'scdvrgv',
  hallazgo: 'NCM',
  area: 'M30',
  fecha: '2023-12-13',
  fechaC: '2023-12-29',
  hn: 'tgyhujikop',
  sr: 'hinjomk,pl.´ñ+',
  de: 'sdferfr'
}
RequestError: An explicit value for the identity column in table 'reports' can only be specified when a column list is used and IDENTITY_INSERT is ON.
    at RequestError (C:\Web\base\node_modules\tedious-connection-pool\node_modules\tedious\lib\errors.js:34:12)
    at Parser.<anonymous> (C:\Web\base\node_modules\tedious-connection-pool\node_modules\tedious\lib\connection.js:349:36)
    at Parser.emit (events.js:315:20)
    at Parser.<anonymous> (C:\Web\base\node_modules\tedious-connection-pool\node_modules\tedious\lib\token\token-stream-parser.js:54:15)
    at Parser.emit (events.js:315:20)
    at addChunk (C:\Web\base\node_modules\tedious-connection-pool\node_modules\readable-stream\lib\_stream_readable.js:291:12)
    at readableAddChunk (C:\Web\base\node_modules\tedious-connection-pool\node_modules\readable-stream\lib\_stream_readable.js:278:11)
    at Parser.Readable.push (C:\Web\base\node_modules\tedious-connection-pool\node_modules\readable-stream\lib\_stream_readable.js:245:10)
    at Parser.Transform.push (C:\Web\base\node_modules\tedious-connection-pool\node_modules\readable-stream\lib\_stream_transform.js:148:32)
    at doneParsing (C:\Web\base\node_modules\tedious-connection-pool\node_modules\tedious\lib\token\stream-parser.js:102:18) {
  code: 'EREQUEST',
  number: 8101,
  state: 1,
  class: 16,
  serverName: 'NPMS16\\SQL19',
  procName: '',
  lineNumber: 1
}
[0mPOST /config/report [32m200[0m 77.149 ms - 290[0m
[Object: null prototype] {
  report: 'c19',
  Id: '',
  auditoria: 'sdcv',
  proceso: 'sdcdv',
  planta: '1',
  titulo: 'scdvrgv',
  hallazgo: 'NCM',
  area: 'M30',
  fecha: '2023-12-13',
  fechaC: '2023-12-29',
  hn: 'tgyhujikop',
  sr: 'dfggg',
  de: 'sdferfr'
}
RequestError: An explicit value for the identity column in table 'reports' can only be specified when a column list is used and IDENTITY_INSERT is ON.
    at RequestError (C:\Web\base\node_modules\tedious-connection-pool\node_modules\tedious\lib\errors.js:34:12)
    at Parser.<anonymous> (C:\Web\base\node_modules\tedious-connection-pool\node_modules\tedious\lib\connection.js:349:36)
    at Parser.emit (events.js:315:20)
    at Parser.<anonymous> (C:\Web\base\node_modules\tedious-connection-pool\node_modules\tedious\lib\token\token-stream-parser.js:54:15)
    at Parser.emit (events.js:315:20)
    at addChunk (C:\Web\base\node_modules\tedious-connection-pool\node_modules\readable-stream\lib\_stream_readable.js:291:12)
    at readableAddChunk (C:\Web\base\node_modules\tedious-connection-pool\node_modules\readable-stream\lib\_stream_readable.js:278:11)
    at Parser.Readable.push (C:\Web\base\node_modules\tedious-connection-pool\node_modules\readable-stream\lib\_stream_readable.js:245:10)
    at Parser.Transform.push (C:\Web\base\node_modules\tedious-connection-pool\node_modules\readable-stream\lib\_stream_transform.js:148:32)
    at doneParsing (C:\Web\base\node_modules\tedious-connection-pool\node_modules\tedious\lib\token\stream-parser.js:102:18) {
  code: 'EREQUEST',
  number: 8101,
  state: 1,
  class: 16,
  serverName: 'NPMS16\\SQL19',
  procName: '',
  lineNumber: 1
}
[0mPOST /config/report [32m200[0m 8.433 ms - 290[0m
[0mGET /inicio?lang=es [36m304[0m 65.535 ms - -[0m
[0mGET /css/datatables/dataTables.css [36m304[0m 12.091 ms - -[0m
[0mGET /css/datatables/responsive.dataTables.min.css [36m304[0m 10.425 ms - -[0m
[0mGET /css/bootstrap/bootstrap.min.css [36m304[0m 11.039 ms - -[0m
[0mGET /css/sidebar/style.css [36m304[0m 10.611 ms - -[0m
[0mGET /css/inicio.css [36m304[0m 9.768 ms - -[0m
[0mGET /css/datetime/tempusdominus-bootstrap-4.min.css [36m304[0m 9.662 ms - -[0m
[0mGET /css/reports.css [36m304[0m 2.955 ms - -[0m
[0mGET /css/keyboard/index.css [36m304[0m 3.068 ms - -[0m
[0mGET /css/production/production.css [36m304[0m 5.074 ms - -[0m
[0mGET /js/jquery/jquery-3.3.1.min.js [36m304[0m 4.111 ms - -[0m
[0mGET /logo.png [36m304[0m 6.391 ms - -[0m
[0mGET /js/bootstrap/jquery/popper.min.js [36m304[0m 5.047 ms - -[0m
[0mGET /js/bootstrap/bootstrap.min.js [36m304[0m 5.268 ms - -[0m
[0mGET /js/calendar/lib/moment.min.js [36m304[0m 5.098 ms - -[0m
[0mGET /js/calendar/lib/locale/es.js [36m304[0m 3.101 ms - -[0m
[0mGET /js/calendar/lib/locale/ja.js [36m304[0m 3.641 ms - -[0m
[0mGET /js/datatables/dataTables.min.js [36m304[0m 13.967 ms - -[0m
[0mGET /js/datatables/dataTables.responsive.min.js [36m304[0m 14.765 ms - -[0m
[0mGET /js/datetime/tempusdominus-bootstrap-4.min.js [36m304[0m 14.878 ms - -[0m
[0mGET /js/datatables/jszip/jszip.min.js [36m304[0m 14.252 ms - -[0m
[0mGET /js/datatables/buttons/buttons.html5.min.js [36m304[0m 12.790 ms - -[0m
[0mGET /js/datatables/pdfmake/vfs_fonts.js [36m304[0m 12.134 ms - -[0m
[0mGET /js/validation/bootstrap-notify.min.js [36m304[0m 7.980 ms - -[0m
[0mGET /js/production/cropme.js [36m304[0m 5.108 ms - -[0m
[0mGET /js/production.js [36m304[0m 3.701 ms - -[0m
[0mGET /favicon.ico [36m304[0m 4.550 ms - -[0m
[ { name: 'Admin' } ]
[0mGET /config/reports?lang=es [32m200[0m 110.384 ms - 14288[0m
[0mGET /css/production/operators.css [36m304[0m 12.934 ms - -[0m
[0mGET /js/production/reports.js [36m304[0m 12.609 ms - -[0m
[0mGET /images/process/team2.png [36m304[0m 8.503 ms - -[0m
[0mGET /images/process/report2.png [36m304[0m 8.942 ms - -[0m
[0mGET /js/jquery/jquery.form.min.js [36m304[0m 3.892 ms - -[0m
[0mGET /js/production/photos.js [36m304[0m 3.697 ms - -[0m
[0mGET /js/datatables/languaje/Spanish.json [36m304[0m 5.649 ms - -[0m
[0mGET /css/datatables/DataTables-1.10.18/images/sort_both.png [36m304[0m 8.837 ms - -[0m
[0mGET /css/datatables/DataTables-1.10.18/images/sort_asc.png [36m304[0m 6.787 ms - -[0m
[0mGET /tables/reports?&_=1702493870626 [32m200[0m 9.749 ms - 2301[0m
[Object: null prototype] {
  report: 'dd',
  Id: '',
  auditoria: 'ddd',
  proceso: 'dd',
  planta: '2',
  titulo: 'dd',
  hallazgo: 'NCM',
  area: 'T10',
  fecha: '2023-12-13',
  fechaC: '2023-12-23',
  hn: 'd',
  sr: 'dv',
  de: 'vfv'
}
RequestError: An explicit value for the identity column in table 'reports' can only be specified when a column list is used and IDENTITY_INSERT is ON.
    at RequestError (C:\Web\base\node_modules\tedious-connection-pool\node_modules\tedious\lib\errors.js:34:12)
    at Parser.<anonymous> (C:\Web\base\node_modules\tedious-connection-pool\node_modules\tedious\lib\connection.js:349:36)
    at Parser.emit (events.js:315:20)
    at Parser.<anonymous> (C:\Web\base\node_modules\tedious-connection-pool\node_modules\tedious\lib\token\token-stream-parser.js:54:15)
    at Parser.emit (events.js:315:20)
    at addChunk (C:\Web\base\node_modules\tedious-connection-pool\node_modules\readable-stream\lib\_stream_readable.js:291:12)
    at readableAddChunk (C:\Web\base\node_modules\tedious-connection-pool\node_modules\readable-stream\lib\_stream_readable.js:278:11)
    at Parser.Readable.push (C:\Web\base\node_modules\tedious-connection-pool\node_modules\readable-stream\lib\_stream_readable.js:245:10)
    at Parser.Transform.push (C:\Web\base\node_modules\tedious-connection-pool\node_modules\readable-stream\lib\_stream_transform.js:148:32)
    at doneParsing (C:\Web\base\node_modules\tedious-connection-pool\node_modules\tedious\lib\token\stream-parser.js:102:18) {
  code: 'EREQUEST',
  number: 8101,
  state: 1,
  class: 16,
  serverName: 'NPMS16\\SQL19',
  procName: '',
  lineNumber: 1
}
[0mPOST /config/report [32m200[0m 10.471 ms - 290[0m
[0mGET /inicio?lang=es [36m304[0m 60.129 ms - -[0m
[0mGET /css/datatables/dataTables.css [36m304[0m 9.277 ms - -[0m
[0mGET /css/datatables/responsive.dataTables.min.css [36m304[0m 8.731 ms - -[0m
[0mGET /css/inicio.css [36m304[0m 15.941 ms - -[0m
[0mGET /css/datetime/tempusdominus-bootstrap-4.min.css [36m304[0m 16.645 ms - -[0m
[0mGET /css/sidebar/style.css [36m304[0m 16.367 ms - -[0m
[0mGET /css/bootstrap/bootstrap.min.css [36m304[0m 21.213 ms - -[0m
[0mGET /css/reports.css [36m304[0m 18.875 ms - -[0m
[0mGET /css/keyboard/index.css [36m304[0m 11.733 ms - -[0m
[0mGET /css/production/production.css [36m304[0m 5.345 ms - -[0m
[0mGET /js/jquery/jquery-3.3.1.min.js [36m304[0m 4.454 ms - -[0m
[0mGET /logo.png [36m304[0m 4.950 ms - -[0m
[0mGET /js/bootstrap/jquery/popper.min.js [36m304[0m 6.671 ms - -[0m
[0mGET /js/calendar/lib/moment.min.js [36m304[0m 8.373 ms - -[0m
[0mGET /js/bootstrap/bootstrap.min.js [36m304[0m 7.464 ms - -[0m
[0mGET /js/calendar/lib/locale/es.js [36m304[0m 8.121 ms - -[0m
[0mGET /js/calendar/lib/locale/ja.js [36m304[0m 9.368 ms - -[0m
[0mGET /js/datatables/dataTables.min.js [36m304[0m 8.348 ms - -[0m
[0mGET /js/datatables/dataTables.responsive.min.js [36m304[0m 8.716 ms - -[0m
[0mGET /js/datatables/jszip/jszip.min.js [36m304[0m 5.882 ms - -[0m
[0mGET /js/datetime/tempusdominus-bootstrap-4.min.js [36m304[0m 6.058 ms - -[0m
[0mGET /js/datatables/pdfmake/vfs_fonts.js [36m304[0m 4.990 ms - -[0m
[0mGET /js/datatables/buttons/buttons.html5.min.js [36m304[0m 3.192 ms - -[0m
[0mGET /js/validation/bootstrap-notify.min.js [36m304[0m 2.837 ms - -[0m
[0mGET /js/production/cropme.js [36m304[0m 4.808 ms - -[0m
[0mGET /js/production.js [36m304[0m 4.538 ms - -[0m
[0mGET /favicon.ico [36m304[0m 5.147 ms - -[0m
[ { name: 'Admin' } ]
[0mGET /config/reports?lang=es [32m200[0m 126.100 ms - 14272[0m
[0mGET /images/process/team2.png [36m304[0m 14.927 ms - -[0m
[0mGET /images/process/report2.png [36m304[0m 15.022 ms - -[0m
[0mGET /css/production/operators.css [36m304[0m 14.301 ms - -[0m
[0mGET /js/production/reports.js [32m200[0m 77.279 ms - 22332[0m
[0mGET /js/jquery/jquery.form.min.js [36m304[0m 5.349 ms - -[0m
[0mGET /js/production/photos.js [36m304[0m 4.582 ms - -[0m
[0mGET /js/datatables/languaje/Spanish.json [36m304[0m 4.809 ms - -[0m
[0mGET /css/datatables/DataTables-1.10.18/images/sort_both.png [36m304[0m 4.555 ms - -[0m
[0mGET /css/datatables/DataTables-1.10.18/images/sort_asc.png [36m304[0m 6.823 ms - -[0m
[0mGET /tables/reports?&_=1702494239389 [32m200[0m 10.419 ms - 2301[0m
[Object: null prototype] {
  report: 'sdf',
  Id: '',
  auditoria: 'df',
  proceso: 'df',
  planta: '2',
  titulo: 'frb',
  hallazgo: 'NCm',
  area: 'P20',
  fecha: '2023-12-13',
  fechaC: '2023-12-27',
  hn: 'rg',
  sr: 'gtrg',
  de: 'tgt'
}
RequestError: An explicit value for the identity column in table 'reports' can only be specified when a column list is used and IDENTITY_INSERT is ON.
    at RequestError (C:\Web\base\node_modules\tedious-connection-pool\node_modules\tedious\lib\errors.js:34:12)
    at Parser.<anonymous> (C:\Web\base\node_modules\tedious-connection-pool\node_modules\tedious\lib\connection.js:349:36)
    at Parser.emit (events.js:315:20)
    at Parser.<anonymous> (C:\Web\base\node_modules\tedious-connection-pool\node_modules\tedious\lib\token\token-stream-parser.js:54:15)
    at Parser.emit (events.js:315:20)
    at addChunk (C:\Web\base\node_modules\tedious-connection-pool\node_modules\readable-stream\lib\_stream_readable.js:291:12)
    at readableAddChunk (C:\Web\base\node_modules\tedious-connection-pool\node_modules\readable-stream\lib\_stream_readable.js:278:11)
    at Parser.Readable.push (C:\Web\base\node_modules\tedious-connection-pool\node_modules\readable-stream\lib\_stream_readable.js:245:10)
    at Parser.Transform.push (C:\Web\base\node_modules\tedious-connection-pool\node_modules\readable-stream\lib\_stream_transform.js:148:32)
    at doneParsing (C:\Web\base\node_modules\tedious-connection-pool\node_modules\tedious\lib\token\stream-parser.js:102:18) {
  code: 'EREQUEST',
  number: 8101,
  state: 1,
  class: 16,
  serverName: 'NPMS16\\SQL19',
  procName: '',
  lineNumber: 1
}
[0mPOST /config/report [32m200[0m 8.576 ms - 290[0m
[0mGET /inicio?lang=es [32m200[0m 18.254 ms - 163[0m
[0mGET /favicon.ico [36m304[0m 5.356 ms - -[0m
[0mGET / [36m304[0m 930.659 ms - -[0m
[0mGET /css/bootstrap/bootstrap.min.css [36m304[0m 2.262 ms - -[0m
[0mGET /css/login/style2.css [36m304[0m 4.143 ms - -[0m
[0mGET /css/login/styleLogin.css [36m304[0m 5.093 ms - -[0m
[0mGET /css/login/font-awesome.min.css [36m304[0m 4.505 ms - -[0m
[0mGET /logo.png [36m304[0m 2.091 ms - -[0m
[0mGET /css/login/style.css [36m304[0m 3.297 ms - -[0m
[0mGET /js/login.js [36m304[0m 2.196 ms - -[0m
[ '50191', '12345678' ]
[0mPOST /login [36m302[0m 67.706 ms - 74[0m
[0mGET /inicio?lang=es [32m200[0m 117.320 ms - 3934[0m
[0mGET /css/datatables/dataTables.css [36m304[0m 35.151 ms - -[0m
[0mGET /css/datatables/responsive.dataTables.min.css [36m304[0m 49.083 ms - -[0m
[0mGET /css/bootstrap/bootstrap.min.css [36m304[0m 57.640 ms - -[0m
[0mGET /css/sidebar/style.css [36m304[0m 57.351 ms - -[0m
[0mGET /css/datetime/tempusdominus-bootstrap-4.min.css [36m304[0m 57.086 ms - -[0m
[0mGET /css/inicio.css [36m304[0m 77.611 ms - -[0m
[0mGET /css/reports.css [36m304[0m 50.521 ms - -[0m
[0mGET /css/keyboard/index.css [36m304[0m 38.177 ms - -[0m
[0mGET /css/production/production.css [36m304[0m 31.731 ms - -[0m
[0mGET /logo.png [36m304[0m 29.701 ms - -[0m
[0mGET /js/jquery/jquery-3.3.1.min.js [36m304[0m 47.822 ms - -[0m
[0mGET /js/bootstrap/jquery/popper.min.js [36m304[0m 31.865 ms - -[0m
[0mGET /js/bootstrap/bootstrap.min.js [36m304[0m 38.183 ms - -[0m
[0mGET /js/calendar/lib/moment.min.js [36m304[0m 26.187 ms - -[0m
[0mGET /js/calendar/lib/locale/ja.js [36m304[0m 28.179 ms - -[0m
[0mGET /js/calendar/lib/locale/es.js [36m304[0m 27.980 ms - -[0m
[0mGET /js/datatables/dataTables.responsive.min.js [36m304[0m 31.863 ms - -[0m
[0mGET /js/datatables/dataTables.min.js [36m304[0m 48.247 ms - -[0m
[0mGET /js/datetime/tempusdominus-bootstrap-4.min.js [36m304[0m 37.303 ms - -[0m
[0mGET /js/datatables/jszip/jszip.min.js [36m304[0m 38.634 ms - -[0m
[0mGET /js/datatables/pdfmake/vfs_fonts.js [36m304[0m 37.398 ms - -[0m
[0mGET /js/datatables/buttons/buttons.html5.min.js [36m304[0m 31.788 ms - -[0m
[0mGET /js/validation/bootstrap-notify.min.js [36m304[0m 37.005 ms - -[0m
[0mGET /js/production.js [36m304[0m 28.151 ms - -[0m
[0mGET /js/production/cropme.js [36m304[0m 31.640 ms - -[0m
[ { name: 'Admin' } ]
[0mGET /config/reports?lang=es [36m304[0m 208.136 ms - -[0m
[0mGET /images/process/team2.png [36m304[0m 23.059 ms - -[0m
[0mGET /images/process/report2.png [36m304[0m 33.286 ms - -[0m
[0mGET /js/production/reports.js [36m304[0m 28.819 ms - -[0m
[0mGET /css/production/operators.css [36m304[0m 30.523 ms - -[0m
[0mGET /js/jquery/jquery.form.min.js [36m304[0m 18.012 ms - -[0m
[0mGET /js/production/photos.js [36m304[0m 10.005 ms - -[0m
[0mGET /js/datatables/languaje/Spanish.json [36m304[0m 18.711 ms - -[0m
[0mGET /css/datatables/DataTables-1.10.18/images/sort_both.png [36m304[0m 33.371 ms - -[0m
[0mGET /css/datatables/DataTables-1.10.18/images/sort_asc.png [36m304[0m 20.181 ms - -[0m
[0mGET /tables/reports?&_=1702494388019 [32m200[0m 23.443 ms - 2301[0m
[Object: null prototype] {
  report: 'sdf',
  Id: '',
  auditoria: 'efr',
  proceso: 's',
  planta: '1',
  titulo: 'frf',
  hallazgo: 'NCm',
  area: 'M10',
  fecha: '2023-12-13',
  fechaC: '2023-12-13',
  hn: 'frv',
  sr: 'vrv',
  de: 'rvr'
}
RequestError: An explicit value for the identity column in table 'reports' can only be specified when a column list is used and IDENTITY_INSERT is ON.
    at RequestError (C:\Web\base\node_modules\tedious-connection-pool\node_modules\tedious\lib\errors.js:34:12)
    at Parser.<anonymous> (C:\Web\base\node_modules\tedious-connection-pool\node_modules\tedious\lib\connection.js:349:36)
    at Parser.emit (events.js:315:20)
    at Parser.<anonymous> (C:\Web\base\node_modules\tedious-connection-pool\node_modules\tedious\lib\token\token-stream-parser.js:54:15)
    at Parser.emit (events.js:315:20)
    at addChunk (C:\Web\base\node_modules\tedious-connection-pool\node_modules\readable-stream\lib\_stream_readable.js:291:12)
    at readableAddChunk (C:\Web\base\node_modules\tedious-connection-pool\node_modules\readable-stream\lib\_stream_readable.js:278:11)
    at Parser.Readable.push (C:\Web\base\node_modules\tedious-connection-pool\node_modules\readable-stream\lib\_stream_readable.js:245:10)
    at Parser.Transform.push (C:\Web\base\node_modules\tedious-connection-pool\node_modules\readable-stream\lib\_stream_transform.js:148:32)
    at doneParsing (C:\Web\base\node_modules\tedious-connection-pool\node_modules\tedious\lib\token\stream-parser.js:102:18) {
  code: 'EREQUEST',
  number: 8101,
  state: 1,
  class: 16,
  serverName: 'NPMS16\\SQL19',
  procName: '',
  lineNumber: 1
}
[0mPOST /config/report [32m200[0m 52.156 ms - 290[0m
[Object: null prototype] {
  report: 'sdf',
  Id: '',
  auditoria: 'efr',
  proceso: 's',
  planta: '1',
  titulo: 'frf',
  hallazgo: 'NCm',
  area: 'M10',
  fecha: '2023-12-13',
  fechaC: '2023-12-13',
  hn: 'frv',
  sr: 'vrv',
  de: 'rvr'
}
RequestError: An explicit value for the identity column in table 'reports' can only be specified when a column list is used and IDENTITY_INSERT is ON.
    at RequestError (C:\Web\base\node_modules\tedious-connection-pool\node_modules\tedious\lib\errors.js:34:12)
    at Parser.<anonymous> (C:\Web\base\node_modules\tedious-connection-pool\node_modules\tedious\lib\connection.js:349:36)
    at Parser.emit (events.js:315:20)
    at Parser.<anonymous> (C:\Web\base\node_modules\tedious-connection-pool\node_modules\tedious\lib\token\token-stream-parser.js:54:15)
    at Parser.emit (events.js:315:20)
    at addChunk (C:\Web\base\node_modules\tedious-connection-pool\node_modules\readable-stream\lib\_stream_readable.js:291:12)
    at readableAddChunk (C:\Web\base\node_modules\tedious-connection-pool\node_modules\readable-stream\lib\_stream_readable.js:278:11)
    at Parser.Readable.push (C:\Web\base\node_modules\tedious-connection-pool\node_modules\readable-stream\lib\_stream_readable.js:245:10)
    at Parser.Transform.push (C:\Web\base\node_modules\tedious-connection-pool\node_modules\readable-stream\lib\_stream_transform.js:148:32)
    at doneParsing (C:\Web\base\node_modules\tedious-connection-pool\node_modules\tedious\lib\token\stream-parser.js:102:18) {
  code: 'EREQUEST',
  number: 8101,
  state: 1,
  class: 16,
  serverName: 'NPMS16\\SQL19',
  procName: '',
  lineNumber: 1
}
[0mPOST /config/report [32m200[0m 44.337 ms - 290[0m
[0mGET /inicio?lang=es [36m304[0m 114.665 ms - -[0m
[0mGET /css/datatables/dataTables.css [36m304[0m 41.108 ms - -[0m
[0mGET /css/datatables/responsive.dataTables.min.css [36m304[0m 45.867 ms - -[0m
[0mGET /css/bootstrap/bootstrap.min.css [36m304[0m 76.664 ms - -[0m
[0mGET /css/sidebar/style.css [36m304[0m 70.882 ms - -[0m
[0mGET /css/datetime/tempusdominus-bootstrap-4.min.css [36m304[0m 70.495 ms - -[0m
[0mGET /css/inicio.css [36m304[0m 82.269 ms - -[0m
[0mGET /css/reports.css [36m304[0m 46.404 ms - -[0m
[0mGET /css/keyboard/index.css [36m304[0m 47.262 ms - -[0m
[0mGET /css/production/production.css [36m304[0m 37.217 ms - -[0m
[0mGET /js/jquery/jquery-3.3.1.min.js [36m304[0m 36.977 ms - -[0m
[0mGET /logo.png [36m304[0m 42.381 ms - -[0m
[0mGET /js/bootstrap/jquery/popper.min.js [36m304[0m 44.979 ms - -[0m
[0mGET /js/bootstrap/bootstrap.min.js [36m304[0m 44.837 ms - -[0m
[0mGET /js/calendar/lib/moment.min.js [36m304[0m 36.449 ms - -[0m
[0mGET /js/calendar/lib/locale/ja.js [36m304[0m 28.639 ms - -[0m
[0mGET /js/calendar/lib/locale/es.js [36m304[0m 28.441 ms - -[0m
[0mGET /js/datatables/dataTables.min.js [36m304[0m 29.359 ms - -[0m
[0mGET /js/datatables/dataTables.responsive.min.js [36m304[0m 26.062 ms - -[0m
[0mGET /js/datetime/tempusdominus-bootstrap-4.min.js [36m304[0m 34.876 ms - -[0m
[0mGET /js/datatables/jszip/jszip.min.js [36m304[0m 39.826 ms - -[0m
[0mGET /js/datatables/pdfmake/vfs_fonts.js [36m304[0m 27.003 ms - -[0m
[0mGET /js/datatables/buttons/buttons.html5.min.js [36m304[0m 36.215 ms - -[0m
[0mGET /js/production/cropme.js [36m304[0m 29.654 ms - -[0m
[0mGET /js/validation/bootstrap-notify.min.js [36m304[0m 29.483 ms - -[0m
[0mGET /js/production.js [36m304[0m 22.507 ms - -[0m
[0mGET /favicon.ico [36m304[0m 17.169 ms - -[0m
[ { name: 'Admin' } ]
[0mGET /config/reports?lang=es [36m304[0m 193.951 ms - -[0m
[0mGET /images/process/report2.png [36m304[0m 35.138 ms - -[0m
[0mGET /css/production/operators.css [36m304[0m 26.224 ms - -[0m
[0mGET /js/production/reports.js [36m304[0m 26.039 ms - -[0m
[0mGET /images/process/team2.png [36m304[0m 29.091 ms - -[0m
[0mGET /js/jquery/jquery.form.min.js [36m304[0m 10.734 ms - -[0m
[0mGET /js/production/photos.js [36m304[0m 18.813 ms - -[0m
[0mGET /js/datatables/languaje/Spanish.json [36m304[0m 20.857 ms - -[0m
[0mGET /css/datatables/DataTables-1.10.18/images/sort_asc.png [36m304[0m 21.341 ms - -[0m
[0mGET /css/datatables/DataTables-1.10.18/images/sort_both.png [36m304[0m 40.857 ms - -[0m
[0mGET /tables/reports?&_=1702495231559 [32m200[0m 26.727 ms - 2301[0m
[Object: null prototype] {
  report: 'sdcf',
  Id: '',
  auditoria: 'sc',
  proceso: 's',
  planta: '1',
  titulo: 'scfv',
  hallazgo: 'NCm',
  area: 'P10',
  fecha: '2023-12-13',
  fechaC: '2023-12-13',
  hn: 'cf',
  sr: 'scf',
  de: 'sc'
}
RequestError: An explicit value for the identity column in table 'reports' can only be specified when a column list is used and IDENTITY_INSERT is ON.
    at RequestError (C:\Web\base\node_modules\tedious-connection-pool\node_modules\tedious\lib\errors.js:34:12)
    at Parser.<anonymous> (C:\Web\base\node_modules\tedious-connection-pool\node_modules\tedious\lib\connection.js:349:36)
    at Parser.emit (events.js:315:20)
    at Parser.<anonymous> (C:\Web\base\node_modules\tedious-connection-pool\node_modules\tedious\lib\token\token-stream-parser.js:54:15)
    at Parser.emit (events.js:315:20)
    at addChunk (C:\Web\base\node_modules\tedious-connection-pool\node_modules\readable-stream\lib\_stream_readable.js:291:12)
    at readableAddChunk (C:\Web\base\node_modules\tedious-connection-pool\node_modules\readable-stream\lib\_stream_readable.js:278:11)
    at Parser.Readable.push (C:\Web\base\node_modules\tedious-connection-pool\node_modules\readable-stream\lib\_stream_readable.js:245:10)
    at Parser.Transform.push (C:\Web\base\node_modules\tedious-connection-pool\node_modules\readable-stream\lib\_stream_transform.js:148:32)
    at doneParsing (C:\Web\base\node_modules\tedious-connection-pool\node_modules\tedious\lib\token\stream-parser.js:102:18) {
  code: 'EREQUEST',
  number: 8101,
  state: 1,
  class: 16,
  serverName: 'NPMS16\\SQL19',
  procName: '',
  lineNumber: 1
}
[0mPOST /config/report [32m200[0m 48.032 ms - 290[0m
[0mGET /inicio?lang=es [32m200[0m 17.638 ms - 163[0m
[0mGET /favicon.ico [36m304[0m 5.335 ms - -[0m
[0mGET / [36m304[0m 345.949 ms - -[0m
[0mGET /css/bootstrap/bootstrap.min.css [36m304[0m 1.653 ms - -[0m
[0mGET /css/login/font-awesome.min.css [36m304[0m 11.532 ms - -[0m
[0mGET /css/login/styleLogin.css [36m304[0m 8.063 ms - -[0m
[0mGET /css/login/style.css [36m304[0m 7.235 ms - -[0m
[0mGET /css/login/style2.css [36m304[0m 8.754 ms - -[0m
[0mGET /js/login.js [36m304[0m 8.036 ms - -[0m
[0mGET /logo.png [36m304[0m 7.415 ms - -[0m
[ '50191', '12345678' ]
[0mPOST /login [36m302[0m 40.617 ms - 74[0m
[0mGET /inicio?lang=es [32m200[0m 113.157 ms - 3934[0m
[0mGET /css/datatables/dataTables.css [36m304[0m 27.286 ms - -[0m
[0mGET /css/bootstrap/bootstrap.min.css [36m304[0m 41.583 ms - -[0m
[0mGET /css/inicio.css [36m304[0m 41.035 ms - -[0m
[0mGET /css/sidebar/style.css [36m304[0m 56.808 ms - -[0m
[0mGET /css/datatables/responsive.dataTables.min.css [36m304[0m 56.319 ms - -[0m
[0mGET /css/datetime/tempusdominus-bootstrap-4.min.css [36m304[0m 55.812 ms - -[0m
[0mGET /css/reports.css [36m304[0m 57.392 ms - -[0m
[0mGET /css/keyboard/index.css [36m304[0m 30.596 ms - -[0m
[0mGET /css/production/production.css [36m304[0m 30.381 ms - -[0m
[0mGET /js/bootstrap/jquery/popper.min.js [36m304[0m 27.087 ms - -[0m
[0mGET /logo.png [36m304[0m 26.856 ms - -[0m
[0mGET /js/jquery/jquery-3.3.1.min.js [36m304[0m 38.734 ms - -[0m
[0mGET /js/bootstrap/bootstrap.min.js [36m304[0m 41.089 ms - -[0m
[0mGET /js/calendar/lib/moment.min.js [36m304[0m 29.145 ms - -[0m
[0mGET /js/calendar/lib/locale/es.js [36m304[0m 36.149 ms - -[0m
[0mGET /js/datatables/dataTables.min.js [36m304[0m 31.622 ms - -[0m
[0mGET /js/calendar/lib/locale/ja.js [36m304[0m 31.418 ms - -[0m
[0mGET /js/datatables/dataTables.responsive.min.js [36m304[0m 38.451 ms - -[0m
[0mGET /js/datatables/jszip/jszip.min.js [36m304[0m 46.009 ms - -[0m
[0mGET /js/datetime/tempusdominus-bootstrap-4.min.js [36m304[0m 45.753 ms - -[0m
[0mGET /js/datatables/pdfmake/vfs_fonts.js [36m304[0m 40.616 ms - -[0m
[0mGET /js/datatables/buttons/buttons.html5.min.js [36m304[0m 34.990 ms - -[0m
[0mGET /js/validation/bootstrap-notify.min.js [36m304[0m 39.570 ms - -[0m
[0mGET /js/production/cropme.js [36m304[0m 24.714 ms - -[0m
[0mGET /js/production.js [36m304[0m 18.053 ms - -[0m
[ { name: 'Admin' } ]
[0mGET /config/reports?lang=es [36m304[0m 204.378 ms - -[0m
[0mGET /images/process/team2.png [36m304[0m 34.319 ms - -[0m
[0mGET /images/process/report2.png [36m304[0m 40.672 ms - -[0m
[0mGET /css/production/operators.css [36m304[0m 40.196 ms - -[0m
[0mGET /js/production/reports.js [36m304[0m 33.447 ms - -[0m
[0mGET /js/jquery/jquery.form.min.js [36m304[0m 10.829 ms - -[0m
[0mGET /js/production/photos.js [36m304[0m 8.929 ms - -[0m
[0mGET /js/datatables/languaje/Spanish.json [36m304[0m 10.980 ms - -[0m
[0mGET /css/datatables/DataTables-1.10.18/images/sort_both.png [36m304[0m 14.457 ms - -[0m
[0mGET /css/datatables/DataTables-1.10.18/images/sort_asc.png [36m304[0m 18.904 ms - -[0m
[0mGET /tables/reports?&_=1702495812046 [32m200[0m 21.364 ms - 2301[0m
[Object: null prototype] {
  report: 'wdefr',
  Id: '',
  auditoria: 'frf',
  proceso: 'rf',
  planta: '1',
  titulo: 'rf',
  hallazgo: 'NCM',
  area: 'M30',
  fecha: '2023-12-13',
  fechaC: '2023-12-29',
  hn: 'frv',
  sr: 'vv',
  de: 'fvf'
}
RequestError: An explicit value for the identity column in table 'reports' can only be specified when a column list is used and IDENTITY_INSERT is ON.
    at RequestError (C:\Web\base\node_modules\tedious-connection-pool\node_modules\tedious\lib\errors.js:34:12)
    at Parser.<anonymous> (C:\Web\base\node_modules\tedious-connection-pool\node_modules\tedious\lib\connection.js:349:36)
    at Parser.emit (events.js:315:20)
    at Parser.<anonymous> (C:\Web\base\node_modules\tedious-connection-pool\node_modules\tedious\lib\token\token-stream-parser.js:54:15)
    at Parser.emit (events.js:315:20)
    at addChunk (C:\Web\base\node_modules\tedious-connection-pool\node_modules\readable-stream\lib\_stream_readable.js:291:12)
    at readableAddChunk (C:\Web\base\node_modules\tedious-connection-pool\node_modules\readable-stream\lib\_stream_readable.js:278:11)
    at Parser.Readable.push (C:\Web\base\node_modules\tedious-connection-pool\node_modules\readable-stream\lib\_stream_readable.js:245:10)
    at Parser.Transform.push (C:\Web\base\node_modules\tedious-connection-pool\node_modules\readable-stream\lib\_stream_transform.js:148:32)
    at doneParsing (C:\Web\base\node_modules\tedious-connection-pool\node_modules\tedious\lib\token\stream-parser.js:102:18) {
  code: 'EREQUEST',
  number: 8101,
  state: 1,
  class: 16,
  serverName: 'NPMS16\\SQL19',
  procName: '',
  lineNumber: 1
}
[0mPOST /config/report [32m200[0m 44.152 ms - 290[0m
[0mGET /inicio?lang=es [36m304[0m 106.639 ms - -[0m
[0mGET /css/datatables/dataTables.css [36m304[0m 32.749 ms - -[0m
[0mGET /css/datatables/responsive.dataTables.min.css [36m304[0m 41.383 ms - -[0m
[0mGET /css/bootstrap/bootstrap.min.css [36m304[0m 37.160 ms - -[0m
[0mGET /css/sidebar/style.css [36m304[0m 45.096 ms - -[0m
[0mGET /css/datetime/tempusdominus-bootstrap-4.min.css [36m304[0m 44.864 ms - -[0m
[0mGET /css/inicio.css [36m304[0m 51.472 ms - -[0m
[0mGET /css/reports.css [36m304[0m 27.722 ms - -[0m
[0mGET /css/production/production.css [36m304[0m 25.067 ms - -[0m
[0mGET /css/keyboard/index.css [36m304[0m 24.893 ms - -[0m
[0mGET /logo.png [36m304[0m 47.774 ms - -[0m
[0mGET /js/jquery/jquery-3.3.1.min.js [36m304[0m 43.145 ms - -[0m
[0mGET /js/bootstrap/jquery/popper.min.js [36m304[0m 49.628 ms - -[0m
[0mGET /js/bootstrap/bootstrap.min.js [36m304[0m 48.244 ms - -[0m
[0mGET /js/calendar/lib/moment.min.js [36m304[0m 47.860 ms - -[0m
[0mGET /js/calendar/lib/locale/es.js [36m304[0m 47.653 ms - -[0m
[0mGET /js/calendar/lib/locale/ja.js [36m304[0m 36.336 ms - -[0m
[0mGET /js/datatables/dataTables.min.js [36m304[0m 36.121 ms - -[0m
[0mGET /js/datatables/dataTables.responsive.min.js [36m304[0m 43.115 ms - -[0m
[0mGET /js/datetime/tempusdominus-bootstrap-4.min.js [36m304[0m 43.635 ms - -[0m
[0mGET /js/datatables/pdfmake/vfs_fonts.js [36m304[0m 47.404 ms - -[0m
[0mGET /js/datatables/jszip/jszip.min.js [36m304[0m 47.134 ms - -[0m
[0mGET /js/datatables/buttons/buttons.html5.min.js [36m304[0m 36.725 ms - -[0m
[0mGET /js/validation/bootstrap-notify.min.js [36m304[0m 49.582 ms - -[0m
[0mGET /js/production/cropme.js [36m304[0m 34.433 ms - -[0m
[0mGET /js/production.js [36m304[0m 34.164 ms - -[0m
[0mGET /favicon.ico [36m304[0m 13.598 ms - -[0m
[ { name: 'Admin' } ]
[0mGET /config/reports?lang=es [36m304[0m 214.438 ms - -[0m
[0mGET /images/process/report2.png [36m304[0m 29.930 ms - -[0m
[0mGET /images/process/team2.png [36m304[0m 29.482 ms - -[0m
[0mGET /css/production/operators.css [36m304[0m 30.620 ms - -[0m
[0mGET /js/production/reports.js [36m304[0m 27.274 ms - -[0m
[0mGET /js/jquery/jquery.form.min.js [36m304[0m 15.578 ms - -[0m
[0mGET /js/production/photos.js [36m304[0m 20.359 ms - -[0m
[0mGET /js/datatables/languaje/Spanish.json [36m304[0m 18.371 ms - -[0m
[0mGET /css/datatables/DataTables-1.10.18/images/sort_both.png [36m304[0m 40.871 ms - -[0m
[0mGET /tables/reports?&_=1702495915319 [32m200[0m 38.889 ms - 2301[0m
[0mGET /css/datatables/DataTables-1.10.18/images/sort_asc.png [36m304[0m 38.230 ms - -[0m
[Object: null prototype] {
  report: 'dfdv',
  Id: '',
  auditoria: 'cdfv',
  proceso: 'cdfv',
  planta: '1',
  titulo: 'cdfvg',
  hallazgo: 'NCM',
  area: 'S10',
  fecha: '2023-12-13',
  fechaC: '2023-12-13',
  hn: 'cfv',
  sr: 'gvg',
  de: 'dvv'
}
RequestError: An explicit value for the identity column in table 'reports' can only be specified when a column list is used and IDENTITY_INSERT is ON.
    at RequestError (C:\Web\base\node_modules\tedious-connection-pool\node_modules\tedious\lib\errors.js:34:12)
    at Parser.<anonymous> (C:\Web\base\node_modules\tedious-connection-pool\node_modules\tedious\lib\connection.js:349:36)
    at Parser.emit (events.js:315:20)
    at Parser.<anonymous> (C:\Web\base\node_modules\tedious-connection-pool\node_modules\tedious\lib\token\token-stream-parser.js:54:15)
    at Parser.emit (events.js:315:20)
    at addChunk (C:\Web\base\node_modules\tedious-connection-pool\node_modules\readable-stream\lib\_stream_readable.js:291:12)
    at readableAddChunk (C:\Web\base\node_modules\tedious-connection-pool\node_modules\readable-stream\lib\_stream_readable.js:278:11)
    at Parser.Readable.push (C:\Web\base\node_modules\tedious-connection-pool\node_modules\readable-stream\lib\_stream_readable.js:245:10)
    at Parser.Transform.push (C:\Web\base\node_modules\tedious-connection-pool\node_modules\readable-stream\lib\_stream_transform.js:148:32)
    at doneParsing (C:\Web\base\node_modules\tedious-connection-pool\node_modules\tedious\lib\token\stream-parser.js:102:18) {
  code: 'EREQUEST',
  number: 8101,
  state: 1,
  class: 16,
  serverName: 'NPMS16\\SQL19',
  procName: '',
  lineNumber: 1
}
[0mPOST /config/report [32m200[0m 47.741 ms - 290[0m
[0mGET /inicio?lang=es [32m200[0m 10.612 ms - 163[0m
[0mGET /favicon.ico [36m304[0m 5.716 ms - -[0m
[0mGET / [36m304[0m 479.355 ms - -[0m
[0mGET /css/bootstrap/bootstrap.min.css [36m304[0m 2.177 ms - -[0m
[0mGET /css/login/font-awesome.min.css [36m304[0m 7.078 ms - -[0m
[0mGET /css/login/style.css [36m304[0m 7.560 ms - -[0m
[0mGET /css/login/style2.css [36m304[0m 6.556 ms - -[0m
[0mGET /css/login/styleLogin.css [36m304[0m 5.590 ms - -[0m
[0mGET /logo.png [36m304[0m 3.461 ms - -[0m
[0mGET /js/login.js [36m304[0m 3.162 ms - -[0m
[ '50191', '12345678' ]
[0mPOST /login [36m302[0m 57.183 ms - 74[0m
[0mGET /inicio?lang=es [32m200[0m 106.758 ms - 3934[0m
[0mGET /css/datatables/dataTables.css [36m304[0m 28.822 ms - -[0m
[0mGET /css/datatables/responsive.dataTables.min.css [36m304[0m 40.094 ms - -[0m
[0mGET /css/bootstrap/bootstrap.min.css [36m304[0m 47.823 ms - -[0m
[0mGET /css/sidebar/style.css [36m304[0m 47.506 ms - -[0m
[0mGET /css/datetime/tempusdominus-bootstrap-4.min.css [36m304[0m 58.665 ms - -[0m
[0mGET /css/inicio.css [36m304[0m 58.378 ms - -[0m
[0mGET /css/reports.css [36m304[0m 46.967 ms - -[0m
[0mGET /css/keyboard/index.css [36m304[0m 19.175 ms - -[0m
[0mGET /css/production/production.css [36m304[0m 31.866 ms - -[0m
[0mGET /logo.png [36m304[0m 31.642 ms - -[0m
[0mGET /js/bootstrap/jquery/popper.min.js [36m304[0m 36.247 ms - -[0m
[0mGET /js/jquery/jquery-3.3.1.min.js [36m304[0m 42.520 ms - -[0m
[0mGET /js/bootstrap/bootstrap.min.js [36m304[0m 35.923 ms - -[0m
[0mGET /js/calendar/lib/moment.min.js [36m304[0m 31.354 ms - -[0m
[0mGET /js/calendar/lib/locale/ja.js [36m304[0m 30.694 ms - -[0m
[0mGET /js/calendar/lib/locale/es.js [36m304[0m 29.906 ms - -[0m
[0mGET /js/datatables/dataTables.min.js [36m304[0m 32.568 ms - -[0m
[0mGET /js/datetime/tempusdominus-bootstrap-4.min.js [36m304[0m 42.925 ms - -[0m
[0mGET /js/datatables/dataTables.responsive.min.js [36m304[0m 43.312 ms - -[0m
[0mGET /js/datatables/jszip/jszip.min.js [36m304[0m 41.561 ms - -[0m
[0mGET /js/datatables/pdfmake/vfs_fonts.js [36m304[0m 35.950 ms - -[0m
[0mGET /js/datatables/buttons/buttons.html5.min.js [36m304[0m 35.710 ms - -[0m
[0mGET /js/validation/bootstrap-notify.min.js [36m304[0m 24.869 ms - -[0m
[0mGET /js/production.js [36m304[0m 23.085 ms - -[0m
[0mGET /js/production/cropme.js [36m304[0m 22.865 ms - -[0m
[ { name: 'Admin' } ]
[0mGET /config/reports?lang=es [36m304[0m 220.668 ms - -[0m
[0mGET /css/production/operators.css [36m304[0m 19.154 ms - -[0m
[0mGET /js/production/reports.js [36m304[0m 14.286 ms - -[0m
[0mGET /js/jquery/jquery.form.min.js [36m304[0m 16.328 ms - -[0m
[0mGET /js/production/photos.js [36m304[0m 12.835 ms - -[0m
[0mGET /images/process/team2.png [36m304[0m 20.603 ms - -[0m
[0mGET /images/process/report2.png [36m304[0m 25.876 ms - -[0m
[0mGET /js/datatables/languaje/Spanish.json [36m304[0m 10.593 ms - -[0m
[0mGET /css/datatables/DataTables-1.10.18/images/sort_both.png [36m304[0m 31.780 ms - -[0m
[0mGET /css/datatables/DataTables-1.10.18/images/sort_asc.png [36m304[0m 25.476 ms - -[0m
[0mGET /tables/reports?&_=1702496262957 [32m200[0m 29.585 ms - 2301[0m
[Object: null prototype] {
  report: 'pru',
  Id: '',
  auditoria: 'pru',
  proceso: 'pru',
  planta: '3',
  titulo: 'pru',
  hallazgo: 'NCM',
  area: 'J10',
  fecha: '2023-12-14',
  fechaC: '2023-12-27',
  hn: 'pruef',
  sr: 'pruefa',
  de: 'pruec'
}
RequestError: An explicit value for the identity column in table 'reports' can only be specified when a column list is used and IDENTITY_INSERT is ON.
    at RequestError (C:\Web\base\node_modules\tedious-connection-pool\node_modules\tedious\lib\errors.js:34:12)
    at Parser.<anonymous> (C:\Web\base\node_modules\tedious-connection-pool\node_modules\tedious\lib\connection.js:349:36)
    at Parser.emit (events.js:315:20)
    at Parser.<anonymous> (C:\Web\base\node_modules\tedious-connection-pool\node_modules\tedious\lib\token\token-stream-parser.js:54:15)
    at Parser.emit (events.js:315:20)
    at addChunk (C:\Web\base\node_modules\tedious-connection-pool\node_modules\readable-stream\lib\_stream_readable.js:291:12)
    at readableAddChunk (C:\Web\base\node_modules\tedious-connection-pool\node_modules\readable-stream\lib\_stream_readable.js:278:11)
    at Parser.Readable.push (C:\Web\base\node_modules\tedious-connection-pool\node_modules\readable-stream\lib\_stream_readable.js:245:10)
    at Parser.Transform.push (C:\Web\base\node_modules\tedious-connection-pool\node_modules\readable-stream\lib\_stream_transform.js:148:32)
    at doneParsing (C:\Web\base\node_modules\tedious-connection-pool\node_modules\tedious\lib\token\stream-parser.js:102:18) {
  code: 'EREQUEST',
  number: 8101,
  state: 1,
  class: 16,
  serverName: 'NPMS16\\SQL19',
  procName: '',
  lineNumber: 1
}
[0mPOST /config/report [32m200[0m 41.558 ms - 290[0m
[0mGET /inicio?lang=es [32m200[0m 17.487 ms - 163[0m
[0mGET /favicon.ico [36m304[0m 5.469 ms - -[0m
[0mGET / [36m304[0m 434.431 ms - -[0m
[0mGET /css/bootstrap/bootstrap.min.css [36m304[0m 1.272 ms - -[0m
[0mGET /css/login/font-awesome.min.css [36m304[0m 5.865 ms - -[0m
[0mGET /css/login/style.css [36m304[0m 6.580 ms - -[0m
[0mGET /css/login/style2.css [36m304[0m 5.778 ms - -[0m
[0mGET /logo.png [36m304[0m 4.992 ms - -[0m
[0mGET /css/login/styleLogin.css [36m304[0m 3.690 ms - -[0m
[0mGET /js/login.js [36m304[0m 2.914 ms - -[0m
[ '50191', '12345678' ]
[0mPOST /login [36m302[0m 59.969 ms - 74[0m
[0mGET /inicio?lang=es [32m200[0m 117.715 ms - 3934[0m
[0mGET /css/datatables/dataTables.css [36m304[0m 22.509 ms - -[0m
[0mGET /css/datatables/responsive.dataTables.min.css [36m304[0m 34.043 ms - -[0m
[0mGET /css/bootstrap/bootstrap.min.css [36m304[0m 49.124 ms - -[0m
[0mGET /css/sidebar/style.css [36m304[0m 56.234 ms - -[0m
[0mGET /css/inicio.css [36m304[0m 53.778 ms - -[0m
[0mGET /css/datetime/tempusdominus-bootstrap-4.min.css [36m304[0m 65.198 ms - -[0m
[0mGET /css/reports.css [36m304[0m 61.255 ms - -[0m
[0mGET /css/keyboard/index.css [36m304[0m 26.338 ms - -[0m
[0mGET /css/production/production.css [36m304[0m 30.882 ms - -[0m
[0mGET /logo.png [36m304[0m 35.979 ms - -[0m
[0mGET /js/jquery/jquery-3.3.1.min.js [36m304[0m 35.024 ms - -[0m
[0mGET /js/bootstrap/jquery/popper.min.js [36m304[0m 27.528 ms - -[0m
[0mGET /js/calendar/lib/moment.min.js [36m304[0m 35.514 ms - -[0m
[0mGET /js/bootstrap/bootstrap.min.js [36m304[0m 35.282 ms - -[0m
[0mGET /js/calendar/lib/locale/es.js [36m304[0m 24.092 ms - -[0m
[0mGET /js/datatables/dataTables.min.js [36m304[0m 35.536 ms - -[0m
[0mGET /js/calendar/lib/locale/ja.js [36m304[0m 35.331 ms - -[0m
[0mGET /js/datatables/dataTables.responsive.min.js [36m304[0m 43.594 ms - -[0m
[0mGET /js/datetime/tempusdominus-bootstrap-4.min.js [36m304[0m 56.857 ms - -[0m
[0mGET /js/datatables/pdfmake/vfs_fonts.js [36m304[0m 41.138 ms - -[0m
[0mGET /js/datatables/jszip/jszip.min.js [36m304[0m 53.589 ms - -[0m
[0mGET /js/datatables/buttons/buttons.html5.min.js [36m304[0m 49.756 ms - -[0m
[0mGET /js/validation/bootstrap-notify.min.js [36m304[0m 49.659 ms - -[0m
[0mGET /js/production/cropme.js [36m304[0m 39.945 ms - -[0m
[0mGET /js/production.js [36m304[0m 21.571 ms - -[0m
[ { name: 'Admin' } ]
[0mGET /config/reports?lang=es [36m304[0m 209.010 ms - -[0m
[0mGET /css/production/operators.css [36m304[0m 33.557 ms - -[0m
[0mGET /js/production/reports.js [36m304[0m 40.909 ms - -[0m
[0mGET /js/jquery/jquery.form.min.js [36m304[0m 10.185 ms - -[0m
[0mGET /js/production/photos.js [36m304[0m 10.605 ms - -[0m
[0mGET /images/process/report2.png [36m304[0m 28.559 ms - -[0m
[0mGET /images/process/team2.png [36m304[0m 23.859 ms - -[0m
[0mGET /js/datatables/languaje/Spanish.json [36m304[0m 16.194 ms - -[0m
[0mGET /css/datatables/DataTables-1.10.18/images/sort_both.png [36m304[0m 35.402 ms - -[0m
[0mGET /css/datatables/DataTables-1.10.18/images/sort_asc.png [36m304[0m 19.518 ms - -[0m
[0mGET /tables/reports?&_=1702496572018 [32m200[0m 23.123 ms - 2[0m
[Object: null prototype] {
  report: 'cd',
  Id: '',
  auditoria: 'wc',
  proceso: 'cdcd',
  planta: '2',
  titulo: 'dcvf',
  hallazgo: 'NCM',
  area: 'J10',
  fecha: '2023-12-13',
  fechaC: '2023-12-27',
  hn: 'csdcd',
  sr: 'cer',
  de: 'ad43f'
}
[0mPOST /config/report [32m200[0m 43.455 ms - 67[0m
null
[0mGET /tables/reports?&_=1702496572019 [32m200[0m 18.513 ms - 219[0m
Error: Invalid login: 535 5.7.8 Error: authentication failed: 
    at SMTPConnection._formatError (C:\Web\base\node_modules\nodemailer\lib\smtp-connection\index.js:790:19)
    at SMTPConnection._actionAUTHComplete (C:\Web\base\node_modules\nodemailer\lib\smtp-connection\index.js:1564:34)
    at SMTPConnection.<anonymous> (C:\Web\base\node_modules\nodemailer\lib\smtp-connection\index.js:546:26)
    at SMTPConnection._processResponse (C:\Web\base\node_modules\nodemailer\lib\smtp-connection\index.js:969:20)
    at SMTPConnection._onData (C:\Web\base\node_modules\nodemailer\lib\smtp-connection\index.js:755:14)
    at TLSSocket.SMTPConnection._onSocketData (C:\Web\base\node_modules\nodemailer\lib\smtp-connection\index.js:193:44)
    at TLSSocket.emit (events.js:315:20)
    at addChunk (_stream_readable.js:295:12)
    at readableAddChunk (_stream_readable.js:271:9)
    at TLSSocket.Readable.push (_stream_readable.js:212:10) {
  code: 'EAUTH',
  response: '535 5.7.8 Error: authentication failed: ',
  responseCode: 535,
  command: 'AUTH PLAIN'
}
correo enviado
[0mGET /inicio?lang=es [36m304[0m 70.182 ms - -[0m
[0mGET /css/datatables/dataTables.css [36m304[0m 24.902 ms - -[0m
[0mGET /css/datatables/responsive.dataTables.min.css [36m304[0m 51.477 ms - -[0m
[0mGET /css/bootstrap/bootstrap.min.css [36m304[0m 57.322 ms - -[0m
[0mGET /css/sidebar/style.css [36m304[0m 56.974 ms - -[0m
[0mGET /css/datetime/tempusdominus-bootstrap-4.min.css [36m304[0m 56.609 ms - -[0m
[0mGET /css/inicio.css [36m304[0m 72.474 ms - -[0m
[0mGET /css/reports.css [36m304[0m 42.952 ms - -[0m
[0mGET /css/keyboard/index.css [36m304[0m 31.382 ms - -[0m
[0mGET /css/production/production.css [36m304[0m 37.188 ms - -[0m
[0mGET /js/jquery/jquery-3.3.1.min.js [36m304[0m 36.986 ms - -[0m
[0mGET /logo.png [36m304[0m 50.502 ms - -[0m
[0mGET /js/bootstrap/bootstrap.min.js [36m304[0m 31.560 ms - -[0m
[0mGET /js/bootstrap/jquery/popper.min.js [36m304[0m 36.754 ms - -[0m
[0mGET /js/calendar/lib/moment.min.js [36m304[0m 27.749 ms - -[0m
[0mGET /js/calendar/lib/locale/ja.js [36m304[0m 31.993 ms - -[0m
[0mGET /js/calendar/lib/locale/es.js [36m304[0m 31.792 ms - -[0m
[0mGET /js/datatables/dataTables.responsive.min.js [36m304[0m 43.796 ms - -[0m
[0mGET /js/datatables/dataTables.min.js [36m304[0m 43.109 ms - -[0m
[0mGET /js/datetime/tempusdominus-bootstrap-4.min.js [36m304[0m 38.120 ms - -[0m
[0mGET /js/datatables/jszip/jszip.min.js [36m304[0m 34.230 ms - -[0m
[0mGET /js/datatables/buttons/buttons.html5.min.js [36m304[0m 37.634 ms - -[0m
[0mGET /js/datatables/pdfmake/vfs_fonts.js [36m304[0m 46.222 ms - -[0m
[0mGET /js/validation/bootstrap-notify.min.js [36m304[0m 37.851 ms - -[0m
[0mGET /js/production/cropme.js [36m304[0m 37.652 ms - -[0m
[0mGET /js/production.js [36m304[0m 36.728 ms - -[0m
[0mGET /favicon.ico [36m304[0m 8.956 ms - -[0m
[ { name: 'Admin' } ]
[0mGET /config/reports?lang=es [36m304[0m 130.755 ms - -[0m
[0mGET /images/process/report2.png [36m304[0m 38.416 ms - -[0m
[0mGET /images/process/team2.png [36m304[0m 43.139 ms - -[0m
[0mGET /css/production/operators.css [36m304[0m 37.836 ms - -[0m
[0mGET /js/production/reports.js [36m304[0m 38.322 ms - -[0m
[0mGET /js/jquery/jquery.form.min.js [36m304[0m 21.424 ms - -[0m
[0mGET /js/production/photos.js [36m304[0m 12.470 ms - -[0m
[0mGET /js/datatables/languaje/Spanish.json [36m304[0m 18.839 ms - -[0m
[0mGET /css/datatables/DataTables-1.10.18/images/sort_both.png [36m304[0m 38.933 ms - -[0m
[0mGET /css/datatables/DataTables-1.10.18/images/sort_asc.png [36m304[0m 24.276 ms - -[0m
[0mGET /tables/reports?&_=1702496944204 [32m200[0m 25.937 ms - 2[0m
[Object: null prototype] {
  report: 'prueba ',
  Id: '',
  auditoria: 'prueba',
  proceso: 'prueba',
  planta: '1',
  titulo: 'prueba ',
  hallazgo: 'NCM',
  area: 'P20',
  fecha: '2023-12-13',
  fechaC: '2023-12-14',
  hn: 'hallazgo',
  sr: 'seccion',
  de: 'evidencia'
}
[0mPOST /config/report [32m200[0m 71.883 ms - 67[0m
null
[0mGET /tables/reports?&_=1702496944205 [32m200[0m 27.013 ms - 244[0m
Error: Invalid login: 535 5.7.8 Error: authentication failed: 
    at SMTPConnection._formatError (C:\Web\base\node_modules\nodemailer\lib\smtp-connection\index.js:790:19)
    at SMTPConnection._actionAUTHComplete (C:\Web\base\node_modules\nodemailer\lib\smtp-connection\index.js:1564:34)
    at SMTPConnection.<anonymous> (C:\Web\base\node_modules\nodemailer\lib\smtp-connection\index.js:546:26)
    at SMTPConnection._processResponse (C:\Web\base\node_modules\nodemailer\lib\smtp-connection\index.js:969:20)
    at SMTPConnection._onData (C:\Web\base\node_modules\nodemailer\lib\smtp-connection\index.js:755:14)
    at TLSSocket.SMTPConnection._onSocketData (C:\Web\base\node_modules\nodemailer\lib\smtp-connection\index.js:193:44)
    at TLSSocket.emit (events.js:315:20)
    at addChunk (_stream_readable.js:295:12)
    at readableAddChunk (_stream_readable.js:271:9)
    at TLSSocket.Readable.push (_stream_readable.js:212:10) {
  code: 'EAUTH',
  response: '535 5.7.8 Error: authentication failed: ',
  responseCode: 535,
  command: 'AUTH PLAIN'
}
correo enviado
[0mGET /inicio?lang=es [36m304[0m 46.928 ms - -[0m
[0mGET /css/datatables/dataTables.css [36m304[0m 29.370 ms - -[0m
[0mGET /css/datatables/responsive.dataTables.min.css [36m304[0m 52.144 ms - -[0m
[0mGET /css/sidebar/style.css [36m304[0m 56.572 ms - -[0m
[0mGET /css/datetime/tempusdominus-bootstrap-4.min.css [36m304[0m 56.260 ms - -[0m
[0mGET /css/bootstrap/bootstrap.min.css [36m304[0m 55.885 ms - -[0m
[0mGET /css/inicio.css [36m304[0m 58.765 ms - -[0m
[0mGET /css/reports.css [36m304[0m 36.279 ms - -[0m
[0mGET /css/keyboard/index.css [36m304[0m 23.990 ms - -[0m
[0mGET /css/production/production.css [36m304[0m 47.594 ms - -[0m
[0mGET /logo.png [36m304[0m 47.240 ms - -[0m
[0mGET /js/jquery/jquery-3.3.1.min.js [36m304[0m 47.053 ms - -[0m
[0mGET /js/bootstrap/jquery/popper.min.js [36m304[0m 51.553 ms - -[0m
[0mGET /js/bootstrap/bootstrap.min.js [36m304[0m 24.487 ms - -[0m
[0mGET /js/calendar/lib/moment.min.js [36m304[0m 30.480 ms - -[0m
[0mGET /js/datatables/dataTables.min.js [36m304[0m 27.261 ms - -[0m
[0mGET /js/calendar/lib/locale/ja.js [36m304[0m 32.569 ms - -[0m
[0mGET /js/calendar/lib/locale/es.js [36m304[0m 32.361 ms - -[0m
[0mGET /js/datetime/tempusdominus-bootstrap-4.min.js [36m304[0m 37.533 ms - -[0m
[0mGET /js/datatables/dataTables.responsive.min.js [36m304[0m 37.315 ms - -[0m
[0mGET /js/datatables/jszip/jszip.min.js [36m304[0m 37.712 ms - -[0m
[0mGET /js/datatables/pdfmake/vfs_fonts.js [36m304[0m 33.076 ms - -[0m
[0mGET /js/validation/bootstrap-notify.min.js [36m304[0m 38.463 ms - -[0m
[0mGET /js/datatables/buttons/buttons.html5.min.js [36m304[0m 45.038 ms - -[0m
[0mGET /js/production.js [36m304[0m 31.668 ms - -[0m
[0mGET /js/production/cropme.js [36m304[0m 31.509 ms - -[0m
[0mGET /favicon.ico [36m304[0m 21.015 ms - -[0m
[ { name: 'Admin' } ]
[0mGET /config/reports?lang=es [36m304[0m 138.676 ms - -[0m
[0mGET /images/process/report2.png [36m304[0m 27.566 ms - -[0m
[0mGET /images/process/team2.png [36m304[0m 34.426 ms - -[0m
[0mGET /css/production/operators.css [36m304[0m 31.318 ms - -[0m
[0mGET /js/production/reports.js [36m304[0m 30.984 ms - -[0m
[0mGET /js/jquery/jquery.form.min.js [36m304[0m 11.263 ms - -[0m
[0mGET /js/production/photos.js [36m304[0m 11.273 ms - -[0m
[0mGET /js/datatables/languaje/Spanish.json [36m304[0m 12.589 ms - -[0m
[0mGET /css/datatables/DataTables-1.10.18/images/sort_both.png [36m304[0m 30.631 ms - -[0m
[0mGET /css/datatables/DataTables-1.10.18/images/sort_asc.png [36m304[0m 27.302 ms - -[0m
[0mGET /tables/reports?&_=1702497047185 [32m200[0m 28.648 ms - 244[0m
[0mGET /correo/Doc.html- [32m200[0m 19.732 ms - 15770[0m
[0mGET / [36m304[0m 75.153 ms - -[0m
[0mGET /css/login/font-awesome.min.css [36m304[0m 4.040 ms - -[0m
[0mGET /css/bootstrap/bootstrap.min.css [36m304[0m 3.321 ms - -[0m
[0mGET /css/login/styleLogin.css [36m304[0m 3.940 ms - -[0m
[0mGET /css/login/style2.css [36m304[0m 3.131 ms - -[0m
[0mGET /css/login/style.css [36m304[0m 2.728 ms - -[0m
[0mGET /js/login.js [36m304[0m 2.841 ms - -[0m
[0mGET /logo.png [36m304[0m 1.365 ms - -[0m
[0mGET /favicon.ico [36m304[0m 1.787 ms - -[0m
[0mGET /inicio?lang=es [36m304[0m 91.513 ms - -[0m
[0mGET /css/datatables/dataTables.css [36m304[0m 18.807 ms - -[0m
[0mGET /css/datatables/responsive.dataTables.min.css [36m304[0m 31.403 ms - -[0m
[0mGET /css/datetime/tempusdominus-bootstrap-4.min.css [36m304[0m 28.779 ms - -[0m
[0mGET /css/bootstrap/bootstrap.min.css [36m304[0m 28.187 ms - -[0m
[0mGET /css/sidebar/style.css [36m304[0m 31.054 ms - -[0m
[0mGET /css/inicio.css [36m304[0m 27.392 ms - -[0m
[0mGET /css/reports.css [36m304[0m 18.819 ms - -[0m
[0mGET /css/keyboard/index.css [36m304[0m 5.929 ms - -[0m
[0mGET /css/production/production.css [36m304[0m 7.102 ms - -[0m
[0mGET /js/jquery/jquery-3.3.1.min.js [36m304[0m 6.904 ms - -[0m
[0mGET /js/bootstrap/jquery/popper.min.js [36m304[0m 7.620 ms - -[0m
[0mGET /logo.png [36m304[0m 7.400 ms - -[0m
[0mGET /js/bootstrap/bootstrap.min.js [36m304[0m 9.229 ms - -[0m
[0mGET /js/calendar/lib/moment.min.js [36m304[0m 8.759 ms - -[0m
[0mGET /js/calendar/lib/locale/ja.js [36m304[0m 6.906 ms - -[0m
[0mGET /js/calendar/lib/locale/es.js [36m304[0m 6.695 ms - -[0m
[0mGET /js/datatables/dataTables.min.js [36m304[0m 2.713 ms - -[0m
[0mGET /js/datatables/dataTables.responsive.min.js [36m304[0m 2.525 ms - -[0m
[0mGET /js/datetime/tempusdominus-bootstrap-4.min.js [36m304[0m 14.569 ms - -[0m
[0mGET /js/datatables/jszip/jszip.min.js [36m304[0m 32.417 ms - -[0m
[0mGET /js/datatables/pdfmake/vfs_fonts.js [36m304[0m 27.953 ms - -[0m
[0mGET /js/datatables/buttons/buttons.html5.min.js [36m304[0m 31.205 ms - -[0m
[0mGET /js/validation/bootstrap-notify.min.js [36m304[0m 27.497 ms - -[0m
[0mGET /js/production/cropme.js [36m304[0m 25.398 ms - -[0m
[0mGET /js/production.js [36m304[0m 17.042 ms - -[0m
[0mGET /favicon.ico [36m304[0m 5.594 ms - -[0m
[0mGET /correo/Doc.html- [32m200[0m 2.889 ms - 15770[0m
[0mGET /correo/Doc.html- [32m200[0m 2.147 ms - 15770[0m
[0mGET / [36m304[0m 58.144 ms - -[0m
[0mGET /css/bootstrap/bootstrap.min.css [36m304[0m 3.910 ms - -[0m
[0mGET /css/login/font-awesome.min.css [36m304[0m 1.506 ms - -[0m
[0mGET /css/login/styleLogin.css [36m304[0m 4.097 ms - -[0m
[0mGET /css/login/style.css [36m304[0m 2.477 ms - -[0m
[0mGET /css/login/style2.css [36m304[0m 2.225 ms - -[0m
[0mGET /logo.png [36m304[0m 2.577 ms - -[0m
[0mGET /js/login.js [36m304[0m 0.685 ms - -[0m
[0mGET / [36m304[0m 51.221 ms - -[0m
[0mGET /css/bootstrap/bootstrap.min.css [36m304[0m 7.820 ms - -[0m
[0mGET /css/login/font-awesome.min.css [36m304[0m 7.013 ms - -[0m
[0mGET /css/login/styleLogin.css [36m304[0m 6.191 ms - -[0m
[0mGET /css/login/style.css [36m304[0m 5.528 ms - -[0m
[0mGET /css/login/style2.css [36m304[0m 4.952 ms - -[0m
[0mGET /js/login.js [36m304[0m 2.974 ms - -[0m
[0mGET /logo.png [36m304[0m 1.613 ms - -[0m
[0mGET /correo/Doc.html- [32m200[0m 5.577 ms - 15770[0m
[0mGET / [36m304[0m 46.095 ms - -[0m
[0mGET /css/bootstrap/bootstrap.min.css [36m304[0m 1.727 ms - -[0m
[0mGET /css/login/font-awesome.min.css [36m304[0m 1.657 ms - -[0m
[0mGET /css/login/styleLogin.css [36m304[0m 0.776 ms - -[0m
[0mGET /css/login/style.css [36m304[0m 0.797 ms - -[0m
[0mGET /css/login/style2.css [36m304[0m 1.543 ms - -[0m
[0mGET /js/login.js [36m304[0m 1.221 ms - -[0m
[0mGET /logo.png [36m304[0m 1.652 ms - -[0m
[0mGET /inicio?lang=es [32m200[0m 17.664 ms - 163[0m
[0mGET /favicon.ico [36m304[0m 5.404 ms - -[0m
[0mGET / [36m304[0m 805.779 ms - -[0m
[0mGET /css/bootstrap/bootstrap.min.css [36m304[0m 1.717 ms - -[0m
[0mGET /css/login/font-awesome.min.css [36m304[0m 7.914 ms - -[0m
[0mGET /css/login/styleLogin.css [36m304[0m 6.432 ms - -[0m
[0mGET /css/login/style.css [36m304[0m 7.864 ms - -[0m
[0mGET /css/login/style2.css [36m304[0m 7.241 ms - -[0m
[0mGET /logo.png [36m304[0m 6.463 ms - -[0m
[0mGET /js/login.js [36m304[0m 2.901 ms - -[0m
[ '50191', '12345678' ]
[0mPOST /login [36m302[0m 54.600 ms - 74[0m
[0mGET /inicio?lang=es [32m200[0m 106.839 ms - 3934[0m
[0mGET /css/datatables/dataTables.css [36m304[0m 34.452 ms - -[0m
[0mGET /css/bootstrap/bootstrap.min.css [36m304[0m 54.392 ms - -[0m
[0mGET /css/inicio.css [36m304[0m 59.714 ms - -[0m
[0mGET /css/datetime/tempusdominus-bootstrap-4.min.css [36m304[0m 54.717 ms - -[0m
[0mGET /css/datatables/responsive.dataTables.min.css [36m304[0m 53.001 ms - -[0m
[0mGET /css/sidebar/style.css [36m304[0m 56.904 ms - -[0m
[0mGET /css/reports.css [36m304[0m 43.598 ms - -[0m
[0mGET /css/keyboard/index.css [36m304[0m 31.440 ms - -[0m
[0mGET /css/production/production.css [36m304[0m 45.359 ms - -[0m
[0mGET /logo.png [36m304[0m 41.535 ms - -[0m
[0mGET /js/jquery/jquery-3.3.1.min.js [36m304[0m 56.407 ms - -[0m
[0mGET /js/bootstrap/jquery/popper.min.js [36m304[0m 45.390 ms - -[0m
[0mGET /js/bootstrap/bootstrap.min.js [36m304[0m 34.261 ms - -[0m
[0mGET /js/calendar/lib/moment.min.js [36m304[0m 29.640 ms - -[0m
[0mGET /js/calendar/lib/locale/ja.js [36m304[0m 29.277 ms - -[0m
[0mGET /js/calendar/lib/locale/es.js [36m304[0m 29.065 ms - -[0m
[0mGET /js/datatables/dataTables.min.js [36m304[0m 46.256 ms - -[0m
[0mGET /js/datatables/dataTables.responsive.min.js [36m304[0m 46.065 ms - -[0m
[0mGET /js/datetime/tempusdominus-bootstrap-4.min.js [36m304[0m 49.826 ms - -[0m
[0mGET /js/datatables/jszip/jszip.min.js [36m304[0m 41.590 ms - -[0m
[0mGET /js/datatables/pdfmake/vfs_fonts.js [36m304[0m 41.903 ms - -[0m
[0mGET /js/datatables/buttons/buttons.html5.min.js [36m304[0m 41.641 ms - -[0m
[0mGET /js/validation/bootstrap-notify.min.js [36m304[0m 38.982 ms - -[0m
[0mGET /js/production/cropme.js [36m304[0m 41.485 ms - -[0m
[0mGET /js/production.js [36m304[0m 27.571 ms - -[0m
[ { name: 'Admin' } ]
[0mGET /config/reports?lang=es [36m304[0m 233.538 ms - -[0m
[0mGET /js/production/reports.js [36m304[0m 20.785 ms - -[0m
[0mGET /css/production/operators.css [36m304[0m 25.990 ms - -[0m
[0mGET /js/jquery/jquery.form.min.js [36m304[0m 10.397 ms - -[0m
[0mGET /js/production/photos.js [36m304[0m 8.185 ms - -[0m
[0mGET /images/process/team2.png [36m304[0m 24.822 ms - -[0m
[0mGET /images/process/report2.png [36m304[0m 22.444 ms - -[0m
[0mGET /js/datatables/languaje/Spanish.json [36m304[0m 11.557 ms - -[0m
[0mGET /css/datatables/DataTables-1.10.18/images/sort_both.png [36m304[0m 10.698 ms - -[0m
[0mGET /css/datatables/DataTables-1.10.18/images/sort_asc.png [36m304[0m 15.411 ms - -[0m
[0mGET /tables/reports?&_=1702498665726 [32m200[0m 19.447 ms - 244[0m
[Object: null prototype] {
  report: 'prueba2',
  Id: '',
  auditoria: 'prue',
  proceso: 'prue',
  planta: '1',
  titulo: 'prue',
  hallazgo: 'NCM',
  area: 'C10',
  fecha: '2023-12-13',
  fechaC: '2023-12-13',
  hn: 'hallazg',
  sr: 'reque',
  de: 'descri'
}
[0mPOST /config/report [32m200[0m 56.760 ms - 67[0m
null
[0mGET /tables/reports?&_=1702498665727 [32m200[0m 22.610 ms - 474[0m
Error: Invalid login: 535 5.7.8 Error: authentication failed: 
    at SMTPConnection._formatError (C:\Web\base\node_modules\nodemailer\lib\smtp-connection\index.js:790:19)
    at SMTPConnection._actionAUTHComplete (C:\Web\base\node_modules\nodemailer\lib\smtp-connection\index.js:1564:34)
    at SMTPConnection.<anonymous> (C:\Web\base\node_modules\nodemailer\lib\smtp-connection\index.js:546:26)
    at SMTPConnection._processResponse (C:\Web\base\node_modules\nodemailer\lib\smtp-connection\index.js:969:20)
    at SMTPConnection._onData (C:\Web\base\node_modules\nodemailer\lib\smtp-connection\index.js:755:14)
    at TLSSocket.SMTPConnection._onSocketData (C:\Web\base\node_modules\nodemailer\lib\smtp-connection\index.js:193:44)
    at TLSSocket.emit (events.js:315:20)
    at addChunk (_stream_readable.js:295:12)
    at readableAddChunk (_stream_readable.js:271:9)
    at TLSSocket.Readable.push (_stream_readable.js:212:10) {
  code: 'EAUTH',
  response: '535 5.7.8 Error: authentication failed: ',
  responseCode: 535,
  command: 'AUTH PLAIN'
}
correo enviado
[0mGET / [32m200[0m 927.053 ms - 3214[0m
[0mGET /css/login/font-awesome.min.css [36m304[0m 10.227 ms - -[0m
[0mGET /css/bootstrap/bootstrap.min.css [36m304[0m 8.082 ms - -[0m
[0mGET /css/login/style.css [36m304[0m 5.586 ms - -[0m
[0mGET /css/login/styleLogin.css [36m304[0m 7.224 ms - -[0m
[0mGET /js/loginn/login.js [36m304[0m 4.110 ms - -[0m
[0mGET /images/deka-1.png [36m304[0m 4.754 ms - -[0m
[0mGET /js/loginn/reenviarAacceso.js [36m304[0m 3.572 ms - -[0m
[0mGET /js/notify.min.js [33m404[0m 16.200 ms - 101[0m
[0mGET /images/Q90.jpg [36m304[0m 2.408 ms - -[0m
[0mGET /favicon.ico [33m404[0m 11.595 ms - 101[0m
[0mGET / [36m304[0m 73.257 ms - -[0m
[0mGET /css/bootstrap/bootstrap.min.css [36m304[0m 9.357 ms - -[0m
[0mGET /css/login/font-awesome.min.css [36m304[0m 8.579 ms - -[0m
[0mGET /css/login/styleLogin.css [36m304[0m 7.673 ms - -[0m
[0mGET /css/login/style.css [36m304[0m 6.857 ms - -[0m
[0mGET /images/deka-1.png [36m304[0m 6.120 ms - -[0m
[0mGET /js/loginn/login.js [36m304[0m 3.204 ms - -[0m
[0mGET /js/loginn/reenviarAacceso.js [36m304[0m 3.201 ms - -[0m
[0mGET /js/notify.min.js [33m404[0m 9.206 ms - 101[0m
[0mGET /images/Q90.jpg [36m304[0m 1.993 ms - -[0m
[ '1', '1' ]
[0mPOST /login [36m302[0m 70.867 ms - 74[0m
[0mGET /inicio?lang=es [36m304[0m 338.320 ms - -[0m
[0mGET /css/datatables/dataTables.css [36m304[0m 30.359 ms - -[0m
[0mGET /css/datatables/responsive.dataTables.min.css [36m304[0m 27.364 ms - -[0m
[0mGET /css/bootstrap/bootstrap.min.css [36m304[0m 28.172 ms - -[0m
[0mGET /css/sidebar/style.css [36m304[0m 34.624 ms - -[0m
[0mGET /css/inicio.css [36m304[0m 27.499 ms - -[0m
[0mGET /css/datetime/tempusdominus-bootstrap-4.min.css [36m304[0m 30.790 ms - -[0m
[0mGET /css/reports.css [36m304[0m 10.882 ms - -[0m
[0mGET /css/keyboard/index.css [36m304[0m 10.102 ms - -[0m
[0mGET /css/production/production.css [36m304[0m 9.012 ms - -[0m
[0mGET /images/Q90.jpg [36m304[0m 4.194 ms - -[0m
[0mGET /images/logo.png [36m304[0m 9.765 ms - -[0m
[0mGET /images/deka-1.png [36m304[0m 9.206 ms - -[0m
[0mGET /images/alertnc.png [36m304[0m 9.536 ms - -[0m
[0mGET /images/process/report2.png [33m404[0m 10.752 ms - 101[0m
[0mGET /images/process/team2.png [33m404[0m 18.902 ms - 101[0m
[0mGET /js/jquery/jquery-3.3.1.min.js [36m304[0m 21.028 ms - -[0m
[0mGET /js/bootstrap/bootstrap.min.js [36m304[0m 17.989 ms - -[0m
[0mGET /js/bootstrap/jquery/popper.min.js [36m304[0m 19.177 ms - -[0m
[0mGET /js/calendar/lib/moment.min.js [33m404[0m 13.845 ms - 101[0m
[0mGET /js/calendar/lib/locale/ja.js [33m404[0m 10.507 ms - 101[0m
[0mGET /js/calendar/lib/locale/es.js [33m404[0m 15.154 ms - 101[0m
[0mGET /js/datatables/dataTables.min.js [36m304[0m 17.398 ms - -[0m
[0mGET /js/datatables/dataTables.responsive.min.js [36m304[0m 7.772 ms - -[0m
[0mGET /js/datetime/tempusdominus-bootstrap-4.min.js [36m304[0m 18.858 ms - -[0m
[0mGET /js/datatables/buttons/buttons.html5.min.js [36m304[0m 17.222 ms - -[0m
[0mGET /js/datatables/jszip/jszip.min.js [36m304[0m 21.233 ms - -[0m
[0mGET /js/datatables/pdfmake/vfs_fonts.js [36m304[0m 18.449 ms - -[0m
[0mGET /js/validation/bootstrap-notify.min.js [36m304[0m 15.386 ms - -[0m
[0mGET /js/production/cropme.js [33m404[0m 16.710 ms - 101[0m
[0mGET /js/jquery/jquery.form.min.js [36m304[0m 16.566 ms - -[0m
[0mGET /images//Q90.jpg [36m304[0m 15.303 ms - -[0m
[0mGET /js/production/production.js [36m304[0m 14.893 ms - -[0m
[0mGET /images/Q90-LOGO.JPG [36m304[0m 13.556 ms - -[0m
[0mGET /js/datatables/languaje/Spanish.json [36m304[0m 6.808 ms - -[0m
[0mGET /css/datatables/DataTables-1.10.18/images/sort_both.png [36m304[0m 14.531 ms - -[0m
[0mGET /css/datatables/DataTables-1.10.18/images/sort_asc.png [36m304[0m 8.126 ms - -[0m
[0mGET /tables/reports?&_=1705701480364 [32m200[0m 20.555 ms - 1572[0m
[0mGET /inicio?lang=es [36m304[0m 319.381 ms - -[0m
[0mGET /css/datatables/dataTables.css [36m304[0m 8.468 ms - -[0m
[0mGET /css/datatables/responsive.dataTables.min.css [36m304[0m 13.150 ms - -[0m
[0mGET /css/bootstrap/bootstrap.min.css [36m304[0m 14.626 ms - -[0m
[0mGET /css/sidebar/style.css [36m304[0m 18.523 ms - -[0m
[0mGET /css/datetime/tempusdominus-bootstrap-4.min.css [36m304[0m 22.624 ms - -[0m
[0mGET /css/inicio.css [36m304[0m 23.294 ms - -[0m
[0mGET /css/reports.css [36m304[0m 13.672 ms - -[0m
[0mGET /css/keyboard/index.css [36m304[0m 6.508 ms - -[0m
[0mGET /css/production/production.css [36m304[0m 2.177 ms - -[0m
[0mGET /images/deka-1.png [36m304[0m 10.208 ms - -[0m
[0mGET /images/logo.png [36m304[0m 7.975 ms - -[0m
[0mGET /images/process/report2.png [33m404[0m 16.061 ms - 101[0m
[0mGET /images/alertnc.png [36m304[0m 14.269 ms - -[0m
[0mGET /images/process/team2.png [33m404[0m 12.018 ms - 101[0m
[0mGET /js/jquery/jquery-3.3.1.min.js [36m304[0m 15.840 ms - -[0m
[0mGET /js/bootstrap/jquery/popper.min.js [36m304[0m 14.960 ms - -[0m
[0mGET /js/bootstrap/bootstrap.min.js [36m304[0m 14.162 ms - -[0m
[0mGET /js/calendar/lib/moment.min.js [33m404[0m 18.552 ms - 101[0m
[0mGET /js/calendar/lib/locale/es.js [33m404[0m 14.783 ms - 101[0m
[0mGET /js/calendar/lib/locale/ja.js [33m404[0m 7.259 ms - 101[0m
[0mGET /images/Q90.jpg [36m304[0m 8.181 ms - -[0m
[0mGET /images/Q90-LOGO.JPG [36m304[0m 7.191 ms - -[0m
[0mGET /js/datatables/dataTables.min.js [36m304[0m 5.570 ms - -[0m
[0mGET /js/datetime/tempusdominus-bootstrap-4.min.js [36m304[0m 11.351 ms - -[0m
[0mGET /js/datatables/dataTables.responsive.min.js [36m304[0m 9.274 ms - -[0m
[0mGET /js/datatables/jszip/jszip.min.js [36m304[0m 10.963 ms - -[0m
[0mGET /js/datatables/pdfmake/vfs_fonts.js [36m304[0m 10.763 ms - -[0m
[0mGET /js/datatables/buttons/buttons.html5.min.js [36m304[0m 10.534 ms - -[0m
[0mGET /js/validation/bootstrap-notify.min.js [36m304[0m 11.294 ms - -[0m
[0mGET /js/production/cropme.js [33m404[0m 9.310 ms - 101[0m
[0mGET /js/jquery/jquery.form.min.js [36m304[0m 9.809 ms - -[0m
[0mGET /js/production/production.js [36m304[0m 10.213 ms - -[0m
[0mGET /images//Q90.jpg [36m304[0m 7.960 ms - -[0m
[0mGET /js/datatables/languaje/Spanish.json [36m304[0m 6.479 ms - -[0m
[0mGET /css/datatables/DataTables-1.10.18/images/sort_both.png [36m304[0m 13.638 ms - -[0m
[0mGET /css/datatables/DataTables-1.10.18/images/sort_asc.png [36m304[0m 11.853 ms - -[0m
[0mGET /tables/reports?&_=1705701848390 [32m200[0m 14.594 ms - 1572[0m
[0mGET /inicio?lang=es [36m304[0m 221.217 ms - -[0m
[0mGET /css/datatables/dataTables.css [36m304[0m 6.180 ms - -[0m
[0mGET /css/sidebar/style.css [36m304[0m 13.315 ms - -[0m
[0mGET /css/datatables/responsive.dataTables.min.css [36m304[0m 12.718 ms - -[0m
[0mGET /css/datetime/tempusdominus-bootstrap-4.min.css [36m304[0m 10.624 ms - -[0m
[0mGET /css/bootstrap/bootstrap.min.css [36m304[0m 12.924 ms - -[0m
[0mGET /css/inicio.css [36m304[0m 13.237 ms - -[0m
[0mGET /css/reports.css [36m304[0m 7.848 ms - -[0m
[0mGET /css/production/production.css [36m304[0m 3.598 ms - -[0m
[0mGET /css/keyboard/index.css [36m304[0m 2.986 ms - -[0m
[0mGET /images/logo.png [36m304[0m 3.582 ms - -[0m
[0mGET /images/deka-1.png [36m304[0m 3.762 ms - -[0m
[0mGET /images/process/report2.png [33m404[0m 17.355 ms - 101[0m
[0mGET /images/process/team2.png [33m404[0m 20.852 ms - 101[0m
[0mGET /images/alertnc.png [36m304[0m 23.344 ms - -[0m
[0mGET /js/jquery/jquery-3.3.1.min.js [36m304[0m 21.557 ms - -[0m
[0mGET /js/bootstrap/jquery/popper.min.js [36m304[0m 21.244 ms - -[0m
[0mGET /js/bootstrap/bootstrap.min.js [36m304[0m 23.755 ms - -[0m
[0mGET /images/Q90-LOGO.JPG [36m304[0m 5.336 ms - -[0m
[0mGET /js/calendar/lib/moment.min.js [33m404[0m 10.391 ms - 101[0m
[0mGET /js/calendar/lib/locale/es.js [33m404[0m 13.426 ms - 101[0m
[0mGET /js/calendar/lib/locale/ja.js [33m404[0m 14.746 ms - 101[0m
[0mGET /js/datatables/dataTables.min.js [36m304[0m 3.959 ms - -[0m
[0mGET /js/datatables/dataTables.responsive.min.js [36m304[0m 3.732 ms - -[0m
[0mGET /js/datatables/jszip/jszip.min.js [36m304[0m 13.901 ms - -[0m
[0mGET /js/datetime/tempusdominus-bootstrap-4.min.js [36m304[0m 13.054 ms - -[0m
[0mGET /js/datatables/pdfmake/vfs_fonts.js [36m304[0m 10.495 ms - -[0m
[0mGET /js/datatables/buttons/buttons.html5.min.js [36m304[0m 14.624 ms - -[0m
[0mGET /js/validation/bootstrap-notify.min.js [36m304[0m 14.134 ms - -[0m
[0mGET /js/production/cropme.js [33m404[0m 13.387 ms - 101[0m
[0mGET /js/jquery/jquery.form.min.js [36m304[0m 7.115 ms - -[0m
[0mGET /js/production/production.js [36m304[0m 6.204 ms - -[0m
[0mGET /images//Q90.jpg [36m304[0m 6.886 ms - -[0m
[0mGET /images/Q90.jpg [36m304[0m 3.618 ms - -[0m
[0mGET /js/datatables/languaje/Spanish.json [36m304[0m 5.710 ms - -[0m
[0mGET /css/datatables/DataTables-1.10.18/images/sort_both.png [36m304[0m 5.924 ms - -[0m
[0mGET /css/datatables/DataTables-1.10.18/images/sort_asc.png [36m304[0m 8.657 ms - -[0m
[0mGET /tables/reports?&_=1705701984087 [32m200[0m 13.841 ms - 1572[0m
[ { name: 'Admin' } ]
[0mGET /config/archivos?lang=es [36m304[0m 18.463 ms - -[0m
[ { name: 'Admin' } ]
[0mGET /config/report?lang=es [36m304[0m 11.767 ms - -[0m
[ { name: 'Admin' } ]
[0mGET /config/users?lang=es [36m304[0m 85.980 ms - -[0m
[0mGET /css/production/operators.css [36m304[0m 11.594 ms - -[0m
[0mGET /js/users/users.js [36m304[0m 11.168 ms - -[0m
[0mGET /images/add2.jpg [36m304[0m 5.181 ms - -[0m
[0mGET /js/datatables/languaje/Spanish.json [36m304[0m 5.097 ms - -[0m
[0mGET /tables/users?&_=1705701984088 [32m200[0m 9.102 ms - 222[0m
[0mGET /Inicio [36m304[0m 21.284 ms - -[0m
[0mGET /favicon.ico [33m404[0m 738.460 ms - 101[0m
[0mGET / [32m200[0m 85.662 ms - 3214[0m
[0mGET /css/bootstrap/bootstrap.min.css [36m304[0m 5.453 ms - -[0m
[0mGET /css/login/font-awesome.min.css [36m304[0m 4.657 ms - -[0m
[0mGET /css/login/styleLogin.css [32m200[0m 18.017 ms - 6668[0m
[0mGET /js/loginn/login.js [32m200[0m 22.017 ms - 93[0m
[0mGET /css/login/style.css [32m200[0m 25.026 ms - 3965[0m
[0mGET /images/deka-1.png [32m200[0m 29.196 ms - 17026[0m
[0mGET /js/loginn/reenviarAacceso.js [32m200[0m 2.700 ms - 1075[0m
[0mGET /js/notify.min.js [33m404[0m 7.137 ms - 101[0m
[0mGET /images/Q90.jpg [32m200[0m 4.136 ms - 2037217[0m
[0mGET /inicio?lang=es&idioma=ja [32m200[0m 21.675 ms - 163[0m
[0mGET /favicon.ico [33m404[0m 75.223 ms - 101[0m
[0mGET / [36m304[0m 94.673 ms - -[0m
[0mGET /css/bootstrap/bootstrap.min.css [36m304[0m 11.173 ms - -[0m
[0mGET /js/loginn/login.js [36m304[0m 12.170 ms - -[0m
[0mGET /css/login/style.css [36m304[0m 10.966 ms - -[0m
[0mGET /css/login/styleLogin.css [36m304[0m 6.410 ms - -[0m
[0mGET /css/login/font-awesome.min.css [36m304[0m 10.304 ms - -[0m
[0mGET /images/deka-1.png [36m304[0m 3.907 ms - -[0m
[0mGET /js/notify.min.js [33m404[0m 12.802 ms - 101[0m
[0mGET /js/loginn/reenviarAacceso.js [36m304[0m 11.652 ms - -[0m
[0mGET /images/Q90.jpg [36m304[0m 1.815 ms - -[0m
[ '10926', 'NH37j44b' ]
[0mPOST /login [36m302[0m 93.288 ms - 46[0m
[0mGET / [32m200[0m 73.759 ms - 3321[0m
[0mGET /css/login/font-awesome.min.css [36m304[0m 8.582 ms - -[0m
[0mGET /css/bootstrap/bootstrap.min.css [36m304[0m 7.051 ms - -[0m
[0mGET /css/login/styleLogin.css [36m304[0m 6.320 ms - -[0m
[0mGET /css/login/style.css [36m304[0m 5.604 ms - -[0m
[0mGET /images/deka-1.png [36m304[0m 4.812 ms - -[0m
[0mGET /js/loginn/login.js [36m304[0m 5.153 ms - -[0m
[0mGET /js/loginn/reenviarAacceso.js [36m304[0m 3.528 ms - -[0m
[0mGET /js/notify.min.js [33m404[0m 9.716 ms - 101[0m
[ '10926', 'NH37j44b' ]
[0mPOST /login [36m302[0m 5.766 ms - 46[0m
[0mGET / [36m304[0m 63.312 ms - -[0m
[0mGET /css/bootstrap/bootstrap.min.css [36m304[0m 9.510 ms - -[0m
[0mGET /css/login/font-awesome.min.css [36m304[0m 8.332 ms - -[0m
[0mGET /css/login/styleLogin.css [36m304[0m 6.880 ms - -[0m
[0mGET /css/login/style.css [36m304[0m 6.296 ms - -[0m
[0mGET /images/deka-1.png [36m304[0m 5.737 ms - -[0m
[0mGET /js/loginn/login.js [36m304[0m 7.160 ms - -[0m
[0mGET /js/loginn/reenviarAacceso.js [36m304[0m 2.895 ms - -[0m
[0mGET /js/notify.min.js [33m404[0m 9.365 ms - 101[0m
[ '1', 'n1' ]
[0mPOST /login [36m302[0m 601.514 ms - 46[0m
[0mGET / [32m200[0m 60.217 ms - 3323[0m
[0mGET /css/bootstrap/bootstrap.min.css [36m304[0m 7.889 ms - -[0m
[0mGET /css/login/font-awesome.min.css [36m304[0m 6.557 ms - -[0m
[0mGET /css/login/styleLogin.css [36m304[0m 6.007 ms - -[0m
[0mGET /css/login/style.css [36m304[0m 5.629 ms - -[0m
[0mGET /images/deka-1.png [36m304[0m 6.435 ms - -[0m
[0mGET /js/loginn/login.js [36m304[0m 5.698 ms - -[0m
[0mGET /js/loginn/reenviarAacceso.js [36m304[0m 2.013 ms - -[0m
[0mGET /js/notify.min.js [33m404[0m 5.433 ms - 101[0m
[ '1', '1' ]
[0mPOST /login [36m302[0m 8.517 ms - 74[0m
[0mGET /inicio?lang=es [36m304[0m 321.411 ms - -[0m
[0mGET /css/datatables/dataTables.css [36m304[0m 5.529 ms - -[0m
[0mGET /css/datatables/responsive.dataTables.min.css [36m304[0m 3.164 ms - -[0m
[0mGET /css/bootstrap/bootstrap.min.css [36m304[0m 35.841 ms - -[0m
[0mGET /css/sidebar/style.css [36m304[0m 40.910 ms - -[0m
[0mGET /css/inicio.css [36m304[0m 40.363 ms - -[0m
[0mGET /css/datetime/tempusdominus-bootstrap-4.min.css [36m304[0m 44.593 ms - -[0m
[0mGET /css/reports.css [36m304[0m 41.779 ms - -[0m
[0mGET /css/production/production.css [36m304[0m 13.055 ms - -[0m
[0mGET /images/deka-1.png [36m304[0m 7.083 ms - -[0m
[0mGET /css/keyboard/index.css [36m304[0m 56.378 ms - -[0m
[0mGET /images/logo.png [36m304[0m 12.888 ms - -[0m
[0mGET /images/Q90.jpg [36m304[0m 19.499 ms - -[0m
[0mGET /images/process/report2.png [33m404[0m 10.777 ms - 101[0m
[0mGET /images/process/team2.png [33m404[0m 10.894 ms - 101[0m
[0mGET /js/bootstrap/bootstrap.min.js [36m304[0m 15.099 ms - -[0m
[0mGET /images/alertnc.png [36m304[0m 29.358 ms - -[0m
[0mGET /js/jquery/jquery-3.3.1.min.js [36m304[0m 18.198 ms - -[0m
[0mGET /js/bootstrap/jquery/popper.min.js [36m304[0m 20.034 ms - -[0m
[0mGET /images/Q90-LOGO.JPG [36m304[0m 12.476 ms - -[0m
[0mGET /js/calendar/lib/locale/es.js [33m404[0m 9.746 ms - 101[0m
[0mGET /js/calendar/lib/locale/ja.js [33m404[0m 10.597 ms - 101[0m
[0mGET /js/datatables/dataTables.min.js [36m304[0m 5.101 ms - -[0m
[0mGET /js/calendar/lib/moment.min.js [33m404[0m 40.606 ms - 101[0m
[0mGET /js/datatables/dataTables.responsive.min.js [36m304[0m 6.151 ms - -[0m
[0mGET /js/datatables/jszip/jszip.min.js [36m304[0m 9.194 ms - -[0m
[0mGET /js/datetime/tempusdominus-bootstrap-4.min.js [36m304[0m 13.542 ms - -[0m
[0mGET /js/datatables/pdfmake/vfs_fonts.js [36m304[0m 12.713 ms - -[0m
[0mGET /js/datatables/buttons/buttons.html5.min.js [36m304[0m 5.641 ms - -[0m
[0mGET /js/jquery/jquery.form.min.js [36m304[0m 5.689 ms - -[0m
[0mGET /js/validation/bootstrap-notify.min.js [36m304[0m 7.236 ms - -[0m
[0mGET /js/production/cropme.js [33m404[0m 11.864 ms - 101[0m
[0mGET /js/production/production.js [36m304[0m 8.364 ms - -[0m
[0mGET /images//Q90.jpg [36m304[0m 5.885 ms - -[0m
[0mGET /js/datatables/languaje/Spanish.json [36m304[0m 7.114 ms - -[0m
[0mGET /css/datatables/DataTables-1.10.18/images/sort_both.png [36m304[0m 7.043 ms - -[0m
[0mGET /css/datatables/DataTables-1.10.18/images/sort_asc.png [36m304[0m 5.241 ms - -[0m
[0mGET /tables/reports?&_=1708960833966 [32m200[0m 26.712 ms - 1572[0m
[0mGET / [32m200[0m 163.202 ms - 3214[0m
[0mGET /css/bootstrap/bootstrap.min.css [36m304[0m 8.156 ms - -[0m
[0mGET /css/login/font-awesome.min.css [36m304[0m 6.913 ms - -[0m
[0mGET /css/login/style.css [36m304[0m 7.010 ms - -[0m
[0mGET /css/login/styleLogin.css [36m304[0m 6.783 ms - -[0m
[0mGET /js/loginn/login.js [36m304[0m 7.575 ms - -[0m
[0mGET /images/deka-1.png [36m304[0m 5.975 ms - -[0m
[0mGET /js/loginn/reenviarAacceso.js [36m304[0m 2.271 ms - -[0m
[0mGET /js/notify.min.js [33m404[0m 16.519 ms - 101[0m
[0mGET /images/Q90.jpg [36m304[0m 2.128 ms - -[0m
[0mGET /favicon.ico [33m404[0m 13.468 ms - 101[0m
[ '10926', 'NH37j44b' ]
[0mPOST /login [36m302[0m 44.191 ms - 46[0m
[0mGET / [32m200[0m 75.259 ms - 3321[0m
[0mGET /css/bootstrap/bootstrap.min.css [36m304[0m 8.663 ms - -[0m
[0mGET /css/login/font-awesome.min.css [36m304[0m 7.106 ms - -[0m
[0mGET /css/login/styleLogin.css [36m304[0m 6.405 ms - -[0m
[0mGET /css/login/style.css [36m304[0m 5.819 ms - -[0m
[0mGET /images/deka-1.png [36m304[0m 5.416 ms - -[0m
[0mGET /js/loginn/login.js [36m304[0m 6.594 ms - -[0m
[0mGET /js/loginn/reenviarAacceso.js [36m304[0m 1.604 ms - -[0m
[0mGET /js/notify.min.js [33m404[0m 7.735 ms - 101[0m
[ '1', '1' ]
[0mPOST /login [36m302[0m 14.158 ms - 74[0m
[0mGET /inicio?lang=es [36m304[0m 333.786 ms - -[0m
[0mGET /css/datatables/dataTables.css [36m304[0m 32.128 ms - -[0m
[0mGET /css/datatables/responsive.dataTables.min.css [36m304[0m 29.301 ms - -[0m
[0mGET /css/bootstrap/bootstrap.min.css [36m304[0m 30.406 ms - -[0m
[0mGET /css/sidebar/style.css [36m304[0m 30.446 ms - -[0m
[0mGET /css/inicio.css [36m304[0m 30.830 ms - -[0m
[0mGET /css/datetime/tempusdominus-bootstrap-4.min.css [36m304[0m 30.466 ms - -[0m
[0mGET /css/reports.css [36m304[0m 8.801 ms - -[0m
[0mGET /images/deka-1.png [36m304[0m 10.517 ms - -[0m
[0mGET /images/logo.png [36m304[0m 10.490 ms - -[0m
[0mGET /css/production/production.css [36m304[0m 11.382 ms - -[0m
[0mGET /css/keyboard/index.css [36m304[0m 14.590 ms - -[0m
[0mGET /images/Q90.jpg [36m304[0m 12.620 ms - -[0m
[0mGET /images/process/report2.png [33m404[0m 8.055 ms - 101[0m
[0mGET /images/alertnc.png [36m304[0m 9.831 ms - -[0m
[0mGET /images/process/team2.png [33m404[0m 4.524 ms - 101[0m
[0mGET /js/jquery/jquery-3.3.1.min.js [36m304[0m 6.314 ms - -[0m
[0mGET /js/bootstrap/jquery/popper.min.js [36m304[0m 8.109 ms - -[0m
[0mGET /js/bootstrap/bootstrap.min.js [36m304[0m 8.126 ms - -[0m
[0mGET /js/calendar/lib/moment.min.js [33m404[0m 6.097 ms - 101[0m
[0mGET /images/Q90-LOGO.JPG [36m304[0m 4.945 ms - -[0m
[0mGET /js/calendar/lib/locale/es.js [33m404[0m 7.165 ms - 101[0m
[0mGET /js/calendar/lib/locale/ja.js [33m404[0m 10.020 ms - 101[0m
[0mGET /js/datatables/dataTables.min.js [36m304[0m 7.208 ms - -[0m
[0mGET /js/datatables/dataTables.responsive.min.js [36m304[0m 4.589 ms - -[0m
[0mGET /js/datatables/jszip/jszip.min.js [36m304[0m 9.905 ms - -[0m
[0mGET /js/datetime/tempusdominus-bootstrap-4.min.js [36m304[0m 10.443 ms - -[0m
[0mGET /js/datatables/pdfmake/vfs_fonts.js [36m304[0m 5.507 ms - -[0m
[0mGET /js/datatables/buttons/buttons.html5.min.js [36m304[0m 2.178 ms - -[0m
[0mGET /js/jquery/jquery.form.min.js [36m304[0m 6.166 ms - -[0m
[0mGET /js/production/cropme.js [33m404[0m 9.898 ms - 101[0m
[0mGET /js/production/production.js [36m304[0m 8.743 ms - -[0m
[0mGET /js/validation/bootstrap-notify.min.js [36m304[0m 10.065 ms - -[0m
[0mGET /images//Q90.jpg [36m304[0m 7.295 ms - -[0m
[0mGET /js/datatables/languaje/Spanish.json [36m304[0m 5.153 ms - -[0m
[0mGET /css/datatables/DataTables-1.10.18/images/sort_both.png [36m304[0m 6.447 ms - -[0m
[0mGET /css/datatables/DataTables-1.10.18/images/sort_asc.png [36m304[0m 5.192 ms - -[0m
[0mGET /tables/reports?&_=1709045555231 [32m200[0m 10.128 ms - 1572[0m
[0mGET / [32m200[0m 55.422 ms - 3214[0m
[0mGET /css/bootstrap/bootstrap.min.css [36m304[0m 2.150 ms - -[0m
[0mGET /css/login/font-awesome.min.css [36m304[0m 6.771 ms - -[0m
[0mGET /js/loginn/login.js [36m304[0m 6.199 ms - -[0m
[0mGET /css/login/styleLogin.css [36m304[0m 5.635 ms - -[0m
[0mGET /css/login/style.css [36m304[0m 5.208 ms - -[0m
[0mGET /images/deka-1.png [36m304[0m 5.549 ms - -[0m
[0mGET /js/notify.min.js [33m404[0m 9.626 ms - 101[0m
[0mGET /js/loginn/reenviarAacceso.js [36m304[0m 8.914 ms - -[0m
[0mGET /images/Q90.jpg [36m304[0m 1.828 ms - -[0m
[0mGET / [36m304[0m 47.717 ms - -[0m
[0mGET /css/bootstrap/bootstrap.min.css [36m304[0m 7.471 ms - -[0m
[0mGET /css/login/font-awesome.min.css [36m304[0m 5.442 ms - -[0m
[0mGET /css/login/styleLogin.css [36m304[0m 4.652 ms - -[0m
[0mGET /css/login/style.css [36m304[0m 3.964 ms - -[0m
[0mGET /images/deka-1.png [36m304[0m 3.266 ms - -[0m
[0mGET /js/loginn/login.js [36m304[0m 3.533 ms - -[0m
[0mGET /js/loginn/reenviarAacceso.js [36m304[0m 1.441 ms - -[0m
[0mGET /js/notify.min.js [33m404[0m 8.370 ms - 101[0m
[0mGET / [36m304[0m 152.901 ms - -[0m
[0mGET /css/bootstrap/bootstrap.min.css [36m304[0m 13.978 ms - -[0m
[0mGET /css/login/font-awesome.min.css [36m304[0m 9.248 ms - -[0m
[0mGET /css/login/styleLogin.css [36m304[0m 8.246 ms - -[0m
[0mGET /css/login/style.css [36m304[0m 7.373 ms - -[0m
[0mGET /js/loginn/login.js [36m304[0m 6.475 ms - -[0m
[0mGET /images/deka-1.png [36m304[0m 6.116 ms - -[0m
[0mGET /js/loginn/reenviarAacceso.js [36m304[0m 3.950 ms - -[0m
[0mGET /js/notify.min.js [33m404[0m 16.951 ms - 101[0m
[0mGET /images/Q90.jpg [36m304[0m 1.670 ms - -[0m
[0mGET /favicon.ico [33m404[0m 10.905 ms - 101[0m
[ '10926', 'NH37j44b' ]
[0mPOST /login [36m302[0m 143.870 ms - 46[0m
[0mGET / [32m200[0m 71.530 ms - 3321[0m
[0mGET /css/bootstrap/bootstrap.min.css [36m304[0m 11.373 ms - -[0m
[0mGET /css/login/styleLogin.css [36m304[0m 10.033 ms - -[0m
[0mGET /css/login/font-awesome.min.css [36m304[0m 8.654 ms - -[0m
[0mGET /css/login/style.css [36m304[0m 8.197 ms - -[0m
[0mGET /images/deka-1.png [36m304[0m 7.700 ms - -[0m
[0mGET /js/loginn/login.js [36m304[0m 9.019 ms - -[0m
[0mGET /js/loginn/reenviarAacceso.js [36m304[0m 3.484 ms - -[0m
[0mGET /js/notify.min.js [33m404[0m 7.007 ms - 101[0m
[ '10926', 'JESUSRR123' ]
[0mPOST /login [36m302[0m 5.344 ms - 46[0m
[0mGET / [36m304[0m 60.654 ms - -[0m
[0mGET /css/login/font-awesome.min.css [36m304[0m 10.050 ms - -[0m
[0mGET /css/bootstrap/bootstrap.min.css [36m304[0m 9.039 ms - -[0m
[0mGET /css/login/styleLogin.css [36m304[0m 5.914 ms - -[0m
[0mGET /css/login/style.css [36m304[0m 5.277 ms - -[0m
[0mGET /images/deka-1.png [36m304[0m 4.683 ms - -[0m
[0mGET /js/loginn/login.js [36m304[0m 4.075 ms - -[0m
[0mGET /js/notify.min.js [33m404[0m 14.106 ms - 101[0m
[0mGET /js/loginn/reenviarAacceso.js [36m304[0m 13.580 ms - -[0m
[ 'JESUSRR1' ]
[0mPOST /login [36m302[0m 3.011 ms - 46[0m
[0mGET / [32m200[0m 60.242 ms - 3340[0m
[0mGET /css/bootstrap/bootstrap.min.css [36m304[0m 8.484 ms - -[0m
[0mGET /css/login/font-awesome.min.css [36m304[0m 7.518 ms - -[0m
[0mGET /css/login/styleLogin.css [36m304[0m 6.781 ms - -[0m
[0mGET /css/login/style.css [36m304[0m 6.169 ms - -[0m
[0mGET /js/loginn/login.js [36m304[0m 4.219 ms - -[0m
[0mGET /images/deka-1.png [36m304[0m 5.065 ms - -[0m
[0mGET /js/loginn/reenviarAacceso.js [36m304[0m 1.370 ms - -[0m
[0mGET /js/notify.min.js [33m404[0m 4.882 ms - 101[0m
[ 'jesusrr1' ]
[0mPOST /login [36m302[0m 1.328 ms - 46[0m
[0mGET / [36m304[0m 57.712 ms - -[0m
[0mGET /css/bootstrap/bootstrap.min.css [36m304[0m 4.861 ms - -[0m
[0mGET /css/login/font-awesome.min.css [36m304[0m 4.432 ms - -[0m
[0mGET /css/login/styleLogin.css [36m304[0m 3.678 ms - -[0m
[0mGET /css/login/style.css [36m304[0m 2.070 ms - -[0m
[0mGET /images/deka-1.png [36m304[0m 1.445 ms - -[0m
[0mGET /js/loginn/login.js [36m304[0m 1.761 ms - -[0m
[0mGET /js/loginn/reenviarAacceso.js [36m304[0m 1.813 ms - -[0m
[0mGET /js/notify.min.js [33m404[0m 6.142 ms - 101[0m
[ '10926', 'jesusrr1' ]
[0mPOST /login [36m302[0m 5.212 ms - 46[0m
[0mGET / [32m200[0m 39.525 ms - 3321[0m
[0mGET /css/bootstrap/bootstrap.min.css [36m304[0m 0.877 ms - -[0m
[0mGET /css/login/font-awesome.min.css [36m304[0m 2.841 ms - -[0m
[0mGET /css/login/styleLogin.css [36m304[0m 2.019 ms - -[0m
[0mGET /css/login/style.css [36m304[0m 1.823 ms - -[0m
[0mGET /images/deka-1.png [36m304[0m 1.633 ms - -[0m
[0mGET /js/loginn/login.js [36m304[0m 1.934 ms - -[0m
[0mGET /js/loginn/reenviarAacceso.js [36m304[0m 1.393 ms - -[0m
[0mGET /js/notify.min.js [33m404[0m 2.698 ms - 101[0m
[ '10926', 'jesusrr1' ]
[0mPOST /login [36m302[0m 4.813 ms - 46[0m
[0mGET / [36m304[0m 49.518 ms - -[0m
[0mGET /css/login/font-awesome.min.css [36m304[0m 8.266 ms - -[0m
[0mGET /css/bootstrap/bootstrap.min.css [36m304[0m 7.117 ms - -[0m
[0mGET /css/login/styleLogin.css [36m304[0m 6.762 ms - -[0m
[0mGET /css/login/style.css [36m304[0m 4.997 ms - -[0m
[0mGET /images/deka-1.png [36m304[0m 4.489 ms - -[0m
[0mGET /js/loginn/login.js [36m304[0m 4.543 ms - -[0m
[0mGET /js/loginn/reenviarAacceso.js [36m304[0m 2.877 ms - -[0m
[0mGET /js/notify.min.js [33m404[0m 5.973 ms - 101[0m
[ '10926', 'jesusrr123' ]
[0mPOST /login [36m302[0m 6.382 ms - 46[0m
[0mGET / [36m304[0m 41.148 ms - -[0m
[0mGET /css/bootstrap/bootstrap.min.css [36m304[0m 2.063 ms - -[0m
[0mGET /css/login/font-awesome.min.css [36m304[0m 4.111 ms - -[0m
[0mGET /css/login/styleLogin.css [36m304[0m 3.809 ms - -[0m
[0mGET /css/login/style.css [36m304[0m 2.575 ms - -[0m
[0mGET /images/deka-1.png [36m304[0m 2.287 ms - -[0m
[0mGET /js/loginn/login.js [36m304[0m 2.304 ms - -[0m
[0mGET /js/loginn/reenviarAacceso.js [36m304[0m 1.212 ms - -[0m
[0mGET /js/notify.min.js [33m404[0m 4.815 ms - 101[0m
[ '10926', 'NH37j44b' ]
[0mPOST /login [36m302[0m 5.799 ms - 46[0m
[0mGET / [36m304[0m 39.413 ms - -[0m
[0mGET /css/bootstrap/bootstrap.min.css [36m304[0m 0.971 ms - -[0m
[0mGET /css/login/font-awesome.min.css [36m304[0m 2.867 ms - -[0m
[0mGET /css/login/styleLogin.css [36m304[0m 2.428 ms - -[0m
[0mGET /css/login/style.css [36m304[0m 2.265 ms - -[0m
[0mGET /images/deka-1.png [36m304[0m 2.677 ms - -[0m
[0mGET /js/loginn/login.js [36m304[0m 2.534 ms - -[0m
[0mGET /js/loginn/reenviarAacceso.js [36m304[0m 1.144 ms - -[0m
[0mGET /js/notify.min.js [33m404[0m 2.665 ms - 101[0m
[ '1', '1' ]
[0mPOST /login [36m302[0m 12.865 ms - 74[0m
[0mGET /inicio?lang=es [36m304[0m 268.683 ms - -[0m
[0mGET /css/datatables/dataTables.css [36m304[0m 17.316 ms - -[0m
[0mGET /css/bootstrap/bootstrap.min.css [36m304[0m 20.922 ms - -[0m
[0mGET /css/datatables/responsive.dataTables.min.css [36m304[0m 25.613 ms - -[0m
[0mGET /css/sidebar/style.css [36m304[0m 25.308 ms - -[0m
[0mGET /css/datetime/tempusdominus-bootstrap-4.min.css [36m304[0m 26.167 ms - -[0m
[0mGET /css/inicio.css [36m304[0m 28.559 ms - -[0m
[0mGET /css/reports.css [36m304[0m 23.843 ms - -[0m
[0mGET /images/deka-1.png [36m304[0m 17.562 ms - -[0m
[0mGET /images/Q90.jpg [36m304[0m 10.756 ms - -[0m
[0mGET /css/production/production.css [36m304[0m 22.898 ms - -[0m
[0mGET /images/logo.png [36m304[0m 17.897 ms - -[0m
[0mGET /css/keyboard/index.css [36m304[0m 25.271 ms - -[0m
[0mGET /images/process/report2.png [33m404[0m 10.051 ms - 101[0m
[0mGET /images/alertnc.png [36m304[0m 11.255 ms - -[0m
[0mGET /images/process/team2.png [33m404[0m 12.205 ms - 101[0m
[0mGET /js/jquery/jquery-3.3.1.min.js [36m304[0m 12.125 ms - -[0m
[0mGET /js/bootstrap/jquery/popper.min.js [36m304[0m 11.967 ms - -[0m
[0mGET /js/bootstrap/bootstrap.min.js [36m304[0m 11.805 ms - -[0m
[0mGET /js/calendar/lib/moment.min.js [33m404[0m 3.498 ms - 101[0m
[0mGET /images/Q90-LOGO.JPG [36m304[0m 2.942 ms - -[0m
[0mGET /js/calendar/lib/locale/ja.js [33m404[0m 10.563 ms - 101[0m
[0mGET /js/calendar/lib/locale/es.js [33m404[0m 13.015 ms - 101[0m
[0mGET /js/datatables/dataTables.min.js [36m304[0m 4.674 ms - -[0m
[0mGET /js/datatables/dataTables.responsive.min.js [36m304[0m 3.829 ms - -[0m
[0mGET /js/datetime/tempusdominus-bootstrap-4.min.js [36m304[0m 8.344 ms - -[0m
[0mGET /js/datatables/jszip/jszip.min.js [36m304[0m 8.056 ms - -[0m
[0mGET /js/datatables/pdfmake/vfs_fonts.js [36m304[0m 7.727 ms - -[0m
[0mGET /js/datatables/buttons/buttons.html5.min.js [36m304[0m 7.430 ms - -[0m
[0mGET /js/validation/bootstrap-notify.min.js [36m304[0m 16.402 ms - -[0m
[0mGET /js/jquery/jquery.form.min.js [36m304[0m 13.504 ms - -[0m
[0mGET /js/production/cropme.js [33m404[0m 16.541 ms - 101[0m
[0mGET /js/production/production.js [36m304[0m 19.166 ms - -[0m
[0mGET /images//Q90.jpg [36m304[0m 15.967 ms - -[0m
[0mGET /js/datatables/languaje/Spanish.json [36m304[0m 5.379 ms - -[0m
[0mGET /css/datatables/DataTables-1.10.18/images/sort_both.png [36m304[0m 6.609 ms - -[0m
[0mGET /tables/reports?&_=1710186660668 [32m200[0m 22.226 ms - 1572[0m
[0mGET /css/datatables/DataTables-1.10.18/images/sort_asc.png [36m304[0m 5.180 ms - -[0m
[0mGET /inicio?lang=es [36m304[0m 205.730 ms - -[0m
[0mGET /css/datatables/dataTables.css [36m304[0m 6.806 ms - -[0m
[0mGET /css/datatables/responsive.dataTables.min.css [36m304[0m 5.140 ms - -[0m
[0mGET /css/bootstrap/bootstrap.min.css [36m304[0m 12.360 ms - -[0m
[0mGET /css/sidebar/style.css [36m304[0m 14.310 ms - -[0m
[0mGET /css/reports.css [36m304[0m 12.883 ms - -[0m
[0mGET /css/datetime/tempusdominus-bootstrap-4.min.css [36m304[0m 12.258 ms - -[0m
[0mGET /css/inicio.css [36m304[0m 13.471 ms - -[0m
[0mGET /css/keyboard/index.css [36m304[0m 10.295 ms - -[0m
[0mGET /css/production/production.css [36m304[0m 2.789 ms - -[0m
[0mGET /images/deka-1.png [36m304[0m 7.551 ms - -[0m
[0mGET /images/logo.png [36m304[0m 7.067 ms - -[0m
[0mGET /images/alertnc.png [36m304[0m 11.989 ms - -[0m
[0mGET /images/process/report2.png [33m404[0m 16.353 ms - 101[0m
[0mGET /images/process/team2.png [33m404[0m 27.258 ms - 101[0m
[0mGET /js/jquery/jquery-3.3.1.min.js [36m304[0m 27.280 ms - -[0m
[0mGET /js/bootstrap/jquery/popper.min.js [36m304[0m 25.723 ms - -[0m
[0mGET /js/bootstrap/bootstrap.min.js [36m304[0m 27.794 ms - -[0m
[0mGET /images/Q90-LOGO.JPG [36m304[0m 14.350 ms - -[0m
[0mGET /images/Q90.jpg [36m304[0m 9.745 ms - -[0m
[0mGET /js/calendar/lib/moment.min.js [33m404[0m 11.555 ms - 101[0m
[0mGET /js/calendar/lib/locale/es.js [33m404[0m 14.211 ms - 101[0m
[0mGET /js/calendar/lib/locale/ja.js [33m404[0m 15.599 ms - 101[0m
[0mGET /js/datatables/dataTables.min.js [36m304[0m 3.240 ms - -[0m
[0mGET /js/datatables/dataTables.responsive.min.js [36m304[0m 9.688 ms - -[0m
[0mGET /js/datetime/tempusdominus-bootstrap-4.min.js [36m304[0m 6.569 ms - -[0m
[0mGET /js/datatables/jszip/jszip.min.js [36m304[0m 4.766 ms - -[0m
[0mGET /js/datatables/pdfmake/vfs_fonts.js [36m304[0m 3.541 ms - -[0m
[0mGET /js/datatables/buttons/buttons.html5.min.js [36m304[0m 3.663 ms - -[0m
[0mGET /js/validation/bootstrap-notify.min.js [36m304[0m 7.346 ms - -[0m
[0mGET /js/production/cropme.js [33m404[0m 10.368 ms - 101[0m
[0mGET /js/jquery/jquery.form.min.js [36m304[0m 10.382 ms - -[0m
[0mGET /js/production/production.js [36m304[0m 9.882 ms - -[0m
[0mGET /images//Q90.jpg [36m304[0m 7.734 ms - -[0m
[0mGET /js/datatables/languaje/Spanish.json [36m304[0m 5.154 ms - -[0m
[0mGET /css/datatables/DataTables-1.10.18/images/sort_both.png [36m304[0m 9.067 ms - -[0m
[0mGET /tables/reports?&_=1710186882601 [32m200[0m 8.684 ms - 1572[0m
[0mGET /css/datatables/DataTables-1.10.18/images/sort_asc.png [36m304[0m 6.189 ms - -[0m
[0mGET /inicio?lang=es [36m304[0m 199.229 ms - -[0m
[0mGET /css/datatables/dataTables.css [36m304[0m 14.151 ms - -[0m
[0mGET /css/datatables/responsive.dataTables.min.css [36m304[0m 21.184 ms - -[0m
[0mGET /css/bootstrap/bootstrap.min.css [36m304[0m 20.406 ms - -[0m
[0mGET /css/sidebar/style.css [36m304[0m 19.762 ms - -[0m
[0mGET /css/datetime/tempusdominus-bootstrap-4.min.css [36m304[0m 19.304 ms - -[0m
[0mGET /css/inicio.css [36m304[0m 18.924 ms - -[0m
[0mGET /css/reports.css [36m304[0m 6.172 ms - -[0m
[0mGET /css/keyboard/index.css [36m304[0m 7.540 ms - -[0m
[0mGET /css/production/production.css [36m304[0m 7.488 ms - -[0m
[0mGET /images/deka-1.png [36m304[0m 4.820 ms - -[0m
[0mGET /images/logo.png [36m304[0m 4.431 ms - -[0m
[0mGET /images/alertnc.png [36m304[0m 12.016 ms - -[0m
[0mGET /images/process/report2.png [33m404[0m 19.010 ms - 101[0m
[0mGET /images/process/team2.png [33m404[0m 19.103 ms - 101[0m
[0mGET /js/jquery/jquery-3.3.1.min.js [36m304[0m 18.548 ms - -[0m
[0mGET /js/bootstrap/jquery/popper.min.js [36m304[0m 20.744 ms - -[0m
[0mGET /js/bootstrap/bootstrap.min.js [36m304[0m 19.122 ms - -[0m
[0mGET /images/Q90-LOGO.JPG [36m304[0m 7.993 ms - -[0m
[0mGET /images/Q90.jpg [36m304[0m 2.917 ms - -[0m
[0mGET /js/calendar/lib/moment.min.js [33m404[0m 13.723 ms - 101[0m
[0mGET /js/calendar/lib/locale/es.js [33m404[0m 15.704 ms - 101[0m
[0mGET /js/calendar/lib/locale/ja.js [33m404[0m 24.995 ms - 101[0m
[0mGET /js/datatables/dataTables.min.js [36m304[0m 21.969 ms - -[0m
[0mGET /js/datatables/dataTables.responsive.min.js [36m304[0m 1.857 ms - -[0m
[0mGET /js/datetime/tempusdominus-bootstrap-4.min.js [36m304[0m 1.747 ms - -[0m
[0mGET /js/datatables/jszip/jszip.min.js [36m304[0m 2.215 ms - -[0m
[0mGET /js/datatables/pdfmake/vfs_fonts.js [36m304[0m 7.732 ms - -[0m
[0mGET /js/datatables/buttons/buttons.html5.min.js [36m304[0m 8.993 ms - -[0m
[0mGET /js/validation/bootstrap-notify.min.js [36m304[0m 7.704 ms - -[0m
[0mGET /js/production/cropme.js [33m404[0m 8.553 ms - 101[0m
[0mGET /js/jquery/jquery.form.min.js [36m304[0m 2.959 ms - -[0m
[0mGET /images//Q90.jpg [36m304[0m 5.812 ms - -[0m
[0mGET /js/production/production.js [36m304[0m 5.923 ms - -[0m
[0mGET /js/datatables/languaje/Spanish.json [36m304[0m 4.684 ms - -[0m
[0mGET /css/datatables/DataTables-1.10.18/images/sort_both.png [36m304[0m 4.864 ms - -[0m
[0mGET /tables/reports?&_=1710186934782 [32m200[0m 8.305 ms - 1572[0m
[0mGET /css/datatables/DataTables-1.10.18/images/sort_asc.png [36m304[0m 4.555 ms - -[0m
[0mGET /inicio?lang=es [32m200[0m 9.229 ms - 163[0m
[0mGET / [32m200[0m 137.894 ms - 3214[0m
[0mGET /css/bootstrap/bootstrap.min.css [36m304[0m 6.427 ms - -[0m
[0mGET /css/login/style.css [36m304[0m 8.549 ms - -[0m
[0mGET /css/login/font-awesome.min.css [36m304[0m 7.572 ms - -[0m
[0mGET /css/login/styleLogin.css [36m304[0m 6.205 ms - -[0m
[0mGET /images/deka-1.png [36m304[0m 4.223 ms - -[0m
[0mGET /js/loginn/login.js [36m304[0m 3.369 ms - -[0m
[0mGET /js/notify.min.js [33m404[0m 14.296 ms - 101[0m
[0mGET /js/loginn/reenviarAacceso.js [36m304[0m 18.509 ms - -[0m
[0mGET /images/Q90.jpg [36m304[0m 3.759 ms - -[0m
[ '1', '1' ]
[0mPOST /login [36m302[0m 26.272 ms - 74[0m
[0mGET /inicio?lang=es [32m200[0m 364.020 ms - 23956[0m
[0mGET /css/datatables/dataTables.css [36m304[0m 15.130 ms - -[0m
[0mGET /css/datatables/responsive.dataTables.min.css [36m304[0m 16.532 ms - -[0m
[0mGET /css/bootstrap/bootstrap.min.css [36m304[0m 15.854 ms - -[0m
[0mGET /css/sidebar/style.css [36m304[0m 16.299 ms - -[0m
[0mGET /css/inicio.css [36m304[0m 14.508 ms - -[0m
[0mGET /css/datetime/tempusdominus-bootstrap-4.min.css [36m304[0m 22.170 ms - -[0m
[0mGET /css/reports.css [36m304[0m 14.754 ms - -[0m
[0mGET /css/production/production.css [36m304[0m 9.187 ms - -[0m
[0mGET /images/deka-1.png [36m304[0m 4.205 ms - -[0m
[0mGET /images/logo.png [36m304[0m 2.831 ms - -[0m
[0mGET /css/keyboard/index.css [36m304[0m 27.447 ms - -[0m
[0mGET /images/Q90.jpg [36m304[0m 3.385 ms - -[0m
[0mGET /images/alertnc.png [36m304[0m 3.664 ms - -[0m
[0mGET /images/process/report2.png [33m404[0m 6.638 ms - 101[0m
[0mGET /images/process/team2.png [33m404[0m 5.316 ms - 101[0m
[0mGET /js/jquery/jquery-3.3.1.min.js [36m304[0m 15.770 ms - -[0m
[0mGET /js/bootstrap/jquery/popper.min.js [36m304[0m 13.956 ms - -[0m
[0mGET /js/bootstrap/bootstrap.min.js [36m304[0m 13.085 ms - -[0m
[0mGET /js/calendar/lib/moment.min.js [33m404[0m 14.461 ms - 101[0m
[0mGET /images/Q90-LOGO.JPG [36m304[0m 3.658 ms - -[0m
[0mGET /js/calendar/lib/locale/es.js [33m404[0m 10.610 ms - 101[0m
[0mGET /js/calendar/lib/locale/ja.js [33m404[0m 14.328 ms - 101[0m
[0mGET /js/datatables/dataTables.min.js [36m304[0m 15.226 ms - -[0m
[0mGET /js/datatables/dataTables.responsive.min.js [36m304[0m 3.379 ms - -[0m
[0mGET /js/datetime/tempusdominus-bootstrap-4.min.js [36m304[0m 4.708 ms - -[0m
[0mGET /js/datatables/jszip/jszip.min.js [36m304[0m 4.268 ms - -[0m
[0mGET /js/datatables/pdfmake/vfs_fonts.js [36m304[0m 4.419 ms - -[0m
[0mGET /js/datatables/buttons/buttons.html5.min.js [36m304[0m 4.342 ms - -[0m
[0mGET /js/validation/bootstrap-notify.min.js [36m304[0m 5.264 ms - -[0m
[0mGET /js/production/cropme.js [33m404[0m 12.436 ms - 101[0m
[0mGET /js/jquery/jquery.form.min.js [36m304[0m 11.109 ms - -[0m
[0mGET /js/production/production.js [36m304[0m 7.396 ms - -[0m
[0mGET /images//Q90.jpg [36m304[0m 3.287 ms - -[0m
[0mGET /js/datatables/languaje/Spanish.json [36m304[0m 6.124 ms - -[0m
[0mGET /css/datatables/DataTables-1.10.18/images/sort_both.png [36m304[0m 6.341 ms - -[0m
[0mGET /tables/reports?&_=1710196278521 [32m200[0m 9.922 ms - 1572[0m
[0mGET /css/datatables/DataTables-1.10.18/images/sort_asc.png [36m304[0m 5.814 ms - -[0m
[0mGET /inicio?lang=es [36m304[0m 223.831 ms - -[0m
[0mGET /css/datatables/dataTables.css [36m304[0m 7.524 ms - -[0m
[0mGET /css/datatables/responsive.dataTables.min.css [36m304[0m 4.862 ms - -[0m
[0mGET /css/bootstrap/bootstrap.min.css [36m304[0m 14.146 ms - -[0m
[0mGET /css/sidebar/style.css [36m304[0m 13.845 ms - -[0m
[0mGET /css/datetime/tempusdominus-bootstrap-4.min.css [36m304[0m 12.918 ms - -[0m
[0mGET /css/inicio.css [36m304[0m 12.644 ms - -[0m
[0mGET /css/keyboard/index.css [36m304[0m 17.776 ms - -[0m
[0mGET /css/production/production.css [36m304[0m 9.095 ms - -[0m
[0mGET /css/reports.css [36m304[0m 26.358 ms - -[0m
[0mGET /images/logo.png [36m304[0m 10.833 ms - -[0m
[0mGET /images/deka-1.png [36m304[0m 7.437 ms - -[0m
[0mGET /images/alertnc.png [36m304[0m 17.304 ms - -[0m
[0mGET /images/process/team2.png [33m404[0m 14.186 ms - 101[0m
[0mGET /images/process/report2.png [33m404[0m 18.114 ms - 101[0m
[0mGET /js/jquery/jquery-3.3.1.min.js [36m304[0m 17.619 ms - -[0m
[0mGET /js/bootstrap/jquery/popper.min.js [36m304[0m 17.313 ms - -[0m
[0mGET /js/bootstrap/bootstrap.min.js [36m304[0m 17.844 ms - -[0m
[0mGET /images/Q90.jpg [36m304[0m 3.084 ms - -[0m
[0mGET /images/Q90-LOGO.JPG [36m304[0m 11.743 ms - -[0m
[0mGET /js/calendar/lib/moment.min.js [33m404[0m 13.597 ms - 101[0m
[0mGET /js/calendar/lib/locale/ja.js [33m404[0m 16.515 ms - 101[0m
[0mGET /js/calendar/lib/locale/es.js [33m404[0m 21.359 ms - 101[0m
[0mGET /js/datatables/dataTables.min.js [36m304[0m 5.790 ms - -[0m
[0mGET /js/datatables/dataTables.responsive.min.js [36m304[0m 3.110 ms - -[0m
[0mGET /js/datetime/tempusdominus-bootstrap-4.min.js [36m304[0m 10.966 ms - -[0m
[0mGET /js/datatables/jszip/jszip.min.js [36m304[0m 11.970 ms - -[0m
[0mGET /js/datatables/pdfmake/vfs_fonts.js [36m304[0m 10.142 ms - -[0m
[0mGET /js/datatables/buttons/buttons.html5.min.js [36m304[0m 17.582 ms - -[0m
[0mGET /js/validation/bootstrap-notify.min.js [36m304[0m 13.963 ms - -[0m
[0mGET /js/production/cropme.js [33m404[0m 15.088 ms - 101[0m
[0mGET /js/jquery/jquery.form.min.js [36m304[0m 12.227 ms - -[0m
[0mGET /js/production/production.js [36m304[0m 11.420 ms - -[0m
[0mGET /images//Q90.jpg [36m304[0m 11.876 ms - -[0m
[0mGET /js/datatables/languaje/Spanish.json [36m304[0m 9.510 ms - -[0m
[0mGET /css/datatables/DataTables-1.10.18/images/sort_both.png [36m304[0m 5.400 ms - -[0m
[0mGET /tables/reports?&_=1710196416932 [32m200[0m 7.142 ms - 1572[0m
[0mGET /css/datatables/DataTables-1.10.18/images/sort_asc.png [36m304[0m 4.731 ms - -[0m
[0mGET /inicio?lang=es [36m304[0m 201.155 ms - -[0m
[0mGET /css/datatables/dataTables.css [36m304[0m 13.417 ms - -[0m
[0mGET /css/datatables/responsive.dataTables.min.css [36m304[0m 14.308 ms - -[0m
[0mGET /css/bootstrap/bootstrap.min.css [36m304[0m 14.132 ms - -[0m
[0mGET /css/sidebar/style.css [36m304[0m 16.917 ms - -[0m
[0mGET /css/datetime/tempusdominus-bootstrap-4.min.css [36m304[0m 15.938 ms - -[0m
[0mGET /css/inicio.css [36m304[0m 16.016 ms - -[0m
[0mGET /css/reports.css [36m304[0m 5.928 ms - -[0m
[0mGET /css/keyboard/index.css [36m304[0m 7.810 ms - -[0m
[0mGET /css/production/production.css [36m304[0m 5.380 ms - -[0m
[0mGET /images/logo.png [36m304[0m 4.316 ms - -[0m
[0mGET /images/deka-1.png [36m304[0m 4.114 ms - -[0m
[0mGET /images/alertnc.png [36m304[0m 7.447 ms - -[0m
[0mGET /images/process/report2.png [33m404[0m 14.692 ms - 101[0m
[0mGET /js/jquery/jquery-3.3.1.min.js [36m304[0m 12.603 ms - -[0m
[0mGET /js/bootstrap/bootstrap.min.js [36m304[0m 11.948 ms - -[0m
[0mGET /images/Q90.jpg [36m304[0m 7.559 ms - -[0m
[0mGET /images/process/team2.png [33m404[0m 28.235 ms - 101[0m
[0mGET /js/bootstrap/jquery/popper.min.js [36m304[0m 29.777 ms - -[0m
[0mGET /js/calendar/lib/moment.min.js [33m404[0m 7.279 ms - 101[0m
[0mGET /js/calendar/lib/locale/es.js [33m404[0m 4.612 ms - 101[0m
[0mGET /js/calendar/lib/locale/ja.js [33m404[0m 6.181 ms - 101[0m
[0mGET /js/datatables/dataTables.min.js [36m304[0m 3.052 ms - -[0m
[0mGET /js/datatables/dataTables.responsive.min.js [36m304[0m 2.711 ms - -[0m
[0mGET /js/datetime/tempusdominus-bootstrap-4.min.js [36m304[0m 6.042 ms - -[0m
[0mGET /js/datatables/jszip/jszip.min.js [36m304[0m 5.045 ms - -[0m
[0mGET /js/datatables/pdfmake/vfs_fonts.js [36m304[0m 13.489 ms - -[0m
[0mGET /js/datatables/buttons/buttons.html5.min.js [36m304[0m 15.200 ms - -[0m
[0mGET /js/validation/bootstrap-notify.min.js [36m304[0m 14.510 ms - -[0m
[0mGET /js/production/cropme.js [33m404[0m 13.539 ms - 101[0m
[0mGET /js/jquery/jquery.form.min.js [36m304[0m 11.115 ms - -[0m
[0mGET /js/production/production.js [36m304[0m 4.132 ms - -[0m
[0mGET /images//Q90.jpg [36m304[0m 4.348 ms - -[0m
[0mGET /js/datatables/languaje/Spanish.json [36m304[0m 5.003 ms - -[0m
[0mGET /tables/reports?&_=1710196424041 [32m200[0m 8.012 ms - 1572[0m
[0mGET /inicio?lang=es [36m304[0m 209.211 ms - -[0m
[0mGET /css/datatables/dataTables.css [36m304[0m 6.479 ms - -[0m
[0mGET /css/datatables/responsive.dataTables.min.css [36m304[0m 8.528 ms - -[0m
[0mGET /css/bootstrap/bootstrap.min.css [36m304[0m 12.345 ms - -[0m
[0mGET /css/sidebar/style.css [36m304[0m 17.954 ms - -[0m
[0mGET /css/datetime/tempusdominus-bootstrap-4.min.css [36m304[0m 19.998 ms - -[0m
[0mGET /css/inicio.css [36m304[0m 19.783 ms - -[0m
[0mGET /css/reports.css [36m304[0m 22.191 ms - -[0m
[0mGET /css/keyboard/index.css [36m304[0m 10.296 ms - -[0m
[0mGET /css/production/production.css [36m304[0m 7.005 ms - -[0m
[0mGET /images/deka-1.png [36m304[0m 4.368 ms - -[0m
[0mGET /images/logo.png [36m304[0m 3.664 ms - -[0m
[0mGET /images/alertnc.png [36m304[0m 4.234 ms - -[0m
[0mGET /images/process/report2.png [33m404[0m 10.090 ms - 101[0m
[0mGET /images/process/team2.png [33m404[0m 15.449 ms - 101[0m
[0mGET /js/jquery/jquery-3.3.1.min.js [36m304[0m 13.991 ms - -[0m
[0mGET /js/bootstrap/jquery/popper.min.js [36m304[0m 14.158 ms - -[0m
[0mGET /js/bootstrap/bootstrap.min.js [36m304[0m 13.601 ms - -[0m
[0mGET /js/calendar/lib/moment.min.js [33m404[0m 7.512 ms - 101[0m
[0mGET /images/Q90-LOGO.JPG [36m304[0m 4.226 ms - -[0m
[0mGET /js/calendar/lib/locale/es.js [33m404[0m 12.379 ms - 101[0m
[0mGET /js/calendar/lib/locale/ja.js [33m404[0m 13.614 ms - 101[0m
[0mGET /js/datatables/dataTables.min.js [36m304[0m 4.645 ms - -[0m
[0mGET /js/datatables/dataTables.responsive.min.js [36m304[0m 5.833 ms - -[0m
[0mGET /js/datetime/tempusdominus-bootstrap-4.min.js [36m304[0m 5.724 ms - -[0m
[0mGET /js/datatables/jszip/jszip.min.js [36m304[0m 6.941 ms - -[0m
[0mGET /js/datatables/buttons/buttons.html5.min.js [36m304[0m 10.749 ms - -[0m
[0mGET /js/datatables/pdfmake/vfs_fonts.js [36m304[0m 10.773 ms - -[0m
[0mGET /js/validation/bootstrap-notify.min.js [36m304[0m 4.950 ms - -[0m
[0mGET /js/production/cropme.js [33m404[0m 5.486 ms - 101[0m
[0mGET /js/jquery/jquery.form.min.js [36m304[0m 6.038 ms - -[0m
[0mGET /js/production/production.js [36m304[0m 6.044 ms - -[0m
[0mGET /images//Q90.jpg [36m304[0m 8.706 ms - -[0m
[0mGET /images/Q90.jpg [36m304[0m 7.330 ms - -[0m
[0mGET /js/datatables/languaje/Spanish.json [36m304[0m 7.558 ms - -[0m
[0mGET /css/datatables/DataTables-1.10.18/images/sort_both.png [36m304[0m 8.198 ms - -[0m
[0mGET /css/datatables/DataTables-1.10.18/images/sort_asc.png [36m304[0m 6.331 ms - -[0m
[0mGET /tables/reports?&_=1710197788571 [32m200[0m 8.622 ms - 1572[0m
[0mGET / [36m304[0m 139.968 ms - -[0m
[0mGET /css/bootstrap/bootstrap.min.css [36m304[0m 6.725 ms - -[0m
[0mGET /css/login/font-awesome.min.css [36m304[0m 3.628 ms - -[0m
[0mGET /css/login/style.css [36m304[0m 4.013 ms - -[0m
[0mGET /css/login/styleLogin.css [36m304[0m 3.002 ms - -[0m
[0mGET /js/loginn/login.js [36m304[0m 4.669 ms - -[0m
[0mGET /images/deka-1.png [36m304[0m 3.060 ms - -[0m
[0mGET /js/loginn/reenviarAacceso.js [36m304[0m 2.581 ms - -[0m
[0mGET /js/notify.min.js [33m404[0m 15.011 ms - 101[0m
[0mGET /images/Q90.jpg [36m304[0m 12.538 ms - -[0m
[0mGET /favicon.ico [33m404[0m 6.436 ms - 101[0m
[ '10926', 'NH37j44b' ]
[0mPOST /login [36m302[0m 47.601 ms - 46[0m
[0mGET / [32m200[0m 70.867 ms - 3321[0m
[0mGET /css/login/font-awesome.min.css [36m304[0m 8.300 ms - -[0m
[0mGET /css/bootstrap/bootstrap.min.css [36m304[0m 6.998 ms - -[0m
[0mGET /css/login/styleLogin.css [36m304[0m 4.713 ms - -[0m
[0mGET /css/login/style.css [36m304[0m 4.003 ms - -[0m
[0mGET /images/deka-1.png [36m304[0m 4.146 ms - -[0m
[0mGET /js/loginn/login.js [36m304[0m 3.754 ms - -[0m
[0mGET /js/loginn/reenviarAacceso.js [36m304[0m 1.940 ms - -[0m
[0mGET /js/notify.min.js [33m404[0m 8.685 ms - 101[0m
[ '10926', 'jesusrr123' ]
[0mPOST /login [36m302[0m 3.809 ms - 46[0m
[0mGET / [36m304[0m 77.197 ms - -[0m
[0mGET /css/bootstrap/bootstrap.min.css [36m304[0m 8.708 ms - -[0m
[0mGET /css/login/font-awesome.min.css [36m304[0m 7.247 ms - -[0m
[0mGET /css/login/styleLogin.css [36m304[0m 6.554 ms - -[0m
[0mGET /css/login/style.css [36m304[0m 5.861 ms - -[0m
[0mGET /images/deka-1.png [36m304[0m 5.149 ms - -[0m
[0mGET /js/loginn/login.js [36m304[0m 4.438 ms - -[0m
[0mGET /js/loginn/reenviarAacceso.js [36m304[0m 1.329 ms - -[0m
[0mGET /js/notify.min.js [33m404[0m 3.664 ms - 101[0m
[ '1', '1', '' ]
[0mPOST /login [36m302[0m 17.376 ms - 74[0m
[0mGET /inicio?lang=es [36m304[0m 295.824 ms - -[0m
[0mGET /css/datatables/dataTables.css [36m304[0m 28.774 ms - -[0m
[0mGET /css/datatables/responsive.dataTables.min.css [36m304[0m 38.254 ms - -[0m
[0mGET /css/bootstrap/bootstrap.min.css [36m304[0m 37.485 ms - -[0m
[0mGET /css/sidebar/style.css [36m304[0m 38.175 ms - -[0m
[0mGET /css/datetime/tempusdominus-bootstrap-4.min.css [36m304[0m 38.473 ms - -[0m
[0mGET /css/inicio.css [36m304[0m 37.839 ms - -[0m
[0mGET /css/reports.css [36m304[0m 7.704 ms - -[0m
[0mGET /css/production/production.css [36m304[0m 4.555 ms - -[0m
[0mGET /images/deka-1.png [36m304[0m 4.917 ms - -[0m
[0mGET /css/keyboard/index.css [36m304[0m 14.638 ms - -[0m
[0mGET /images/Q90.jpg [36m304[0m 5.137 ms - -[0m
[0mGET /images/logo.png [36m304[0m 5.258 ms - -[0m
[0mGET /images/alertnc.png [36m304[0m 3.678 ms - -[0m
[0mGET /images/process/report2.png [33m404[0m 17.171 ms - 101[0m
[0mGET /images/process/team2.png [33m404[0m 18.545 ms - 101[0m
[0mGET /js/jquery/jquery-3.3.1.min.js [36m304[0m 19.092 ms - -[0m
[0mGET /js/calendar/lib/moment.min.js [33m404[0m 16.099 ms - 101[0m
[0mGET /js/bootstrap/bootstrap.min.js [36m304[0m 19.232 ms - -[0m
[0mGET /js/bootstrap/jquery/popper.min.js [36m304[0m 20.774 ms - -[0m
[0mGET /images/Q90-LOGO.JPG [36m304[0m 3.406 ms - -[0m
[0mGET /js/calendar/lib/locale/es.js [33m404[0m 6.241 ms - 101[0m
[0mGET /js/calendar/lib/locale/ja.js [33m404[0m 8.553 ms - 101[0m
[0mGET /js/datatables/dataTables.min.js [36m304[0m 9.918 ms - -[0m
[0mGET /js/datatables/dataTables.responsive.min.js [36m304[0m 3.740 ms - -[0m
[0mGET /js/datetime/tempusdominus-bootstrap-4.min.js [36m304[0m 8.874 ms - -[0m
[0mGET /js/datatables/jszip/jszip.min.js [36m304[0m 8.266 ms - -[0m
[0mGET /js/datatables/pdfmake/vfs_fonts.js [36m304[0m 9.398 ms - -[0m
[0mGET /js/datatables/buttons/buttons.html5.min.js [36m304[0m 8.871 ms - -[0m
[0mGET /js/validation/bootstrap-notify.min.js [36m304[0m 5.072 ms - -[0m
[0mGET /js/production/cropme.js [33m404[0m 7.136 ms - 101[0m
[0mGET /js/jquery/jquery.form.min.js [36m304[0m 4.601 ms - -[0m
[0mGET /js/production/production.js [36m304[0m 4.455 ms - -[0m
[0mGET /images//Q90.jpg [36m304[0m 3.864 ms - -[0m
[0mGET /js/datatables/languaje/Spanish.json [36m304[0m 4.118 ms - -[0m
[0mGET /css/datatables/DataTables-1.10.18/images/sort_both.png [36m304[0m 4.587 ms - -[0m
[0mGET /css/datatables/DataTables-1.10.18/images/sort_asc.png [36m304[0m 3.997 ms - -[0m
[0mGET /tables/reports?&_=1710442398676 [32m200[0m 19.548 ms - 1572[0m
[0mGET /inicio?lang=es [36m304[0m 219.433 ms - -[0m
[0mGET /css/datatables/dataTables.css [36m304[0m 14.139 ms - -[0m
[0mGET /css/datatables/responsive.dataTables.min.css [36m304[0m 15.292 ms - -[0m
[0mGET /css/bootstrap/bootstrap.min.css [36m304[0m 14.481 ms - -[0m
[0mGET /css/sidebar/style.css [36m304[0m 15.555 ms - -[0m
[0mGET /css/datetime/tempusdominus-bootstrap-4.min.css [36m304[0m 11.335 ms - -[0m
[0mGET /css/inicio.css [36m304[0m 10.402 ms - -[0m
[0mGET /css/reports.css [36m304[0m 3.015 ms - -[0m
[0mGET /css/keyboard/index.css [36m304[0m 6.224 ms - -[0m
[0mGET /css/production/production.css [36m304[0m 5.547 ms - -[0m
[0mGET /images/deka-1.png [36m304[0m 3.303 ms - -[0m
[0mGET /images/logo.png [36m304[0m 3.088 ms - -[0m
[0mGET /images/alertnc.png [36m304[0m 3.780 ms - -[0m
[0mGET /images/process/report2.png [33m404[0m 6.954 ms - 101[0m
[0mGET /images/process/team2.png [33m404[0m 15.395 ms - 101[0m
[0mGET /js/jquery/jquery-3.3.1.min.js [36m304[0m 3.888 ms - -[0m
[0mGET /js/bootstrap/jquery/popper.min.js [36m304[0m 9.722 ms - -[0m
[0mGET /js/bootstrap/bootstrap.min.js [36m304[0m 8.922 ms - -[0m
[0mGET /images/Q90.jpg [36m304[0m 5.430 ms - -[0m
[0mGET /js/calendar/lib/moment.min.js [33m404[0m 15.761 ms - 101[0m
[0mGET /js/calendar/lib/locale/es.js [33m404[0m 17.980 ms - 101[0m
[0mGET /js/calendar/lib/locale/ja.js [33m404[0m 13.081 ms - 101[0m
[0mGET /js/datatables/dataTables.min.js [36m304[0m 14.186 ms - -[0m
[0mGET /js/datetime/tempusdominus-bootstrap-4.min.js [36m304[0m 9.293 ms - -[0m
[0mGET /js/datatables/dataTables.responsive.min.js [36m304[0m 9.414 ms - -[0m
[0mGET /js/datatables/jszip/jszip.min.js [36m304[0m 4.774 ms - -[0m
[0mGET /js/datatables/pdfmake/vfs_fonts.js [36m304[0m 5.512 ms - -[0m
[0mGET /js/datatables/buttons/buttons.html5.min.js [36m304[0m 6.220 ms - -[0m
[0mGET /js/validation/bootstrap-notify.min.js [36m304[0m 11.695 ms - -[0m
[0mGET /js/production/cropme.js [33m404[0m 13.869 ms - 101[0m
[0mGET /js/jquery/jquery.form.min.js [36m304[0m 10.110 ms - -[0m
[0mGET /js/production/production.js [36m304[0m 3.138 ms - -[0m
[0mGET /images/Q90-LOGO.JPG [36m304[0m 3.496 ms - -[0m
[0mGET /images//Q90.jpg [36m304[0m 2.937 ms - -[0m
[0mGET /js/datatables/languaje/Spanish.json [36m304[0m 5.241 ms - -[0m
[0mGET /css/datatables/DataTables-1.10.18/images/sort_both.png [36m304[0m 5.072 ms - -[0m
[0mGET /css/datatables/DataTables-1.10.18/images/sort_asc.png [36m304[0m 5.517 ms - -[0m
[0mGET /tables/reports?&_=1710442454769 [32m200[0m 12.690 ms - 1572[0m
[0mGET /inicio?lang=es [36m304[0m 303.097 ms - -[0m
[0mGET /css/datatables/dataTables.css [36m304[0m 7.514 ms - -[0m
[0mGET /css/datatables/responsive.dataTables.min.css [36m304[0m 6.592 ms - -[0m
[0mGET /css/bootstrap/bootstrap.min.css [36m304[0m 12.973 ms - -[0m
[0mGET /css/sidebar/style.css [36m304[0m 11.704 ms - -[0m
[0mGET /css/datetime/tempusdominus-bootstrap-4.min.css [36m304[0m 13.075 ms - -[0m
[0mGET /css/inicio.css [36m304[0m 13.318 ms - -[0m
[0mGET /css/reports.css [36m304[0m 10.320 ms - -[0m
[0mGET /css/keyboard/index.css [36m304[0m 9.951 ms - -[0m
[0mGET /css/production/production.css [36m304[0m 3.252 ms - -[0m
[0mGET /images/logo.png [36m304[0m 22.140 ms - -[0m
[0mGET /images/deka-1.png [36m304[0m 21.434 ms - -[0m
[0mGET /images/process/report2.png [33m404[0m 33.428 ms - 101[0m
[0mGET /images/alertnc.png [36m304[0m 37.913 ms - -[0m
[0mGET /images/process/team2.png [33m404[0m 39.565 ms - 101[0m
[0mGET /js/jquery/jquery-3.3.1.min.js [36m304[0m 42.932 ms - -[0m
[0mGET /images/Q90.jpg [36m304[0m 25.403 ms - -[0m
[0mGET /images/Q90-LOGO.JPG [36m304[0m 25.564 ms - -[0m
[0mGET /js/bootstrap/jquery/popper.min.js [36m304[0m 2.271 ms - -[0m
[0mGET /js/bootstrap/bootstrap.min.js [36m304[0m 2.376 ms - -[0m
[0mGET /js/calendar/lib/moment.min.js [33m404[0m 4.436 ms - 101[0m
[0mGET /js/calendar/lib/locale/es.js [33m404[0m 4.223 ms - 101[0m
[0mGET /js/datatables/dataTables.min.js [36m304[0m 4.123 ms - -[0m
[0mGET /js/calendar/lib/locale/ja.js [33m404[0m 9.399 ms - 101[0m
[0mGET /js/datatables/dataTables.responsive.min.js [36m304[0m 4.567 ms - -[0m
[0mGET /js/datetime/tempusdominus-bootstrap-4.min.js [36m304[0m 8.812 ms - -[0m
[0mGET /js/datatables/jszip/jszip.min.js [36m304[0m 6.443 ms - -[0m
[0mGET /js/datatables/pdfmake/vfs_fonts.js [36m304[0m 7.136 ms - -[0m
[0mGET /js/datatables/buttons/buttons.html5.min.js [36m304[0m 5.064 ms - -[0m
[0mGET /js/validation/bootstrap-notify.min.js [36m304[0m 6.286 ms - -[0m
[0mGET /js/production/cropme.js [33m404[0m 10.376 ms - 101[0m
[0mGET /js/jquery/jquery.form.min.js [36m304[0m 10.242 ms - -[0m
[0mGET /js/production/production.js [36m304[0m 10.674 ms - -[0m
[0mGET /images//Q90.jpg [36m304[0m 10.508 ms - -[0m
[0mGET /js/datatables/languaje/Spanish.json [36m304[0m 6.172 ms - -[0m
[0mGET /css/datatables/DataTables-1.10.18/images/sort_both.png [36m304[0m 18.193 ms - -[0m
[0mGET /css/datatables/DataTables-1.10.18/images/sort_asc.png [36m304[0m 11.016 ms - -[0m
[0mGET /tables/reports?&_=1710442519365 [32m200[0m 13.703 ms - 1572[0m
[0mGET /inicio?lang=es [36m304[0m 195.197 ms - -[0m
[0mGET /css/datatables/dataTables.css [36m304[0m 12.255 ms - -[0m
[0mGET /css/datatables/responsive.dataTables.min.css [36m304[0m 11.324 ms - -[0m
[0mGET /css/bootstrap/bootstrap.min.css [36m304[0m 12.926 ms - -[0m
[0mGET /css/inicio.css [36m304[0m 10.168 ms - -[0m
[0mGET /css/datetime/tempusdominus-bootstrap-4.min.css [36m304[0m 13.654 ms - -[0m
[0mGET /css/sidebar/style.css [36m304[0m 17.469 ms - -[0m
[0mGET /css/reports.css [36m304[0m 4.906 ms - -[0m
[0mGET /css/production/production.css [36m304[0m 3.309 ms - -[0m
[0mGET /css/keyboard/index.css [36m304[0m 7.291 ms - -[0m
[0mGET /images/deka-1.png [36m304[0m 3.394 ms - -[0m
[0mGET /images/logo.png [36m304[0m 3.529 ms - -[0m
[0mGET /images/process/report2.png [33m404[0m 5.350 ms - 101[0m
[0mGET /images/alertnc.png [36m304[0m 5.411 ms - -[0m
[0mGET /images/process/team2.png [33m404[0m 8.441 ms - 101[0m
[0mGET /js/bootstrap/jquery/popper.min.js [36m304[0m 11.717 ms - -[0m
[0mGET /js/jquery/jquery-3.3.1.min.js [36m304[0m 13.284 ms - -[0m
[0mGET /js/calendar/lib/moment.min.js [33m404[0m 16.515 ms - 101[0m
[0mGET /js/bootstrap/bootstrap.min.js [36m304[0m 26.321 ms - -[0m
[0mGET /images/Q90.jpg [36m304[0m 14.161 ms - -[0m
[0mGET /js/calendar/lib/locale/es.js [33m404[0m 14.771 ms - 101[0m
[0mGET /js/calendar/lib/locale/ja.js [33m404[0m 7.233 ms - 101[0m
[0mGET /js/datatables/dataTables.min.js [36m304[0m 6.919 ms - -[0m
[0mGET /js/datatables/dataTables.responsive.min.js [36m304[0m 6.721 ms - -[0m
[0mGET /js/datetime/tempusdominus-bootstrap-4.min.js [36m304[0m 5.086 ms - -[0m
[0mGET /js/datatables/pdfmake/vfs_fonts.js [36m304[0m 4.389 ms - -[0m
[0mGET /js/datatables/jszip/jszip.min.js [36m304[0m 7.886 ms - -[0m
[0mGET /js/datatables/buttons/buttons.html5.min.js [36m304[0m 5.761 ms - -[0m
[0mGET /js/jquery/jquery.form.min.js [36m304[0m 5.498 ms - -[0m
[0mGET /js/validation/bootstrap-notify.min.js [36m304[0m 6.300 ms - -[0m
[0mGET /js/production/cropme.js [33m404[0m 8.606 ms - 101[0m
[0mGET /images//Q90.jpg [36m304[0m 2.457 ms - -[0m
[0mGET /js/production/production.js [36m304[0m 4.155 ms - -[0m
[0mGET /js/datatables/languaje/Spanish.json [36m304[0m 3.032 ms - -[0m
[0mGET /tables/reports?&_=1710442524779 [32m200[0m 7.873 ms - 1572[0m
[ { name: 'Admin' } ]
[0mGET /config/archivos?lang=es [32m200[0m 42.138 ms - 21[0m
[0mGET /inicio?lang=es [36m304[0m 180.053 ms - -[0m
[0mGET /css/datatables/dataTables.css [36m304[0m 15.178 ms - -[0m
[0mGET /css/datatables/responsive.dataTables.min.css [36m304[0m 15.026 ms - -[0m
[0mGET /css/bootstrap/bootstrap.min.css [36m304[0m 16.024 ms - -[0m
[0mGET /css/sidebar/style.css [36m304[0m 15.387 ms - -[0m
[0mGET /css/datetime/tempusdominus-bootstrap-4.min.css [36m304[0m 12.575 ms - -[0m
[0mGET /css/inicio.css [36m304[0m 12.875 ms - -[0m
[0mGET /css/reports.css [36m304[0m 5.572 ms - -[0m
[0mGET /css/keyboard/index.css [36m304[0m 4.839 ms - -[0m
[0mGET /css/production/production.css [36m304[0m 5.854 ms - -[0m
[0mGET /images/deka-1.png [36m304[0m 5.259 ms - -[0m
[0mGET /images/logo.png [36m304[0m 5.376 ms - -[0m
[0mGET /images/alertnc.png [36m304[0m 15.018 ms - -[0m
[0mGET /images/process/report2.png [33m404[0m 15.092 ms - 101[0m
[0mGET /images/process/team2.png [33m404[0m 17.836 ms - 101[0m
[0mGET /js/jquery/jquery-3.3.1.min.js [36m304[0m 17.481 ms - -[0m
[0mGET /js/bootstrap/bootstrap.min.js [36m304[0m 17.026 ms - -[0m
[0mGET /js/bootstrap/jquery/popper.min.js [36m304[0m 17.308 ms - -[0m
[0mGET /images/Q90.jpg [36m304[0m 8.325 ms - -[0m
[0mGET /js/calendar/lib/moment.min.js [33m404[0m 12.164 ms - 101[0m
[0mGET /js/calendar/lib/locale/es.js [33m404[0m 12.860 ms - 101[0m
[0mGET /js/calendar/lib/locale/ja.js [33m404[0m 12.538 ms - 101[0m
[0mGET /js/datatables/dataTables.min.js [36m304[0m 2.024 ms - -[0m
[0mGET /js/datatables/dataTables.responsive.min.js [36m304[0m 3.182 ms - -[0m
[0mGET /js/datatables/jszip/jszip.min.js [36m304[0m 10.167 ms - -[0m
[0mGET /js/datetime/tempusdominus-bootstrap-4.min.js [36m304[0m 7.620 ms - -[0m
[0mGET /js/datatables/pdfmake/vfs_fonts.js [36m304[0m 7.350 ms - -[0m
[0mGET /js/datatables/buttons/buttons.html5.min.js [36m304[0m 4.876 ms - -[0m
[0mGET /js/production/cropme.js [33m404[0m 7.802 ms - 101[0m
[0mGET /js/validation/bootstrap-notify.min.js [36m304[0m 8.249 ms - -[0m
[0mGET /js/jquery/jquery.form.min.js [36m304[0m 5.653 ms - -[0m
[0mGET /js/production/production.js [36m304[0m 6.004 ms - -[0m
[0mGET /images//Q90.jpg [36m304[0m 6.651 ms - -[0m
[0mGET /js/datatables/languaje/Spanish.json [36m304[0m 5.586 ms - -[0m
[0mGET /tables/reports?&_=1710442529082 [32m200[0m 7.023 ms - 1572[0m
[0mGET /inicio?lang=es [36m304[0m 148.639 ms - -[0m
[0mGET /css/datatables/dataTables.css [36m304[0m 25.708 ms - -[0m
[0mGET /css/datatables/responsive.dataTables.min.css [36m304[0m 23.639 ms - -[0m
[0mGET /css/bootstrap/bootstrap.min.css [36m304[0m 25.376 ms - -[0m
[0mGET /css/sidebar/style.css [36m304[0m 24.675 ms - -[0m
[0mGET /css/datetime/tempusdominus-bootstrap-4.min.css [36m304[0m 23.967 ms - -[0m
[0mGET /css/inicio.css [36m304[0m 23.322 ms - -[0m
[0mGET /css/reports.css [36m304[0m 4.473 ms - -[0m
[0mGET /css/keyboard/index.css [36m304[0m 3.735 ms - -[0m
[0mGET /css/production/production.css [36m304[0m 7.140 ms - -[0m
[0mGET /images/deka-1.png [36m304[0m 7.899 ms - -[0m
[0mGET /images/logo.png [36m304[0m 3.236 ms - -[0m
[0mGET /images/alertnc.png [36m304[0m 14.914 ms - -[0m
[0mGET /images/process/report2.png [33m404[0m 18.558 ms - 101[0m
[0mGET /js/jquery/jquery-3.3.1.min.js [36m304[0m 14.982 ms - -[0m
[0mGET /images/process/team2.png [33m404[0m 17.436 ms - 101[0m
[0mGET /js/bootstrap/jquery/popper.min.js [36m304[0m 16.912 ms - -[0m
[0mGET /js/bootstrap/bootstrap.min.js [36m304[0m 16.837 ms - -[0m
[0mGET /images/Q90.jpg [36m304[0m 2.084 ms - -[0m
[0mGET /js/calendar/lib/moment.min.js [33m404[0m 4.161 ms - 101[0m
[0mGET /js/calendar/lib/locale/es.js [33m404[0m 8.260 ms - 101[0m
[0mGET /js/calendar/lib/locale/ja.js [33m404[0m 11.484 ms - 101[0m
[0mGET /js/datatables/dataTables.min.js [36m304[0m 10.605 ms - -[0m
[0mGET /js/datatables/dataTables.responsive.min.js [36m304[0m 3.765 ms - -[0m
[0mGET /js/datetime/tempusdominus-bootstrap-4.min.js [36m304[0m 13.310 ms - -[0m
[0mGET /js/datatables/jszip/jszip.min.js [36m304[0m 11.662 ms - -[0m
[0mGET /js/datatables/pdfmake/vfs_fonts.js [36m304[0m 11.964 ms - -[0m
[0mGET /js/datatables/buttons/buttons.html5.min.js [36m304[0m 12.327 ms - -[0m
[0mGET /js/validation/bootstrap-notify.min.js [36m304[0m 8.706 ms - -[0m
[0mGET /js/production/cropme.js [33m404[0m 14.858 ms - 101[0m
[0mGET /js/jquery/jquery.form.min.js [36m304[0m 13.223 ms - -[0m
[0mGET /js/production/production.js [36m304[0m 11.697 ms - -[0m
[0mGET /images//Q90.jpg [36m304[0m 11.804 ms - -[0m
[0mGET /js/datatables/languaje/Spanish.json [36m304[0m 3.766 ms - -[0m
[0mGET /tables/reports?&_=1710442532702 [32m200[0m 7.599 ms - 1572[0m
[ { name: 'Admin' } ]
[0mGET /config/report?lang=es [32m200[0m 9.546 ms - 17[0m
[0mGET /Inicio?lang=es [32m200[0m 147.605 ms - 23956[0m
[0mGET /css/datatables/dataTables.css [36m304[0m 7.644 ms - -[0m
[0mGET /css/datatables/responsive.dataTables.min.css [36m304[0m 7.561 ms - -[0m
[0mGET /css/sidebar/style.css [36m304[0m 8.879 ms - -[0m
[0mGET /css/bootstrap/bootstrap.min.css [36m304[0m 9.717 ms - -[0m
[0mGET /css/datetime/tempusdominus-bootstrap-4.min.css [36m304[0m 8.483 ms - -[0m
[0mGET /css/inicio.css [36m304[0m 8.462 ms - -[0m
[0mGET /css/reports.css [36m304[0m 4.013 ms - -[0m
[0mGET /css/keyboard/index.css [36m304[0m 3.717 ms - -[0m
[0mGET /css/production/production.css [36m304[0m 2.796 ms - -[0m
[0mGET /images/deka-1.png [36m304[0m 4.808 ms - -[0m
[0mGET /images/logo.png [36m304[0m 4.863 ms - -[0m
[0mGET /images/Q90.jpg [36m304[0m 4.883 ms - -[0m
[0mGET /images/alertnc.png [36m304[0m 3.211 ms - -[0m
[0mGET /images/process/report2.png [33m404[0m 5.384 ms - 101[0m
[0mGET /js/jquery/jquery-3.3.1.min.js [36m304[0m 6.333 ms - -[0m
[0mGET /images/process/team2.png [33m404[0m 7.131 ms - 101[0m
[0mGET /js/bootstrap/jquery/popper.min.js [36m304[0m 7.057 ms - -[0m
[0mGET /js/bootstrap/bootstrap.min.js [36m304[0m 6.911 ms - -[0m
[0mGET /js/calendar/lib/moment.min.js [33m404[0m 9.161 ms - 101[0m
[0mGET /js/calendar/lib/locale/es.js [33m404[0m 8.616 ms - 101[0m
[0mGET /js/calendar/lib/locale/ja.js [33m404[0m 10.532 ms - 101[0m
[0mGET /js/datatables/dataTables.min.js [36m304[0m 10.755 ms - -[0m
[0mGET /js/datatables/dataTables.responsive.min.js [36m304[0m 3.652 ms - -[0m
[0mGET /js/datetime/tempusdominus-bootstrap-4.min.js [36m304[0m 3.806 ms - -[0m
[0mGET /js/datatables/jszip/jszip.min.js [36m304[0m 14.030 ms - -[0m
[0mGET /js/datatables/pdfmake/vfs_fonts.js [36m304[0m 12.427 ms - -[0m
[0mGET /js/validation/bootstrap-notify.min.js [36m304[0m 11.863 ms - -[0m
[0mGET /js/datatables/buttons/buttons.html5.min.js [36m304[0m 13.281 ms - -[0m
[0mGET /js/production/cropme.js [33m404[0m 13.769 ms - 101[0m
[0mGET /js/jquery/jquery.form.min.js [36m304[0m 13.891 ms - -[0m
[0mGET /js/production/production.js [36m304[0m 3.137 ms - -[0m
[0mGET /images//Q90.jpg [36m304[0m 2.670 ms - -[0m
[0mGET /js/datatables/languaje/Spanish.json [36m304[0m 5.380 ms - -[0m
[0mGET /tables/reports?&_=1710442541122 [32m200[0m 7.543 ms - 1572[0m
[ { name: 'Admin' } ]
[0mGET /config/users?lang=es [32m200[0m 57.214 ms - 6663[0m
[0mGET /css/production/operators.css [32m200[0m 18.054 ms - 226[0m
[0mGET /js/users/users.js [32m200[0m 20.136 ms - 17411[0m
[0mGET /images/add2.jpg [32m200[0m 9.373 ms - 36300[0m
[0mGET /js/datatables/languaje/Spanish.json [36m304[0m 4.399 ms - -[0m
[0mGET /tables/users?&_=1710442541123 [32m200[0m 8.083 ms - 222[0m
[0mGET /Inicio?lang=es [36m304[0m 165.443 ms - -[0m
[0mGET /css/datatables/dataTables.css [36m304[0m 14.519 ms - -[0m
[0mGET /css/datatables/responsive.dataTables.min.css [36m304[0m 13.930 ms - -[0m
[0mGET /css/bootstrap/bootstrap.min.css [36m304[0m 15.950 ms - -[0m
[0mGET /css/sidebar/style.css [36m304[0m 15.424 ms - -[0m
[0mGET /css/datetime/tempusdominus-bootstrap-4.min.css [36m304[0m 12.639 ms - -[0m
[0mGET /css/inicio.css [36m304[0m 12.701 ms - -[0m
[0mGET /css/reports.css [36m304[0m 4.888 ms - -[0m
[0mGET /css/keyboard/index.css [36m304[0m 8.898 ms - -[0m
[0mGET /css/production/production.css [36m304[0m 9.139 ms - -[0m
[0mGET /images/logo.png [36m304[0m 6.669 ms - -[0m
[0mGET /images/deka-1.png [36m304[0m 7.178 ms - -[0m
[0mGET /images/alertnc.png [36m304[0m 7.228 ms - -[0m
[0mGET /images/process/report2.png [33m404[0m 13.157 ms - 101[0m
[0mGET /images/process/team2.png [33m404[0m 15.680 ms - 101[0m
[0mGET /js/jquery/jquery-3.3.1.min.js [36m304[0m 16.796 ms - -[0m
[0mGET /js/bootstrap/jquery/popper.min.js [36m304[0m 15.949 ms - -[0m
[0mGET /js/bootstrap/bootstrap.min.js [36m304[0m 16.901 ms - -[0m
[0mGET /images/Q90.jpg [36m304[0m 5.995 ms - -[0m
[0mGET /js/calendar/lib/moment.min.js [33m404[0m 11.534 ms - 101[0m
[0mGET /js/calendar/lib/locale/es.js [33m404[0m 12.359 ms - 101[0m
[0mGET /js/calendar/lib/locale/ja.js [33m404[0m 13.456 ms - 101[0m
[0mGET /js/datatables/dataTables.min.js [36m304[0m 14.250 ms - -[0m
[0mGET /js/datatables/dataTables.responsive.min.js [36m304[0m 4.783 ms - -[0m
[0mGET /js/datetime/tempusdominus-bootstrap-4.min.js [36m304[0m 10.988 ms - -[0m
[0mGET /js/datatables/jszip/jszip.min.js [36m304[0m 11.371 ms - -[0m
[0mGET /js/datatables/pdfmake/vfs_fonts.js [36m304[0m 11.493 ms - -[0m
[0mGET /js/datatables/buttons/buttons.html5.min.js [36m304[0m 9.681 ms - -[0m
[0mGET /js/validation/bootstrap-notify.min.js [36m304[0m 10.518 ms - -[0m
[0mGET /js/production/cropme.js [33m404[0m 11.696 ms - 101[0m
[0mGET /js/jquery/jquery.form.min.js [36m304[0m 13.065 ms - -[0m
[0mGET /js/production/production.js [36m304[0m 12.773 ms - -[0m
[0mGET /images//Q90.jpg [36m304[0m 13.081 ms - -[0m
[0mGET /js/datatables/languaje/Spanish.json [36m304[0m 5.589 ms - -[0m
[0mGET /tables/reports?&_=1710442545100 [32m200[0m 10.788 ms - 1572[0m
[0mGET /Inicio?lang=es [36m304[0m 156.739 ms - -[0m
[0mGET /css/datatables/dataTables.css [36m304[0m 19.211 ms - -[0m
[0mGET /css/datatables/responsive.dataTables.min.css [36m304[0m 18.330 ms - -[0m
[0mGET /css/bootstrap/bootstrap.min.css [36m304[0m 20.755 ms - -[0m
[0mGET /css/sidebar/style.css [36m304[0m 20.204 ms - -[0m
[0mGET /css/datetime/tempusdominus-bootstrap-4.min.css [36m304[0m 20.760 ms - -[0m
[0mGET /css/inicio.css [36m304[0m 20.141 ms - -[0m
[0mGET /css/reports.css [36m304[0m 3.816 ms - -[0m
[0mGET /css/keyboard/index.css [36m304[0m 4.078 ms - -[0m
[0mGET /css/production/production.css [36m304[0m 2.058 ms - -[0m
[0mGET /images/deka-1.png [36m304[0m 4.371 ms - -[0m
[0mGET /images/logo.png [36m304[0m 3.871 ms - -[0m
[0mGET /images/alertnc.png [36m304[0m 17.825 ms - -[0m
[0mGET /images/process/report2.png [33m404[0m 17.877 ms - 101[0m
[0mGET /images/process/team2.png [33m404[0m 20.491 ms - 101[0m
[0mGET /js/jquery/jquery-3.3.1.min.js [36m304[0m 19.971 ms - -[0m
[0mGET /js/bootstrap/jquery/popper.min.js [36m304[0m 19.403 ms - -[0m
[0mGET /js/bootstrap/bootstrap.min.js [36m304[0m 19.654 ms - -[0m
[0mGET /images/Q90.jpg [36m304[0m 3.634 ms - -[0m
[0mGET /js/calendar/lib/moment.min.js [33m404[0m 13.198 ms - 101[0m
[0mGET /js/calendar/lib/locale/es.js [33m404[0m 14.795 ms - 101[0m
[0mGET /js/calendar/lib/locale/ja.js [33m404[0m 16.480 ms - 101[0m
[0mGET /js/datatables/dataTables.min.js [36m304[0m 7.924 ms - -[0m
[0mGET /js/datatables/dataTables.responsive.min.js [36m304[0m 8.097 ms - -[0m
[0mGET /js/datetime/tempusdominus-bootstrap-4.min.js [36m304[0m 8.037 ms - -[0m
[0mGET /js/datatables/jszip/jszip.min.js [36m304[0m 8.039 ms - -[0m
[0mGET /js/datatables/pdfmake/vfs_fonts.js [36m304[0m 4.335 ms - -[0m
[0mGET /js/datatables/buttons/buttons.html5.min.js [36m304[0m 4.637 ms - -[0m
[0mGET /js/validation/bootstrap-notify.min.js [36m304[0m 4.641 ms - -[0m
[0mGET /js/production/cropme.js [33m404[0m 13.761 ms - 101[0m
[0mGET /js/jquery/jquery.form.min.js [36m304[0m 13.223 ms - -[0m
[0mGET /images//Q90.jpg [36m304[0m 12.630 ms - -[0m
[0mGET /js/production/production.js [36m304[0m 13.280 ms - -[0m
[0mGET /js/datatables/languaje/Spanish.json [36m304[0m 5.439 ms - -[0m
[0mGET /tables/reports?&_=1710442547210 [32m200[0m 7.061 ms - 1572[0m
[ { name: 'Admin' } ]
[0mGET /config/users?lang=es [36m304[0m 65.274 ms - -[0m
[0mGET /images/add2.jpg [36m304[0m 7.299 ms - -[0m
[0mGET /css/production/operators.css [36m304[0m 7.437 ms - -[0m
[0mGET /js/users/users.js [36m304[0m 7.007 ms - -[0m
[0mGET /js/datatables/languaje/Spanish.json [36m304[0m 3.509 ms - -[0m
[0mGET /tables/users?&_=1710442547211 [32m200[0m 5.121 ms - 222[0m
[ { name: 'Admin' } ]
[0mGET /config/report?lang=es [36m304[0m 11.744 ms - -[0m
[ { name: 'Admin' } ]
[0mGET /config/archivos?lang=es [36m304[0m 9.926 ms - -[0m
[0mGET /Inicio?lang=es [36m304[0m 136.621 ms - -[0m
[0mGET /css/datatables/responsive.dataTables.min.css [36m304[0m 13.998 ms - -[0m
[0mGET /css/datatables/dataTables.css [36m304[0m 13.176 ms - -[0m
[0mGET /css/bootstrap/bootstrap.min.css [36m304[0m 12.554 ms - -[0m
[0mGET /css/sidebar/style.css [36m304[0m 13.409 ms - -[0m
[0mGET /css/datetime/tempusdominus-bootstrap-4.min.css [36m304[0m 12.692 ms - -[0m
[0mGET /css/inicio.css [36m304[0m 9.796 ms - -[0m
[0mGET /css/reports.css [36m304[0m 5.190 ms - -[0m
[0mGET /css/keyboard/index.css [36m304[0m 5.985 ms - -[0m
[0mGET /css/production/production.css [36m304[0m 5.788 ms - -[0m
[0mGET /images/deka-1.png [36m304[0m 5.146 ms - -[0m
[0mGET /images/logo.png [36m304[0m 5.243 ms - -[0m
[0mGET /images/alertnc.png [36m304[0m 14.260 ms - -[0m
[0mGET /images/process/report2.png [33m404[0m 16.483 ms - 101[0m
[0mGET /images/process/team2.png [33m404[0m 19.164 ms - 101[0m
[0mGET /js/jquery/jquery-3.3.1.min.js [36m304[0m 18.662 ms - -[0m
[0mGET /js/bootstrap/jquery/popper.min.js [36m304[0m 15.865 ms - -[0m
[0mGET /js/bootstrap/bootstrap.min.js [36m304[0m 15.882 ms - -[0m
[0mGET /images/Q90.jpg [36m304[0m 10.701 ms - -[0m
[0mGET /js/calendar/lib/moment.min.js [33m404[0m 9.642 ms - 101[0m
[0mGET /js/calendar/lib/locale/es.js [33m404[0m 11.919 ms - 101[0m
[0mGET /js/calendar/lib/locale/ja.js [33m404[0m 4.999 ms - 101[0m
[0mGET /js/datatables/dataTables.min.js [36m304[0m 4.816 ms - -[0m
[0mGET /js/datatables/dataTables.responsive.min.js [36m304[0m 6.449 ms - -[0m
[0mGET /js/datetime/tempusdominus-bootstrap-4.min.js [36m304[0m 5.857 ms - -[0m
[0mGET /js/datatables/jszip/jszip.min.js [36m304[0m 4.869 ms - -[0m
[0mGET /js/datatables/pdfmake/vfs_fonts.js [36m304[0m 8.768 ms - -[0m
[0mGET /js/datatables/buttons/buttons.html5.min.js [36m304[0m 7.003 ms - -[0m
[0mGET /js/validation/bootstrap-notify.min.js [36m304[0m 5.464 ms - -[0m
[0mGET /js/production/cropme.js [33m404[0m 5.500 ms - 101[0m
[0mGET /js/jquery/jquery.form.min.js [36m304[0m 4.449 ms - -[0m
[0mGET /js/production/production.js [36m304[0m 4.544 ms - -[0m
[0mGET /images//Q90.jpg [36m304[0m 4.289 ms - -[0m
[0mGET /js/datatables/languaje/Spanish.json [36m304[0m 5.358 ms - -[0m
[0mGET /tables/reports?&_=1710442551965 [32m200[0m 6.778 ms - 1572[0m
[0mGET /Inicio?lang=es [36m304[0m 126.148 ms - -[0m
[0mGET /css/datatables/dataTables.css [36m304[0m 6.420 ms - -[0m
[0mGET /css/datatables/responsive.dataTables.min.css [36m304[0m 5.505 ms - -[0m
[0mGET /css/bootstrap/bootstrap.min.css [36m304[0m 13.708 ms - -[0m
[0mGET /css/sidebar/style.css [36m304[0m 14.679 ms - -[0m
[0mGET /css/datetime/tempusdominus-bootstrap-4.min.css [36m304[0m 13.751 ms - -[0m
[0mGET /css/inicio.css [36m304[0m 14.810 ms - -[0m
[0mGET /css/reports.css [36m304[0m 10.947 ms - -[0m
[0mGET /css/keyboard/index.css [36m304[0m 10.999 ms - -[0m
[0mGET /css/production/production.css [36m304[0m 7.134 ms - -[0m
[0mGET /images/deka-1.png [36m304[0m 7.420 ms - -[0m
[0mGET /images/logo.png [36m304[0m 5.219 ms - -[0m
[0mGET /images/alertnc.png [36m304[0m 7.661 ms - -[0m
[0mGET /images/process/report2.png [33m404[0m 11.259 ms - 101[0m
[0mGET /images/process/team2.png [33m404[0m 14.074 ms - 101[0m
[0mGET /js/jquery/jquery-3.3.1.min.js [36m304[0m 13.142 ms - -[0m
[0mGET /js/bootstrap/jquery/popper.min.js [36m304[0m 12.896 ms - -[0m
[0mGET /js/bootstrap/bootstrap.min.js [36m304[0m 13.702 ms - -[0m
[0mGET /images/Q90.jpg [36m304[0m 4.846 ms - -[0m
[0mGET /js/calendar/lib/moment.min.js [33m404[0m 14.485 ms - 101[0m
[0mGET /js/calendar/lib/locale/es.js [33m404[0m 16.478 ms - 101[0m
[0mGET /js/calendar/lib/locale/ja.js [33m404[0m 16.353 ms - 101[0m
[0mGET /js/datatables/dataTables.min.js [36m304[0m 13.176 ms - -[0m
[0mGET /js/datatables/dataTables.responsive.min.js [36m304[0m 8.787 ms - -[0m
[0mGET /js/datatables/jszip/jszip.min.js [36m304[0m 9.870 ms - -[0m
[0mGET /js/datetime/tempusdominus-bootstrap-4.min.js [36m304[0m 11.624 ms - -[0m
[0mGET /js/datatables/pdfmake/vfs_fonts.js [36m304[0m 9.672 ms - -[0m
[0mGET /js/datatables/buttons/buttons.html5.min.js [36m304[0m 11.534 ms - -[0m
[0mGET /js/validation/bootstrap-notify.min.js [36m304[0m 13.244 ms - -[0m
[0mGET /js/production/cropme.js [33m404[0m 13.209 ms - 101[0m
[0mGET /js/jquery/jquery.form.min.js [36m304[0m 14.351 ms - -[0m
[0mGET /images//Q90.jpg [36m304[0m 13.769 ms - -[0m
[0mGET /js/production/production.js [36m304[0m 13.679 ms - -[0m
[0mGET /js/datatables/languaje/Spanish.json [36m304[0m 4.516 ms - -[0m
[0mGET /tables/reports?&_=1710442558828 [32m200[0m 3.549 ms - 1572[0m
[ { name: 'Admin' } ]
[0mGET /config/users?lang=es [36m304[0m 46.141 ms - -[0m
[0mGET /images/add2.jpg [36m304[0m 9.585 ms - -[0m
[0mGET /css/production/operators.css [36m304[0m 7.603 ms - -[0m
[0mGET /js/users/users.js [36m304[0m 3.799 ms - -[0m
[0mGET /js/datatables/languaje/Spanish.json [36m304[0m 4.579 ms - -[0m
[0mGET /tables/users?&_=1710442558829 [32m200[0m 6.240 ms - 222[0m
[0mGET /Inicio?lang=es [36m304[0m 154.381 ms - -[0m
[0mGET /css/datatables/dataTables.css [36m304[0m 13.167 ms - -[0m
[0mGET /css/bootstrap/bootstrap.min.css [36m304[0m 14.279 ms - -[0m
[0mGET /css/datatables/responsive.dataTables.min.css [36m304[0m 13.207 ms - -[0m
[0mGET /css/sidebar/style.css [36m304[0m 16.297 ms - -[0m
[0mGET /css/datetime/tempusdominus-bootstrap-4.min.css [36m304[0m 15.598 ms - -[0m
[0mGET /css/inicio.css [36m304[0m 14.320 ms - -[0m
[0mGET /css/reports.css [36m304[0m 4.685 ms - -[0m
[0mGET /css/keyboard/index.css [36m304[0m 6.261 ms - -[0m
[0mGET /css/production/production.css [36m304[0m 6.444 ms - -[0m
[0mGET /images/logo.png [36m304[0m 2.214 ms - -[0m
[0mGET /images/deka-1.png [36m304[0m 5.032 ms - -[0m
[0mGET /images/process/report2.png [33m404[0m 15.942 ms - 101[0m
[0mGET /images/alertnc.png [36m304[0m 17.684 ms - -[0m
[0mGET /images/process/team2.png [33m404[0m 19.917 ms - 101[0m
[0mGET /js/jquery/jquery-3.3.1.min.js [36m304[0m 19.888 ms - -[0m
[0mGET /js/bootstrap/jquery/popper.min.js [36m304[0m 19.682 ms - -[0m
[0mGET /js/bootstrap/bootstrap.min.js [36m304[0m 20.367 ms - -[0m
[0mGET /js/calendar/lib/moment.min.js [33m404[0m 4.460 ms - 101[0m
[0mGET /js/calendar/lib/locale/ja.js [33m404[0m 10.378 ms - 101[0m
[0mGET /js/calendar/lib/locale/es.js [33m404[0m 15.653 ms - 101[0m
[0mGET /js/datatables/dataTables.min.js [36m304[0m 15.597 ms - -[0m
[0mGET /images/Q90.jpg [36m304[0m 5.555 ms - -[0m
[0mGET /js/datatables/dataTables.responsive.min.js [36m304[0m 7.422 ms - -[0m
[0mGET /js/datetime/tempusdominus-bootstrap-4.min.js [36m304[0m 6.638 ms - -[0m
[0mGET /js/datatables/jszip/jszip.min.js [36m304[0m 6.666 ms - -[0m
[0mGET /js/datatables/pdfmake/vfs_fonts.js [36m304[0m 5.700 ms - -[0m
[0mGET /js/datatables/buttons/buttons.html5.min.js [36m304[0m 5.475 ms - -[0m
[0mGET /js/validation/bootstrap-notify.min.js [36m304[0m 11.756 ms - -[0m
[0mGET /js/production/cropme.js [33m404[0m 11.320 ms - 101[0m
[0mGET /js/jquery/jquery.form.min.js [36m304[0m 12.676 ms - -[0m
[0mGET /js/production/production.js [36m304[0m 7.150 ms - -[0m
[0mGET /images//Q90.jpg [36m304[0m 7.301 ms - -[0m
[0mGET /js/datatables/languaje/Spanish.json [36m304[0m 5.160 ms - -[0m
[0mGET /tables/reports?&_=1710442567461 [32m200[0m 7.359 ms - 1572[0m
[0mGET /Inicio?lang=es [36m304[0m 152.937 ms - -[0m
[0mGET /css/datatables/dataTables.css [36m304[0m 6.862 ms - -[0m
[0mGET /css/datatables/responsive.dataTables.min.css [36m304[0m 8.214 ms - -[0m
[0mGET /css/bootstrap/bootstrap.min.css [36m304[0m 9.268 ms - -[0m
[0mGET /css/sidebar/style.css [36m304[0m 10.985 ms - -[0m
[0mGET /css/datetime/tempusdominus-bootstrap-4.min.css [36m304[0m 10.204 ms - -[0m
[0mGET /css/inicio.css [36m304[0m 10.041 ms - -[0m
[0mGET /css/reports.css [36m304[0m 3.701 ms - -[0m
[0mGET /css/keyboard/index.css [36m304[0m 3.309 ms - -[0m
[0mGET /css/production/production.css [36m304[0m 1.979 ms - -[0m
[0mGET /images/logo.png [36m304[0m 8.856 ms - -[0m
[0mGET /images/deka-1.png [36m304[0m 8.016 ms - -[0m
[0mGET /images/alertnc.png [36m304[0m 9.482 ms - -[0m
[0mGET /images/process/report2.png [33m404[0m 14.660 ms - 101[0m
[0mGET /images/process/team2.png [33m404[0m 21.646 ms - 101[0m
[0mGET /js/jquery/jquery-3.3.1.min.js [36m304[0m 20.344 ms - -[0m
[0mGET /js/bootstrap/jquery/popper.min.js [36m304[0m 21.463 ms - -[0m
[0mGET /js/bootstrap/bootstrap.min.js [36m304[0m 20.569 ms - -[0m
[0mGET /images/Q90.jpg [36m304[0m 4.465 ms - -[0m
[0mGET /js/calendar/lib/moment.min.js [33m404[0m 15.978 ms - 101[0m
[0mGET /js/calendar/lib/locale/es.js [33m404[0m 16.991 ms - 101[0m
[0mGET /js/calendar/lib/locale/ja.js [33m404[0m 18.260 ms - 101[0m
[0mGET /js/datatables/dataTables.min.js [36m304[0m 18.128 ms - -[0m
[0mGET /js/datatables/dataTables.responsive.min.js [36m304[0m 13.975 ms - -[0m
[0mGET /js/datetime/tempusdominus-bootstrap-4.min.js [36m304[0m 3.625 ms - -[0m
[0mGET /js/datatables/jszip/jszip.min.js [36m304[0m 3.100 ms - -[0m
[0mGET /js/datatables/pdfmake/vfs_fonts.js [36m304[0m 2.712 ms - -[0m
[0mGET /js/datatables/buttons/buttons.html5.min.js [36m304[0m 7.241 ms - -[0m
[0mGET /js/validation/bootstrap-notify.min.js [36m304[0m 9.091 ms - -[0m
[0mGET /js/production/cropme.js [33m404[0m 11.810 ms - 101[0m
[0mGET /js/jquery/jquery.form.min.js [36m304[0m 9.701 ms - -[0m
[0mGET /js/production/production.js [36m304[0m 7.868 ms - -[0m
[0mGET /images//Q90.jpg [36m304[0m 7.401 ms - -[0m
[0mGET /js/datatables/languaje/Spanish.json [36m304[0m 5.070 ms - -[0m
[0mGET /tables/reports?&_=1710442781746 [32m200[0m 6.559 ms - 1572[0m
[0mGET /Inicio?lang=es [36m304[0m 369.142 ms - -[0m
[0mGET /css/datatables/dataTables.css [36m304[0m 12.709 ms - -[0m
[0mGET /css/datatables/responsive.dataTables.min.css [36m304[0m 17.812 ms - -[0m
[0mGET /css/bootstrap/bootstrap.min.css [36m304[0m 17.433 ms - -[0m
[0mGET /css/sidebar/style.css [36m304[0m 21.600 ms - -[0m
[0mGET /css/datetime/tempusdominus-bootstrap-4.min.css [36m304[0m 21.343 ms - -[0m
[0mGET /css/inicio.css [36m304[0m 21.029 ms - -[0m
[0mGET /css/keyboard/index.css [36m304[0m 6.835 ms - -[0m
[0mGET /css/production/production.css [36m304[0m 5.757 ms - -[0m
[0mGET /images/deka-1.png [36m304[0m 5.776 ms - -[0m
[0mGET /images/logo.png [36m304[0m 7.531 ms - -[0m
[0mGET /css/reports.css [36m304[0m 13.030 ms - -[0m
[0mGET /images/alertnc.png [36m304[0m 2.228 ms - -[0m
[0mGET /images/process/report2.png [33m404[0m 7.585 ms - 101[0m
[0mGET /images/process/team2.png [33m404[0m 9.374 ms - 101[0m
[0mGET /js/jquery/jquery-3.3.1.min.js [36m304[0m 9.683 ms - -[0m
[0mGET /js/bootstrap/bootstrap.min.js [36m304[0m 8.735 ms - -[0m
[0mGET /js/bootstrap/jquery/popper.min.js [36m304[0m 8.365 ms - -[0m
[0mGET /js/calendar/lib/moment.min.js [33m404[0m 11.212 ms - 101[0m
[0mGET /images/Q90.jpg [36m304[0m 3.076 ms - -[0m
[0mGET /js/calendar/lib/locale/ja.js [33m404[0m 6.275 ms - 101[0m
[0mGET /js/calendar/lib/locale/es.js [33m404[0m 7.724 ms - 101[0m
[0mGET /js/datatables/dataTables.min.js [36m304[0m 4.243 ms - -[0m
[0mGET /js/datatables/dataTables.responsive.min.js [36m304[0m 3.568 ms - -[0m
[0mGET /js/datatables/pdfmake/vfs_fonts.js [36m304[0m 15.266 ms - -[0m
[0mGET /js/datatables/jszip/jszip.min.js [36m304[0m 13.584 ms - -[0m
[0mGET /js/datetime/tempusdominus-bootstrap-4.min.js [36m304[0m 12.884 ms - -[0m
[0mGET /js/datatables/buttons/buttons.html5.min.js [36m304[0m 5.045 ms - -[0m
[0mGET /js/validation/bootstrap-notify.min.js [36m304[0m 16.248 ms - -[0m
[0mGET /js/production/cropme.js [33m404[0m 19.241 ms - 101[0m
[0mGET /js/jquery/jquery.form.min.js [36m304[0m 18.593 ms - -[0m
[0mGET /js/production/production.js [36m304[0m 15.921 ms - -[0m
[0mGET /images//Q90.jpg [36m304[0m 16.788 ms - -[0m
[0mGET /js/datatables/languaje/Spanish.json [36m304[0m 5.661 ms - -[0m
[0mGET /tables/reports?&_=1710442827799 [32m200[0m 4.671 ms - 1572[0m
[0mGET /files/manuales/DOC-PRUEBA.pdf [32m200[0m 11.667 ms - 25714[0m
[0mGET /Inicio?lang=es [36m304[0m 236.212 ms - -[0m
[0mGET /css/datatables/dataTables.css [36m304[0m 6.296 ms - -[0m
[0mGET /css/datatables/responsive.dataTables.min.css [36m304[0m 13.811 ms - -[0m
[0mGET /css/bootstrap/bootstrap.min.css [36m304[0m 17.644 ms - -[0m
[0mGET /css/sidebar/style.css [36m304[0m 16.940 ms - -[0m
[0mGET /css/datetime/tempusdominus-bootstrap-4.min.css [36m304[0m 18.859 ms - -[0m
[0mGET /css/inicio.css [36m304[0m 15.213 ms - -[0m
[0mGET /css/reports.css [36m304[0m 13.027 ms - -[0m
[0mGET /css/keyboard/index.css [36m304[0m 8.020 ms - -[0m
[0mGET /css/production/production.css [36m304[0m 17.796 ms - -[0m
[0mGET /images/deka-1.png [36m304[0m 5.177 ms - -[0m
[0mGET /images/logo.png [36m304[0m 4.739 ms - -[0m
[0mGET /images/alertnc.png [36m304[0m 16.302 ms - -[0m
[0mGET /images/process/report2.png [33m404[0m 17.140 ms - 101[0m
[0mGET /images/process/team2.png [33m404[0m 20.410 ms - 101[0m
[0mGET /js/jquery/jquery-3.3.1.min.js [36m304[0m 19.962 ms - -[0m
[0mGET /js/bootstrap/bootstrap.min.js [36m304[0m 19.420 ms - -[0m
[0mGET /js/bootstrap/jquery/popper.min.js [36m304[0m 20.304 ms - -[0m
[0mGET /images/Q90.jpg [36m304[0m 7.755 ms - -[0m
[0mGET /js/calendar/lib/moment.min.js [33m404[0m 16.440 ms - 101[0m
[0mGET /js/calendar/lib/locale/es.js [33m404[0m 16.728 ms - 101[0m
[0mGET /js/calendar/lib/locale/ja.js [33m404[0m 18.478 ms - 101[0m
[0mGET /js/datatables/dataTables.min.js [36m304[0m 2.664 ms - -[0m
[0mGET /js/datatables/dataTables.responsive.min.js [36m304[0m 4.733 ms - -[0m
[0mGET /js/datetime/tempusdominus-bootstrap-4.min.js [36m304[0m 3.937 ms - -[0m
[0mGET /js/datatables/jszip/jszip.min.js [36m304[0m 4.654 ms - -[0m
[0mGET /js/datatables/pdfmake/vfs_fonts.js [36m304[0m 4.830 ms - -[0m
[0mGET /js/datatables/buttons/buttons.html5.min.js [36m304[0m 3.954 ms - -[0m
[0mGET /js/validation/bootstrap-notify.min.js [36m304[0m 4.799 ms - -[0m
[0mGET /js/jquery/jquery.form.min.js [36m304[0m 14.998 ms - -[0m
[0mGET /js/production/cropme.js [33m404[0m 16.757 ms - 101[0m
[0mGET /js/production/production.js [36m304[0m 14.336 ms - -[0m
[0mGET /images//Q90.jpg [36m304[0m 14.396 ms - -[0m
[0mGET /js/datatables/languaje/Spanish.json [36m304[0m 8.810 ms - -[0m
[0mGET /tables/reports?&_=1710442948320 [32m200[0m 8.353 ms - 1572[0m
[0mGET /Inicio?lang=es [36m304[0m 182.953 ms - -[0m
[0mGET /css/datatables/dataTables.css [36m304[0m 11.542 ms - -[0m
[0mGET /css/datatables/responsive.dataTables.min.css [36m304[0m 11.950 ms - -[0m
[0mGET /css/bootstrap/bootstrap.min.css [36m304[0m 12.390 ms - -[0m
[0mGET /css/sidebar/style.css [36m304[0m 11.650 ms - -[0m
[0mGET /css/datetime/tempusdominus-bootstrap-4.min.css [36m304[0m 12.686 ms - -[0m
[0mGET /css/inicio.css [36m304[0m 11.903 ms - -[0m
[0mGET /css/reports.css [36m304[0m 4.791 ms - -[0m
[0mGET /css/keyboard/index.css [36m304[0m 5.585 ms - -[0m
[0mGET /css/production/production.css [36m304[0m 4.937 ms - -[0m
[0mGET /images/deka-1.png [36m304[0m 8.818 ms - -[0m
[0mGET /images/logo.png [36m304[0m 17.726 ms - -[0m
[0mGET /images/alertnc.png [36m304[0m 8.560 ms - -[0m
[0mGET /images/process/report2.png [33m404[0m 13.238 ms - 101[0m
[0mGET /images/process/team2.png [33m404[0m 15.336 ms - 101[0m
[0mGET /js/jquery/jquery-3.3.1.min.js [36m304[0m 17.720 ms - -[0m
[0mGET /js/bootstrap/jquery/popper.min.js [36m304[0m 17.597 ms - -[0m
[0mGET /images/Q90.jpg [36m304[0m 2.741 ms - -[0m
[0mGET /js/bootstrap/bootstrap.min.js [36m304[0m 13.519 ms - -[0m
[0mGET /js/calendar/lib/moment.min.js [33m404[0m 11.267 ms - 101[0m
[0mGET /js/calendar/lib/locale/es.js [33m404[0m 13.548 ms - 101[0m
[0mGET /js/calendar/lib/locale/ja.js [33m404[0m 14.619 ms - 101[0m
[0mGET /js/datatables/dataTables.min.js [36m304[0m 5.306 ms - -[0m
[0mGET /js/datatables/dataTables.responsive.min.js [36m304[0m 9.291 ms - -[0m
[0mGET /js/datetime/tempusdominus-bootstrap-4.min.js [36m304[0m 11.029 ms - -[0m
[0mGET /js/datatables/jszip/jszip.min.js [36m304[0m 10.989 ms - -[0m
[0mGET /js/datatables/pdfmake/vfs_fonts.js [36m304[0m 11.847 ms - -[0m
[0mGET /js/datatables/buttons/buttons.html5.min.js [36m304[0m 13.593 ms - -[0m
[0mGET /js/validation/bootstrap-notify.min.js [36m304[0m 10.201 ms - -[0m
[0mGET /js/production/cropme.js [33m404[0m 13.565 ms - 101[0m
[0mGET /js/jquery/jquery.form.min.js [36m304[0m 7.010 ms - -[0m
[0mGET /js/production/production.js [36m304[0m 9.881 ms - -[0m
[0mGET /images//Q90.jpg [36m304[0m 9.527 ms - -[0m
[0mGET /js/datatables/languaje/Spanish.json [36m304[0m 6.779 ms - -[0m
[0mGET /tables/reports?&_=1710442980796 [32m200[0m 9.997 ms - 1572[0m
[0mGET /css/datatables/dataTables.css [36m304[0m 31.187 ms - -[0m
[0mGET /css/datatables/responsive.dataTables.min.css [36m304[0m 31.764 ms - -[0m
[0mGET /css/datetime/tempusdominus-bootstrap-4.min.css [36m304[0m 27.913 ms - -[0m
[0mGET /css/bootstrap/bootstrap.min.css [36m304[0m 28.688 ms - -[0m
[0mGET /css/inicio.css [36m304[0m 28.059 ms - -[0m
[0mGET /css/sidebar/style.css [36m304[0m 28.580 ms - -[0m
[0mGET /css/reports.css [36m304[0m 5.710 ms - -[0m
[0mGET /css/keyboard/index.css [36m304[0m 5.806 ms - -[0m
[0mGET /css/production/production.css [36m304[0m 6.132 ms - -[0m
[0mGET /js/bootstrap/jquery/popper.min.js.map [33m404[0m 13.705 ms - 101[0m
[0mGET /js/bootstrap/bootstrap.min.js.map [33m404[0m 15.181 ms - 101[0m
[0mGET /css/bootstrap/bootstrap.min.css.map [33m404[0m 13.855 ms - 101[0m
[0mGET /css/keyboard/index.css.map [33m404[0m 16.568 ms - 101[0m
[0mGET /Inicio?lang=es [36m304[0m 216.866 ms - -[0m
[0mGET /css/datatables/dataTables.css [36m304[0m 13.662 ms - -[0m
[0mGET /css/datatables/responsive.dataTables.min.css [36m304[0m 16.324 ms - -[0m
[0mGET /css/bootstrap/bootstrap.min.css [36m304[0m 15.869 ms - -[0m
[0mGET /css/sidebar/style.css [36m304[0m 21.228 ms - -[0m
[0mGET /css/datetime/tempusdominus-bootstrap-4.min.css [36m304[0m 20.624 ms - -[0m
[0mGET /css/inicio.css [36m304[0m 17.210 ms - -[0m
[0mGET /css/reports.css [36m304[0m 6.985 ms - -[0m
[0mGET /css/keyboard/index.css [36m304[0m 4.959 ms - -[0m
[0mGET /css/production/production.css [36m304[0m 4.761 ms - -[0m
[0mGET /images/deka-1.png [36m304[0m 8.706 ms - -[0m
[0mGET /images/logo.png [36m304[0m 7.354 ms - -[0m
[0mGET /css/bootstrap/bootstrap.min.css.map [33m404[0m 11.607 ms - 101[0m
[0mGET /css/keyboard/index.css.map [33m404[0m 16.344 ms - 101[0m
[0mGET /images/alertnc.png [36m304[0m 9.304 ms - -[0m
[0mGET /images/process/report2.png [33m404[0m 13.144 ms - 101[0m
[0mGET /images/process/team2.png [33m404[0m 10.421 ms - 101[0m
[0mGET /js/jquery/jquery-3.3.1.min.js [36m304[0m 10.275 ms - -[0m
[0mGET /images/Q90-LOGO.JPG [36m304[0m 2.906 ms - -[0m
[0mGET /js/bootstrap/jquery/popper.min.js [36m304[0m 2.929 ms - -[0m
[0mGET /js/bootstrap/bootstrap.min.js [36m304[0m 3.165 ms - -[0m
[0mGET /js/calendar/lib/moment.min.js [33m404[0m 8.771 ms - 101[0m
[0mGET /js/calendar/lib/locale/es.js [33m404[0m 10.510 ms - 101[0m
[0mGET /js/calendar/lib/locale/ja.js [33m404[0m 15.220 ms - 101[0m
[0mGET /js/datatables/dataTables.min.js [36m304[0m 15.576 ms - -[0m
[0mGET /js/datatables/dataTables.responsive.min.js [36m304[0m 14.386 ms - -[0m
[0mGET /js/datetime/tempusdominus-bootstrap-4.min.js [36m304[0m 12.652 ms - -[0m
[0mGET /js/bootstrap/jquery/popper.min.js.map [33m404[0m 8.080 ms - 101[0m
[0mGET /js/bootstrap/bootstrap.min.js.map [33m404[0m 11.013 ms - 101[0m
[0mGET /js/datatables/pdfmake/vfs_fonts.js [36m304[0m 14.090 ms - -[0m
[0mGET /js/datatables/jszip/jszip.min.js [36m304[0m 15.997 ms - -[0m
[0mGET /js/datatables/buttons/buttons.html5.min.js [36m304[0m 5.348 ms - -[0m
[0mGET /js/validation/bootstrap-notify.min.js [36m304[0m 9.489 ms - -[0m
[0mGET /js/production/cropme.js [33m404[0m 10.872 ms - 101[0m
[0mGET /js/jquery/jquery.form.min.js [36m304[0m 2.678 ms - -[0m
[0mGET /js/production/production.js [36m304[0m 2.907 ms - -[0m
[0mGET /images//Q90.jpg [36m304[0m 2.648 ms - -[0m
[0mGET /images/Q90.jpg [36m304[0m 2.935 ms - -[0m
[0mGET /js/datatables/languaje/Spanish.json [36m304[0m 6.127 ms - -[0m
[0mGET /css/datatables/DataTables-1.10.18/images/sort_both.png [36m304[0m 5.998 ms - -[0m
[0mGET /tables/reports?&_=1710444154287 [32m200[0m 11.631 ms - 1572[0m
[0mGET /css/datatables/DataTables-1.10.18/images/sort_asc.png [36m304[0m 8.929 ms - -[0m
[0mGET /Inicio?lang=es [36m304[0m 201.746 ms - -[0m
[0mGET /css/datatables/dataTables.css [36m304[0m 17.539 ms - -[0m
[0mGET /css/datatables/responsive.dataTables.min.css [36m304[0m 25.002 ms - -[0m
[0mGET /css/bootstrap/bootstrap.min.css [36m304[0m 25.545 ms - -[0m
[0mGET /css/sidebar/style.css [36m304[0m 23.677 ms - -[0m
[0mGET /css/inicio.css [36m304[0m 23.105 ms - -[0m
[0mGET /css/datetime/tempusdominus-bootstrap-4.min.css [36m304[0m 20.732 ms - -[0m
[0mGET /css/reports.css [36m304[0m 2.119 ms - -[0m
[0mGET /css/keyboard/index.css [36m304[0m 6.966 ms - -[0m
[0mGET /css/production/production.css [36m304[0m 5.853 ms - -[0m
[0mGET /images/deka-1.png [36m304[0m 7.137 ms - -[0m
[0mGET /images/logo.png [36m304[0m 5.368 ms - -[0m
[0mGET /css/bootstrap/bootstrap.min.css.map [33m404[0m 8.833 ms - 101[0m
[0mGET /css/keyboard/index.css.map [33m404[0m 8.615 ms - 101[0m
[0mGET /images/alertnc.png [36m304[0m 18.010 ms - -[0m
[0mGET /images/process/report2.png [33m404[0m 18.153 ms - 101[0m
[0mGET /images/process/team2.png [33m404[0m 19.235 ms - 101[0m
[0mGET /js/jquery/jquery-3.3.1.min.js [36m304[0m 19.959 ms - -[0m
[0mGET /js/bootstrap/jquery/popper.min.js [36m304[0m 20.467 ms - -[0m
[0mGET /js/bootstrap/bootstrap.min.js [36m304[0m 5.107 ms - -[0m
[0mGET /js/calendar/lib/moment.min.js [33m404[0m 9.654 ms - 101[0m
[0mGET /js/calendar/lib/locale/es.js [33m404[0m 12.030 ms - 101[0m
[0mGET /js/calendar/lib/locale/ja.js [33m404[0m 11.476 ms - 101[0m
[0mGET /js/datatables/dataTables.min.js [36m304[0m 11.687 ms - -[0m
[0mGET /js/datatables/dataTables.responsive.min.js [36m304[0m 4.451 ms - -[0m
[0mGET /js/datetime/tempusdominus-bootstrap-4.min.js [36m304[0m 3.253 ms - -[0m
[0mGET /js/datatables/pdfmake/vfs_fonts.js [36m304[0m 8.897 ms - -[0m
[0mGET /js/datatables/jszip/jszip.min.js [36m304[0m 9.015 ms - -[0m
[0mGET /js/datatables/buttons/buttons.html5.min.js [36m304[0m 15.349 ms - -[0m
[0mGET /js/validation/bootstrap-notify.min.js [36m304[0m 15.555 ms - -[0m
[0mGET /js/production/cropme.js [33m404[0m 11.979 ms - 101[0m
[0mGET /js/jquery/jquery.form.min.js [36m304[0m 13.006 ms - -[0m
[0mGET /js/production/production.js [36m304[0m 11.667 ms - -[0m
[0mGET /images//Q90.jpg [36m304[0m 12.170 ms - -[0m
[0mGET /images/Q90.jpg [36m304[0m 7.676 ms - -[0m
[0mGET /images/Q90-LOGO.JPG [36m304[0m 7.430 ms - -[0m
[0mGET /js/bootstrap/jquery/popper.min.js.map [33m404[0m 11.304 ms - 101[0m
[0mGET /js/bootstrap/bootstrap.min.js.map [33m404[0m 12.608 ms - 101[0m
[0mGET /js/datatables/languaje/Spanish.json [36m304[0m 3.884 ms - -[0m
[0mGET /css/datatables/DataTables-1.10.18/images/sort_both.png [36m304[0m 5.968 ms - -[0m
[0mGET /css/datatables/DataTables-1.10.18/images/sort_asc.png [36m304[0m 6.827 ms - -[0m
[0mGET /tables/reports?&_=1710444579251 [32m200[0m 10.026 ms - 1572[0m
[0mGET /Inicio?lang=es [36m304[0m 205.479 ms - -[0m
[0mGET /css/datatables/dataTables.css [36m304[0m 7.267 ms - -[0m
[0mGET /css/datatables/responsive.dataTables.min.css [36m304[0m 12.673 ms - -[0m
[0mGET /css/bootstrap/bootstrap.min.css [36m304[0m 13.344 ms - -[0m
[0mGET /css/sidebar/style.css [36m304[0m 24.227 ms - -[0m
[0mGET /css/inicio.css [36m304[0m 21.739 ms - -[0m
[0mGET /css/reports.css [36m304[0m 22.585 ms - -[0m
[0mGET /css/datetime/tempusdominus-bootstrap-4.min.css [36m304[0m 23.691 ms - -[0m
[0mGET /css/production/production.css [36m304[0m 9.757 ms - -[0m
[0mGET /css/keyboard/index.css [36m304[0m 9.301 ms - -[0m
[0mGET /images/deka-1.png [36m304[0m 7.945 ms - -[0m
[0mGET /images/logo.png [36m304[0m 7.694 ms - -[0m
[0mGET /css/bootstrap/bootstrap.min.css.map [33m404[0m 21.803 ms - 101[0m
[0mGET /css/keyboard/index.css.map [33m404[0m 23.535 ms - 101[0m
[0mGET /images/alertnc.png [36m304[0m 23.054 ms - -[0m
[0mGET /images/process/report2.png [33m404[0m 25.162 ms - 101[0m
[0mGET /images/process/team2.png [33m404[0m 14.476 ms - 101[0m
[0mGET /js/jquery/jquery-3.3.1.min.js [36m304[0m 6.085 ms - -[0m
[0mGET /js/bootstrap/jquery/popper.min.js [36m304[0m 5.424 ms - -[0m
[0mGET /js/bootstrap/bootstrap.min.js [36m304[0m 5.082 ms - -[0m
[0mGET /js/calendar/lib/moment.min.js [33m404[0m 4.399 ms - 101[0m
[0mGET /js/calendar/lib/locale/es.js [33m404[0m 14.977 ms - 101[0m
[0mGET /js/calendar/lib/locale/ja.js [33m404[0m 17.646 ms - 101[0m
[0mGET /js/datatables/dataTables.min.js [36m304[0m 17.080 ms - -[0m
[0mGET /js/datatables/dataTables.responsive.min.js [36m304[0m 16.041 ms - -[0m
[0mGET /js/datetime/tempusdominus-bootstrap-4.min.js [36m304[0m 5.318 ms - -[0m
[0mGET /js/datatables/jszip/jszip.min.js [36m304[0m 10.822 ms - -[0m
[0mGET /js/datatables/pdfmake/vfs_fonts.js [36m304[0m 11.689 ms - -[0m
[0mGET /js/datatables/buttons/buttons.html5.min.js [36m304[0m 10.233 ms - -[0m
[0mGET /js/validation/bootstrap-notify.min.js [36m304[0m 9.639 ms - -[0m
[0mGET /js/bootstrap/jquery/popper.min.js.map [33m404[0m 7.739 ms - 101[0m
[0mGET /js/bootstrap/bootstrap.min.js.map [33m404[0m 9.362 ms - 101[0m
[0mGET /js/production/cropme.js [33m404[0m 9.869 ms - 101[0m
[0mGET /js/jquery/jquery.form.min.js [36m304[0m 8.681 ms - -[0m
[0mGET /js/production/production.js [36m304[0m 9.850 ms - -[0m
[0mGET /images//Q90.jpg [36m304[0m 9.399 ms - -[0m
[0mGET /images/Q90.jpg [36m304[0m 8.201 ms - -[0m
[0mGET /images/Q90-LOGO.JPG [36m304[0m 6.843 ms - -[0m
[0mGET /js/datatables/languaje/Spanish.json [36m304[0m 5.577 ms - -[0m
[0mGET /css/datatables/DataTables-1.10.18/images/sort_both.png [36m304[0m 4.664 ms - -[0m
[0mGET /tables/reports?&_=1710445702119 [32m200[0m 9.531 ms - 1572[0m
[0mGET /css/datatables/DataTables-1.10.18/images/sort_asc.png [36m304[0m 8.233 ms - -[0m
[0mGET /files/manuales/DOC-PRUEBA.pdf [36m304[0m 8.754 ms - -[0m
[0mGET /Inicio?lang=es [36m304[0m 202.193 ms - -[0m
[0mGET /css/datatables/dataTables.css [36m304[0m 18.635 ms - -[0m
[0mGET /css/datatables/responsive.dataTables.min.css [36m304[0m 26.120 ms - -[0m
[0mGET /css/bootstrap/bootstrap.min.css [36m304[0m 25.322 ms - -[0m
[0mGET /css/sidebar/style.css [36m304[0m 26.738 ms - -[0m
[0mGET /css/datetime/tempusdominus-bootstrap-4.min.css [36m304[0m 26.052 ms - -[0m
[0mGET /css/inicio.css [36m304[0m 26.427 ms - -[0m
[0mGET /css/reports.css [36m304[0m 10.610 ms - -[0m
[0mGET /css/keyboard/index.css [36m304[0m 5.763 ms - -[0m
[0mGET /css/production/production.css [36m304[0m 5.391 ms - -[0m
[0mGET /images/deka-1.png [36m304[0m 5.699 ms - -[0m
[0mGET /images/logo.png [36m304[0m 4.069 ms - -[0m
[0mGET /images/alertnc.png [36m304[0m 13.783 ms - -[0m
[0mGET /images/process/report2.png [33m404[0m 16.343 ms - 101[0m
[0mGET /images/process/team2.png [33m404[0m 18.993 ms - 101[0m
[0mGET /js/jquery/jquery-3.3.1.min.js [36m304[0m 18.487 ms - -[0m
[0mGET /js/bootstrap/jquery/popper.min.js [36m304[0m 15.333 ms - -[0m
[0mGET /js/bootstrap/bootstrap.min.js [36m304[0m 16.022 ms - -[0m
[0mGET /css/keyboard/index.css.map [33m404[0m 6.102 ms - 101[0m
[0mGET /css/bootstrap/bootstrap.min.css.map [33m404[0m 9.076 ms - 101[0m
[0mGET /js/calendar/lib/moment.min.js [33m404[0m 6.028 ms - 101[0m
[0mGET /js/calendar/lib/locale/es.js [33m404[0m 6.799 ms - 101[0m
[0mGET /js/calendar/lib/locale/ja.js [33m404[0m 10.042 ms - 101[0m
[0mGET /js/datatables/dataTables.min.js [36m304[0m 9.374 ms - -[0m
[0mGET /js/datatables/dataTables.responsive.min.js [36m304[0m 3.226 ms - -[0m
[0mGET /js/datetime/tempusdominus-bootstrap-4.min.js [36m304[0m 5.082 ms - -[0m
[0mGET /js/datatables/jszip/jszip.min.js [36m304[0m 5.151 ms - -[0m
[0mGET /js/datatables/pdfmake/vfs_fonts.js [36m304[0m 15.813 ms - -[0m
[0mGET /js/datatables/buttons/buttons.html5.min.js [36m304[0m 14.105 ms - -[0m
[0mGET /js/validation/bootstrap-notify.min.js [36m304[0m 13.196 ms - -[0m
[0mGET /js/production/cropme.js [33m404[0m 14.978 ms - 101[0m
[0mGET /js/jquery/jquery.form.min.js [36m304[0m 5.293 ms - -[0m
[0mGET /images//Q90.jpg [36m304[0m 11.572 ms - -[0m
[0mGET /js/production/production.js [36m304[0m 10.447 ms - -[0m
[0mGET /images/Q90.jpg [36m304[0m 9.966 ms - -[0m
[0mGET /images/Q90-LOGO.JPG [36m304[0m 10.344 ms - -[0m
[0mGET /js/bootstrap/jquery/popper.min.js.map [33m404[0m 10.980 ms - 101[0m
[0mGET /js/bootstrap/bootstrap.min.js.map [33m404[0m 10.808 ms - 101[0m
[0mGET /js/datatables/languaje/Spanish.json [36m304[0m 6.469 ms - -[0m
[0mGET /css/datatables/DataTables-1.10.18/images/sort_both.png [36m304[0m 5.650 ms - -[0m
[0mGET /css/datatables/DataTables-1.10.18/images/sort_asc.png [36m304[0m 7.340 ms - -[0m
[0mGET /tables/reports?&_=1710446011512 [32m200[0m 11.208 ms - 1572[0m
[ { name: 'Admin' } ]
[0mGET /config/archivos?lang=es [36m304[0m 14.854 ms - -[0m
[0mGET /Inicio?lang=es [36m304[0m 206.283 ms - -[0m
[0mGET /css/datatables/dataTables.css [36m304[0m 12.170 ms - -[0m
[0mGET /css/datatables/responsive.dataTables.min.css [36m304[0m 15.622 ms - -[0m
[0mGET /css/bootstrap/bootstrap.min.css [36m304[0m 15.978 ms - -[0m
[0mGET /css/sidebar/style.css [36m304[0m 15.454 ms - -[0m
[0mGET /css/datetime/tempusdominus-bootstrap-4.min.css [36m304[0m 12.833 ms - -[0m
[0mGET /css/inicio.css [36m304[0m 13.973 ms - -[0m
[0mGET /css/keyboard/index.css [36m304[0m 12.511 ms - -[0m
[0mGET /css/reports.css [36m304[0m 11.022 ms - -[0m
[0mGET /css/production/production.css [36m304[0m 9.456 ms - -[0m
[0mGET /css/bootstrap/bootstrap.min.css.map [33m404[0m 11.935 ms - 101[0m
[0mGET /images/deka-1.png [36m304[0m 8.887 ms - -[0m
[0mGET /images/logo.png [36m304[0m 7.335 ms - -[0m
[0mGET /css/keyboard/index.css.map [33m404[0m 6.694 ms - 101[0m
[0mGET /images/process/report2.png [33m404[0m 12.627 ms - 101[0m
[0mGET /images/alertnc.png [36m304[0m 13.568 ms - -[0m
[0mGET /images/process/team2.png [33m404[0m 14.996 ms - 101[0m
[0mGET /js/jquery/jquery-3.3.1.min.js [36m304[0m 16.701 ms - -[0m
[0mGET /js/bootstrap/jquery/popper.min.js [36m304[0m 15.202 ms - -[0m
[0mGET /images/Q90-LOGO.JPG [36m304[0m 3.322 ms - -[0m
[0mGET /js/bootstrap/bootstrap.min.js [36m304[0m 2.684 ms - -[0m
[0mGET /js/calendar/lib/moment.min.js [33m404[0m 5.259 ms - 101[0m
[0mGET /js/calendar/lib/locale/es.js [33m404[0m 6.467 ms - 101[0m
[0mGET /js/calendar/lib/locale/ja.js [33m404[0m 4.050 ms - 101[0m
[0mGET /js/datatables/dataTables.min.js [36m304[0m 3.561 ms - -[0m
[0mGET /js/bootstrap/jquery/popper.min.js.map [33m404[0m 13.133 ms - 101[0m
[0mGET /js/datatables/dataTables.responsive.min.js [36m304[0m 12.919 ms - -[0m
[0mGET /js/bootstrap/bootstrap.min.js.map [33m404[0m 13.703 ms - 101[0m
[0mGET /js/datatables/jszip/jszip.min.js [36m304[0m 6.950 ms - -[0m
[0mGET /js/datetime/tempusdominus-bootstrap-4.min.js [36m304[0m 7.769 ms - -[0m
[0mGET /js/datatables/pdfmake/vfs_fonts.js [36m304[0m 6.897 ms - -[0m
[0mGET /js/datatables/buttons/buttons.html5.min.js [36m304[0m 3.137 ms - -[0m
[0mGET /js/validation/bootstrap-notify.min.js [36m304[0m 3.283 ms - -[0m
[0mGET /js/production/cropme.js [33m404[0m 16.556 ms - 101[0m
[0mGET /js/jquery/jquery.form.min.js [36m304[0m 11.779 ms - -[0m
[0mGET /js/production/production.js [36m304[0m 8.995 ms - -[0m
[0mGET /images//Q90.jpg [36m304[0m 4.460 ms - -[0m
[0mGET /images/Q90.jpg [36m304[0m 3.140 ms - -[0m
[0mGET /js/datatables/languaje/Spanish.json [36m304[0m 5.599 ms - -[0m
[0mGET /css/datatables/DataTables-1.10.18/images/sort_both.png [36m304[0m 6.132 ms - -[0m
[0mGET /css/datatables/DataTables-1.10.18/images/sort_asc.png [36m304[0m 7.257 ms - -[0m
[0mGET /tables/reports?&_=1710449118102 [32m200[0m 12.073 ms - 1572[0m
[ { name: 'Admin' } ]
[0mGET /config/archivos?lang=es [36m304[0m 11.489 ms - -[0m
[ { name: 'Admin' } ]
[0mGET /config/report?lang=es [36m304[0m 10.708 ms - -[0m
[ { name: 'Admin' } ]
[0mGET /config/users?lang=es [36m304[0m 60.774 ms - -[0m
[0mGET /css/production/operators.css [36m304[0m 3.692 ms - -[0m
[0mGET /js/users/users.js [36m304[0m 3.736 ms - -[0m
[0mGET /images/add2.jpg [36m304[0m 7.546 ms - -[0m
[0mGET /js/datatables/languaje/Spanish.json [36m304[0m 4.871 ms - -[0m
[0mGET /tables/users?&_=1710449118103 [32m200[0m 7.345 ms - 222[0m
[0mGET /Inicio?lang=es [36m304[0m 156.703 ms - -[0m
[0mGET /css/datatables/dataTables.css [36m304[0m 13.900 ms - -[0m
[0mGET /css/datatables/responsive.dataTables.min.css [36m304[0m 13.431 ms - -[0m
[0mGET /css/bootstrap/bootstrap.min.css [36m304[0m 12.681 ms - -[0m
[0mGET /css/sidebar/style.css [36m304[0m 12.746 ms - -[0m
[0mGET /css/datetime/tempusdominus-bootstrap-4.min.css [36m304[0m 9.385 ms - -[0m
[0mGET /css/inicio.css [36m304[0m 9.636 ms - -[0m
[0mGET /css/reports.css [36m304[0m 4.259 ms - -[0m
[0mGET /css/keyboard/index.css [36m304[0m 4.358 ms - -[0m
[0mGET /css/production/production.css [36m304[0m 4.495 ms - -[0m
[0mGET /images/deka-1.png [36m304[0m 10.491 ms - -[0m
[0mGET /images/logo.png [36m304[0m 9.372 ms - -[0m
[0mGET /images/process/report2.png [33m404[0m 9.018 ms - 101[0m
[0mGET /images/alertnc.png [36m304[0m 8.916 ms - -[0m
[0mGET /images/process/team2.png [33m404[0m 10.402 ms - 101[0m
[0mGET /css/keyboard/index.css.map [33m404[0m 13.297 ms - 101[0m
[0mGET /css/bootstrap/bootstrap.min.css.map [33m404[0m 14.460 ms - 101[0m
[0mGET /js/jquery/jquery-3.3.1.min.js [36m304[0m 6.859 ms - -[0m
[0mGET /js/bootstrap/jquery/popper.min.js [36m304[0m 7.050 ms - -[0m
[0mGET /images/Q90-LOGO.JPG [36m304[0m 6.160 ms - -[0m
[0mGET /js/bootstrap/bootstrap.min.js [36m304[0m 5.169 ms - -[0m
[0mGET /js/calendar/lib/moment.min.js [33m404[0m 6.139 ms - 101[0m
[0mGET /js/calendar/lib/locale/es.js [33m404[0m 6.865 ms - 101[0m
[0mGET /js/calendar/lib/locale/ja.js [33m404[0m 4.059 ms - 101[0m
[0mGET /js/datatables/dataTables.min.js [36m304[0m 2.929 ms - -[0m
[0mGET /js/datatables/dataTables.responsive.min.js [36m304[0m 6.666 ms - -[0m
[0mGET /js/bootstrap/jquery/popper.min.js.map [33m404[0m 7.693 ms - 101[0m
[0mGET /js/datetime/tempusdominus-bootstrap-4.min.js [36m304[0m 2.498 ms - -[0m
[0mGET /js/datatables/jszip/jszip.min.js [36m304[0m 2.191 ms - -[0m
[0mGET /js/datatables/pdfmake/vfs_fonts.js [36m304[0m 2.603 ms - -[0m
[0mGET /js/datatables/buttons/buttons.html5.min.js [36m304[0m 2.857 ms - -[0m
[0mGET /js/validation/bootstrap-notify.min.js [36m304[0m 1.976 ms - -[0m
[0mGET /js/production/cropme.js [33m404[0m 6.682 ms - 101[0m
[0mGET /js/jquery/jquery.form.min.js [36m304[0m 6.411 ms - -[0m
[0mGET /js/production/production.js [36m304[0m 7.090 ms - -[0m
[0mGET /images//Q90.jpg [36m304[0m 5.350 ms - -[0m
[0mGET /images/Q90.jpg [36m304[0m 1.986 ms - -[0m
[0mGET /js/bootstrap/bootstrap.min.js.map [33m404[0m 10.487 ms - 101[0m
[0mGET /js/datatables/languaje/Spanish.json [36m304[0m 5.011 ms - -[0m
[0mGET /css/datatables/DataTables-1.10.18/images/sort_both.png [36m304[0m 5.946 ms - -[0m
[0mGET /tables/reports?&_=1710449131017 [32m200[0m 8.113 ms - 1572[0m
[0mGET /css/datatables/DataTables-1.10.18/images/sort_asc.png [36m304[0m 3.601 ms - -[0m
[ { name: 'Admin' } ]
[0mGET /config/users?lang=es [36m304[0m 69.749 ms - -[0m
[0mGET /css/production/operators.css [36m304[0m 8.163 ms - -[0m
[0mGET /js/users/users.js [36m304[0m 7.502 ms - -[0m
[0mGET /images/add2.jpg [36m304[0m 4.712 ms - -[0m
[0mGET /js/datatables/languaje/Spanish.json [36m304[0m 4.606 ms - -[0m
[0mGET /tables/users?&_=1710449131018 [32m200[0m 7.649 ms - 222[0m
[0mGET /favicon.ico [33m404[0m 70.496 ms - 101[0m
[0mGET / [32m200[0m 1025.816 ms - 3214[0m
[0mGET /js/loginn/login.js [32m200[0m 11.308 ms - 93[0m
[0mGET /css/login/font-awesome.min.css [32m200[0m 21.994 ms - 17783[0m
[0mGET /images/deka-1.png [32m200[0m 17.419 ms - 17026[0m
[0mGET /css/login/style.css [32m200[0m 19.527 ms - 3965[0m
[0mGET /css/login/styleLogin.css [32m200[0m 23.590 ms - 6668[0m
[0mGET /css/bootstrap/bootstrap.min.css [32m200[0m 19.479 ms - 153182[0m
[0mGET /js/notify.min.js [33m404[0m 16.822 ms - 101[0m
[0mGET /js/loginn/reenviarAacceso.js [32m200[0m 21.720 ms - 1075[0m
[0mGET /images/Q90.jpg [32m200[0m 6.576 ms - 2037217[0m
[0mGET /favicon.ico [33m404[0m 13.546 ms - 101[0m
[ '10926', 'NH37j44b' ]
[0mPOST /login [36m302[0m 153.587 ms - 46[0m
[0mGET / [32m200[0m 90.228 ms - 3321[0m
[0mGET /css/login/font-awesome.min.css [36m304[0m 11.318 ms - -[0m
[0mGET /images/deka-1.png [36m304[0m 9.313 ms - -[0m
[0mGET /css/login/style.css [36m304[0m 8.282 ms - -[0m
[0mGET /css/bootstrap/bootstrap.min.css [36m304[0m 7.328 ms - -[0m
[0mGET /css/login/styleLogin.css [36m304[0m 6.455 ms - -[0m
[0mGET /js/loginn/login.js [36m304[0m 6.771 ms - -[0m
[0mGET /js/loginn/reenviarAacceso.js [36m304[0m 10.279 ms - -[0m
[0mGET /js/notify.min.js [33m404[0m 8.547 ms - 101[0m
[0mGET /images/Q90.jpg [36m304[0m 1.409 ms - -[0m
[ '1', '1' ]
[0mPOST /login [36m302[0m 18.656 ms - 74[0m
[0mGET /inicio?lang=es [32m200[0m 479.980 ms - 23956[0m
[0mGET /css/datatables/dataTables.css [32m200[0m 35.558 ms - 22646[0m
[0mGET /css/datatables/responsive.dataTables.min.css [32m200[0m 38.466 ms - 3929[0m
[0mGET /css/bootstrap/bootstrap.min.css [36m304[0m 38.625 ms - -[0m
[0mGET /css/sidebar/style.css [32m200[0m 37.155 ms - 2990[0m
[0mGET /css/datetime/tempusdominus-bootstrap-4.min.css [32m200[0m 36.531 ms - 9151[0m
[0mGET /css/inicio.css [32m200[0m 38.296 ms - 9731[0m
[0mGET /css/reports.css [32m200[0m 10.692 ms - 3453[0m
[0mGET /css/production/production.css [32m200[0m 7.576 ms - 3925[0m
[0mGET /css/keyboard/index.css [32m200[0m 15.756 ms - 2355[0m
[0mGET /images/deka-1.png [36m304[0m 10.780 ms - -[0m
[0mGET /images/Q90.jpg [36m304[0m 10.481 ms - -[0m
[0mGET /images/logo.png [32m200[0m 14.937 ms - 13613[0m
[0mGET /images/process/report2.png [33m404[0m 13.243 ms - 101[0m
[0mGET /images/alertnc.png [32m200[0m 20.962 ms - 22023[0m
[0mGET /images/process/team2.png [33m404[0m 16.552 ms - 101[0m
[0mGET /js/jquery/jquery-3.3.1.min.js [32m200[0m 19.444 ms - 86927[0m
[0mGET /js/bootstrap/jquery/popper.min.js [32m200[0m 17.801 ms - 20973[0m
[0mGET /js/bootstrap/bootstrap.min.js [32m200[0m 16.670 ms - 55775[0m
[0mGET /js/calendar/lib/moment.min.js [33m404[0m 13.169 ms - 101[0m
[0mGET /js/calendar/lib/locale/es.js [33m404[0m 5.156 ms - 101[0m
[0mGET /js/calendar/lib/locale/ja.js [33m404[0m 6.541 ms - 101[0m
[0mGET /js/datatables/dataTables.responsive.min.js [32m200[0m 6.511 ms - 13031[0m
[0mGET /js/datetime/tempusdominus-bootstrap-4.min.js [32m200[0m 18.818 ms - 55795[0m
[0mGET /js/datatables/jszip/jszip.min.js [32m200[0m 36.265 ms - 102328[0m
[0mGET /js/datatables/buttons/buttons.html5.min.js [32m200[0m 9.323 ms - 24764[0m
[0mGET /js/validation/bootstrap-notify.min.js [32m200[0m 12.485 ms - 8976[0m
[0mGET /js/datatables/pdfmake/vfs_fonts.js [32m200[0m 16.714 ms - 926228[0m
[0mGET /js/datatables/dataTables.min.js [32m200[0m 20.301 ms - 129610[0m
[0mGET /js/production/cropme.js [33m404[0m 13.352 ms - 101[0m
[0mGET /js/jquery/jquery.form.min.js [32m200[0m 13.283 ms - 14900[0m
[0mGET /js/production/production.js [32m200[0m 8.311 ms - 10557[0m
[0mGET /js/datatables/languaje/Spanish.json [32m200[0m 12.746 ms - 884[0m
[0mGET /images/Q90-LOGO.JPG [32m200[0m 6.207 ms - 2037217[0m
[0mGET /css/datatables/DataTables-1.10.18/images/sort_both.png [32m200[0m 11.279 ms - 201[0m
[0mGET /css/datatables/DataTables-1.10.18/images/sort_asc.png [32m200[0m 10.717 ms - 160[0m
[0mGET /tables/reports?&_=1714069050740 [32m200[0m 22.408 ms - 1572[0m
[0mGET /images//Q90.jpg [32m200[0m 8.792 ms - 2037217[0m
[0mGET /inicio?lang=es [36m304[0m 255.291 ms - -[0m
[0mGET /css/datatables/dataTables.css [36m304[0m 4.020 ms - -[0m
[0mGET /css/datatables/responsive.dataTables.min.css [36m304[0m 5.603 ms - -[0m
[0mGET /css/bootstrap/bootstrap.min.css [36m304[0m 9.683 ms - -[0m
[0mGET /css/sidebar/style.css [36m304[0m 11.172 ms - -[0m
[0mGET /css/inicio.css [36m304[0m 10.920 ms - -[0m
[0mGET /css/datetime/tempusdominus-bootstrap-4.min.css [36m304[0m 10.739 ms - -[0m
[0mGET /css/reports.css [36m304[0m 12.030 ms - -[0m
[0mGET /css/keyboard/index.css [36m304[0m 10.036 ms - -[0m
[0mGET /css/production/production.css [36m304[0m 4.444 ms - -[0m
[0mGET /images/deka-1.png [36m304[0m 11.639 ms - -[0m
[0mGET /images/logo.png [36m304[0m 10.880 ms - -[0m
[0mGET /images/alertnc.png [36m304[0m 18.144 ms - -[0m
[0mGET /images/process/report2.png [33m404[0m 20.922 ms - 101[0m
[0mGET /images/process/team2.png [33m404[0m 22.852 ms - 101[0m
[0mGET /js/jquery/jquery-3.3.1.min.js [36m304[0m 24.344 ms - -[0m
[0mGET /js/bootstrap/jquery/popper.min.js [36m304[0m 22.029 ms - -[0m
[0mGET /js/bootstrap/bootstrap.min.js [36m304[0m 21.938 ms - -[0m
[0mGET /images/Q90-LOGO.JPG [36m304[0m 6.048 ms - -[0m
[0mGET /images/Q90.jpg [36m304[0m 5.237 ms - -[0m
[0mGET /js/calendar/lib/locale/es.js [33m404[0m 6.174 ms - 101[0m
[0mGET /js/calendar/lib/moment.min.js [33m404[0m 7.426 ms - 101[0m
[0mGET /js/calendar/lib/locale/ja.js [33m404[0m 6.200 ms - 101[0m
[0mGET /js/datatables/dataTables.min.js [36m304[0m 4.920 ms - -[0m
[0mGET /js/datatables/dataTables.responsive.min.js [36m304[0m 5.256 ms - -[0m
[0mGET /js/datetime/tempusdominus-bootstrap-4.min.js [36m304[0m 5.377 ms - -[0m
[0mGET /js/datatables/jszip/jszip.min.js [36m304[0m 5.419 ms - -[0m
[0mGET /js/datatables/pdfmake/vfs_fonts.js [36m304[0m 10.944 ms - -[0m
[0mGET /js/datatables/buttons/buttons.html5.min.js [36m304[0m 9.163 ms - -[0m
[0mGET /js/validation/bootstrap-notify.min.js [36m304[0m 9.627 ms - -[0m
[0mGET /js/production/cropme.js [33m404[0m 12.275 ms - 101[0m
[0mGET /js/jquery/jquery.form.min.js [36m304[0m 12.500 ms - -[0m
[0mGET /js/production/production.js [36m304[0m 4.234 ms - -[0m
[0mGET /images//Q90.jpg [36m304[0m 7.143 ms - -[0m
[0mGET /js/datatables/languaje/Spanish.json [36m304[0m 6.463 ms - -[0m
[0mGET /css/datatables/DataTables-1.10.18/images/sort_both.png [36m304[0m 8.200 ms - -[0m
[0mGET /tables/reports?&_=1714069080840 [32m200[0m 7.089 ms - 1572[0m
[0mGET /css/datatables/DataTables-1.10.18/images/sort_asc.png [36m304[0m 9.785 ms - -[0m
[ { name: 'Admin' } ]
[0mGET /config/report?lang=es [32m200[0m 22.927 ms - 17[0m
[ { name: 'Admin' } ]
[0mGET /config/archivos?lang=es [32m200[0m 10.164 ms - 21[0m
[ { name: 'Admin' } ]
[0mGET /config/users?lang=es [32m200[0m 65.470 ms - 6663[0m
[0mGET /css/production/operators.css [32m200[0m 13.600 ms - 226[0m
[0mGET /js/users/users.js [32m200[0m 19.903 ms - 17411[0m
[0mGET /images/add2.jpg [32m200[0m 8.606 ms - 36300[0m
[0mGET /js/datatables/languaje/Spanish.json [36m304[0m 5.171 ms - -[0m
[0mGET /tables/users?&_=1714069080841 [32m200[0m 9.324 ms - 222[0m
[0mGET /inicio?lang=es [36m304[0m 166.378 ms - -[0m
[0mGET /css/datatables/dataTables.css [36m304[0m 4.576 ms - -[0m
[0mGET /css/datatables/responsive.dataTables.min.css [36m304[0m 3.654 ms - -[0m
[0mGET /css/sidebar/style.css [36m304[0m 9.310 ms - -[0m
[0mGET /css/inicio.css [36m304[0m 8.029 ms - -[0m
[0mGET /css/bootstrap/bootstrap.min.css [36m304[0m 8.838 ms - -[0m
[0mGET /css/datetime/tempusdominus-bootstrap-4.min.css [36m304[0m 11.562 ms - -[0m
[0mGET /css/reports.css [36m304[0m 8.724 ms - -[0m
[0mGET /css/keyboard/index.css [36m304[0m 9.183 ms - -[0m
[0mGET /css/production/production.css [36m304[0m 2.031 ms - -[0m
[0mGET /images/deka-1.png [36m304[0m 3.626 ms - -[0m
[0mGET /images/logo.png [36m304[0m 3.022 ms - -[0m
[0mGET /images/process/report2.png [33m404[0m 12.298 ms - 101[0m
[0mGET /images/alertnc.png [36m304[0m 11.633 ms - -[0m
[0mGET /images/process/team2.png [33m404[0m 15.576 ms - 101[0m
[0mGET /js/bootstrap/bootstrap.min.js [36m304[0m 15.536 ms - -[0m
[0mGET /js/jquery/jquery-3.3.1.min.js [36m304[0m 15.385 ms - -[0m
[0mGET /js/bootstrap/jquery/popper.min.js [36m304[0m 16.173 ms - -[0m
[0mGET /images/Q90-LOGO.JPG [36m304[0m 9.056 ms - -[0m
[0mGET /images/Q90.jpg [36m304[0m 15.142 ms - -[0m
[0mGET /js/calendar/lib/moment.min.js [33m404[0m 11.755 ms - 101[0m
[0mGET /js/calendar/lib/locale/es.js [33m404[0m 15.035 ms - 101[0m
[0mGET /js/calendar/lib/locale/ja.js [33m404[0m 3.910 ms - 101[0m
[0mGET /js/datatables/dataTables.min.js [36m304[0m 2.818 ms - -[0m
[0mGET /js/datatables/dataTables.responsive.min.js [36m304[0m 3.145 ms - -[0m
[0mGET /js/datatables/jszip/jszip.min.js [36m304[0m 3.718 ms - -[0m
[0mGET /js/datetime/tempusdominus-bootstrap-4.min.js [36m304[0m 3.839 ms - -[0m
[0mGET /js/datatables/pdfmake/vfs_fonts.js [36m304[0m 3.487 ms - -[0m
[0mGET /js/datatables/buttons/buttons.html5.min.js [36m304[0m 8.419 ms - -[0m
[0mGET /js/validation/bootstrap-notify.min.js [36m304[0m 8.162 ms - -[0m
[0mGET /js/production/cropme.js [33m404[0m 10.050 ms - 101[0m
[0mGET /js/jquery/jquery.form.min.js [36m304[0m 11.185 ms - -[0m
[0mGET /images//Q90.jpg [36m304[0m 13.692 ms - -[0m
[0mGET /js/production/production.js [36m304[0m 16.417 ms - -[0m
[0mGET /js/datatables/languaje/Spanish.json [36m304[0m 5.279 ms - -[0m
[0mGET /css/datatables/DataTables-1.10.18/images/sort_both.png [36m304[0m 3.141 ms - -[0m
[0mGET /tables/reports?&_=1714069089239 [32m200[0m 4.339 ms - 1572[0m
[0mGET /css/datatables/DataTables-1.10.18/images/sort_asc.png [36m304[0m 4.240 ms - -[0m
[0mGET /logout?lang=es [36m302[0m 7.686 ms - 46[0m
[0mGET / [32m200[0m 38.643 ms - 3214[0m
[0mGET /css/bootstrap/bootstrap.min.css [36m304[0m 6.666 ms - -[0m
[0mGET /css/login/font-awesome.min.css [36m304[0m 17.171 ms - -[0m
[0mGET /css/login/styleLogin.css [36m304[0m 16.269 ms - -[0m
[0mGET /css/login/style.css [36m304[0m 15.213 ms - -[0m
[0mGET /js/loginn/login.js [36m304[0m 16.649 ms - -[0m
[0mGET /images/deka-1.png [36m304[0m 12.313 ms - -[0m
[0mGET /js/loginn/reenviarAacceso.js [36m304[0m 9.103 ms - -[0m
[0mGET /js/notify.min.js [33m404[0m 17.116 ms - 101[0m
[0mGET /images/Q90.jpg [36m304[0m 6.077 ms - -[0m
[0mGET / [32m200[0m 174.112 ms - 3214[0m
[0mGET /css/login/font-awesome.min.css [32m200[0m 7.349 ms - 17783[0m
[0mGET /css/login/style.css [32m200[0m 6.910 ms - 3965[0m
[0mGET /css/login/styleLogin.css [32m200[0m 7.952 ms - 6668[0m
[0mGET /js/loginn/login.js [32m200[0m 6.544 ms - 93[0m
[0mGET /images/deka-1.png [32m200[0m 7.480 ms - 17026[0m
[0mGET /css/bootstrap/bootstrap.min.css [32m200[0m 16.451 ms - 153182[0m
[0mGET /js/loginn/reenviarAacceso.js [32m200[0m 2.383 ms - 1075[0m
[0mGET /js/notify.min.js [33m404[0m 14.766 ms - 101[0m
[0mGET /images/Q90.jpg [32m200[0m 2.137 ms - 2037217[0m
[0mGET /favicon.ico [33m404[0m 11.549 ms - 101[0m
